date,ligne,passagers_predits,bus_recommandes,date_generation
2026-07-15,1,390.7,1.0,2026-08-12
2026-07-16,1,331.6,1.0,2026-08-12
2026-07-17,1,302.0,1.0,2026-08-12
2026-07-18,1,109.1,1.0,2026-08-12
2026-07-19,1,16.4,1.0,2026-08-12
2026-07-20,1,196.9,1.0,2026-08-12
2026-07-21,1,19.7,1.0,2026-08-12
2026-07-22,1,10.4,1.0,2026-08-12
2026-07-23,1,9.3,1.0,2026-08-12
2026-07-24,1,6.6,1.0,2026-08-12
2026-07-25,1,-1.9,0.0,2026-08-12
2026-07-26,1,7.0,1.0,2026-08-12
2026-07-27,1,13.4,1.0,2026-08-12
2026-07-28,1,-11.9,0.0,2026-08-12
2026-07-29,1,-15.7,0.0,2026-08-12
2026-07-30,1,-12.9,0.0,2026-08-12
2026-07-31,1,-9.6,0.0,2026-08-12
2026-08-01,1,-17.3,0.0,2026-08-12
2026-08-02,1,-14.5,0.0,2026-08-12
2026-08-03,1,-15.2,0.0,2026-08-12
2026-08-04,1,-20.7,0.0,2026-08-12
2026-08-05,1,-17.5,0.0,2026-08-12
2026-08-06,1,-9.4,0.0,2026-08-12
2026-08-07,1,-4.4,0.0,2026-08-12
2026-08-08,1,-3.5,0.0,2026-08-12
2026-08-09,1,4.4,1.0,2026-08-12
2026-08-10,1,7.1,1.0,2026-08-12
2026-08-11,1,2.7,1.0,2026-08-12
2026-08-12,1,5.3,1.0,2026-08-12
2026-08-13,1,11.5,1.0,2026-08-12
2026-08-14,1,13.5,1.0,2026-08-12
2026-08-15,1,14.3,1.0,2026-08-12
2026-08-16,1,16.7,1.0,2026-08-12
2026-08-17,1,17.2,1.0,2026-08-12
2026-08-18,1,8.6,1.0,2026-08-12
2026-08-19,1,8.2,1.0,2026-08-12
2026-08-20,1,10.6,1.0,2026-08-12
2026-08-21,1,12.3,1.0,2026-08-12
2026-08-22,1,13.5,1.0,2026-08-12
2026-08-23,1,12.4,1.0,2026-08-12
2026-08-24,1,10.5,1.0,2026-08-12
2026-08-25,1,2.8,1.0,2026-08-12
2026-08-26,1,2.9,1.0,2026-08-12
2026-08-27,1,3.3,1.0,2026-08-12
2026-08-28,1,4.6,1.0,2026-08-12
2026-08-29,1,4.5,1.0,2026-08-12
2026-08-30,1,9.9,1.0,2026-08-12
2026-08-31,1,10.7,1.0,2026-08-12
2026-09-01,1,4.8,1.0,2026-08-12
2026-09-02,1,6.4,1.0,2026-08-12
2026-09-03,1,12.7,1.0,2026-08-12
2026-09-04,1,16.8,1.0,2026-08-12
2026-09-05,1,16.9,1.0,2026-08-12
2026-09-06,1,24.8,1.0,2026-08-12
2026-09-07,1,36.6,1.0,2026-08-12
2026-09-08,1,24.4,1.0,2026-08-12
2026-09-09,1,22.9,1.0,2026-08-12
2026-09-10,1,29.1,1.0,2026-08-12
2026-09-11,1,29.4,1.0,2026-08-12
2026-09-12,1,27.9,1.0,2026-08-12
2026-09-13,1,32.5,1.0,2026-08-12
2026-09-14,1,198.6,1.0,2026-08-12
2026-09-15,1,143.1,1.0,2026-08-12
2026-09-16,1,151.7,1.0,2026-08-12
2026-09-17,1,144.2,1.0,2026-08-12
2026-09-18,1,131.7,1.0,2026-08-12
2026-09-19,1,46.2,1.0,2026-08-12
2026-09-20,1,36.9,1.0,2026-08-12
2026-09-21,1,257.7,1.0,2026-08-12
2026-09-22,1,198.4,1.0,2026-08-12
2026-09-23,1,215.7,1.0,2026-08-12
2026-09-24,1,246.2,1.0,2026-08-12
2026-09-25,1,232.5,1.0,2026-08-12
2026-09-26,1,96.7,1.0,2026-08-12
2026-09-27,1,22.6,1.0,2026-08-12
2026-09-28,1,436.6,1.0,2026-08-12
2026-09-29,1,355.3,1.0,2026-08-12
2026-09-30,1,364.4,1.0,2026-08-12
2026-10-01,1,373.4,1.0,2026-08-12
2026-10-02,1,337.9,1.0,2026-08-12
2026-10-03,1,162.9,1.0,2026-08-12
2026-10-04,1,18.5,1.0,2026-08-12
2026-10-05,1,494.6,1.0,2026-08-12
2026-10-06,1,391.4,1.0,2026-08-12
2026-10-07,1,381.8,1.0,2026-08-12
2026-10-08,1,394.2,1.0,2026-08-12
2026-10-09,1,370.6,1.0,2026-08-12
2026-10-10,1,172.4,1.0,2026-08-12
2026-10-11,1,10.1,1.0,2026-08-12
2026-10-12,1,549.5,1.0,2026-08-12
2026-07-15,10,138.7,1.0,2026-08-12
2026-07-16,10,134.8,1.0,2026-08-12
2026-07-17,10,136.0,1.0,2026-08-12
2026-07-18,10,144.9,1.0,2026-08-12
2026-07-19,10,114.9,1.0,2026-08-12
2026-07-20,10,170.1,1.0,2026-08-12
2026-07-21,10,204.6,1.0,2026-08-12
2026-07-22,10,154.8,1.0,2026-08-12
2026-07-23,10,147.9,1.0,2026-08-12
2026-07-24,10,129.0,1.0,2026-08-12
2026-07-25,10,129.0,1.0,2026-08-12
2026-07-26,10,114.9,1.0,2026-08-12
2026-07-27,10,181.8,1.0,2026-08-12
2026-07-28,10,212.2,1.0,2026-08-12
2026-07-29,10,159.0,1.0,2026-08-12
2026-07-30,10,151.9,1.0,2026-08-12
2026-07-31,10,130.4,1.0,2026-08-12
2026-08-01,10,138.1,1.0,2026-08-12
2026-08-02,10,120.6,1.0,2026-08-12
2026-08-03,10,200.4,1.0,2026-08-12
2026-08-04,10,214.4,1.0,2026-08-12
2026-08-05,10,154.5,1.0,2026-08-12
2026-08-06,10,148.6,1.0,2026-08-12
2026-08-07,10,126.6,1.0,2026-08-12
2026-08-08,10,125.7,1.0,2026-08-12
2026-08-09,10,114.9,1.0,2026-08-12
2026-08-10,10,186.7,1.0,2026-08-12
2026-08-11,10,217.9,1.0,2026-08-12
2026-08-12,10,160.8,1.0,2026-08-12
2026-08-13,10,155.9,1.0,2026-08-12
2026-08-14,10,131.6,1.0,2026-08-12
2026-08-15,10,116.6,1.0,2026-08-12
2026-08-16,10,123.3,1.0,2026-08-12
2026-08-17,10,232.3,1.0,2026-08-12
2026-08-18,10,243.9,1.0,2026-08-12
2026-08-19,10,168.6,1.0,2026-08-12
2026-08-20,10,158.4,1.0,2026-08-12
2026-08-21,10,133.3,1.0,2026-08-12
2026-08-22,10,136.8,1.0,2026-08-12
2026-08-23,10,143.3,1.0,2026-08-12
2026-08-24,10,246.9,1.0,2026-08-12
2026-08-25,10,246.6,1.0,2026-08-12
2026-08-26,10,167.5,1.0,2026-08-12
2026-08-27,10,149.0,1.0,2026-08-12
2026-08-28,10,147.0,1.0,2026-08-12
2026-08-29,10,145.8,1.0,2026-08-12
2026-08-30,10,121.4,1.0,2026-08-12
2026-08-31,10,206.7,1.0,2026-08-12
2026-09-01,10,225.1,1.0,2026-08-12
2026-09-02,10,164.6,1.0,2026-08-12
2026-09-03,10,163.9,1.0,2026-08-12
2026-09-04,10,140.0,1.0,2026-08-12
2026-09-05,10,129.5,1.0,2026-08-12
2026-09-06,10,114.9,1.0,2026-08-12
2026-09-07,10,208.8,1.0,2026-08-12
2026-09-08,10,238.8,1.0,2026-08-12
2026-09-09,10,174.8,1.0,2026-08-12
2026-09-10,10,177.6,1.0,2026-08-12
2026-09-11,10,148.8,1.0,2026-08-12
2026-09-12,10,136.4,1.0,2026-08-12
2026-09-13,10,115.8,1.0,2026-08-12
2026-09-14,10,212.7,1.0,2026-08-12
2026-09-15,10,240.9,1.0,2026-08-12
2026-09-16,10,175.8,1.0,2026-08-12
2026-09-17,10,179.1,1.0,2026-08-12
2026-09-18,10,151.4,1.0,2026-08-12
2026-09-19,10,138.9,1.0,2026-08-12
2026-09-20,10,119.1,1.0,2026-08-12
2026-09-21,10,216.5,1.0,2026-08-12
2026-09-22,10,243.7,1.0,2026-08-12
2026-09-23,10,177.5,1.0,2026-08-12
2026-09-24,10,181.2,1.0,2026-08-12
2026-09-25,10,152.2,1.0,2026-08-12
2026-09-26,10,139.0,1.0,2026-08-12
2026-09-27,10,117.5,1.0,2026-08-12
2026-09-28,10,212.9,1.0,2026-08-12
2026-09-29,10,239.7,1.0,2026-08-12
2026-09-30,10,174.4,1.0,2026-08-12
2026-10-01,10,176.4,1.0,2026-08-12
2026-10-02,10,150.6,1.0,2026-08-12
2026-10-03,10,141.9,1.0,2026-08-12
2026-10-04,10,123.3,1.0,2026-08-12
2026-10-05,10,225.8,1.0,2026-08-12
2026-10-06,10,254.2,1.0,2026-08-12
2026-10-07,10,185.8,1.0,2026-08-12
2026-10-08,10,196.2,1.0,2026-08-12
2026-10-09,10,166.3,1.0,2026-08-12
2026-10-10,10,153.0,1.0,2026-08-12
2026-10-11,10,126.1,1.0,2026-08-12
2026-10-12,10,225.6,1.0,2026-08-12
2026-07-15,11,5918.5,7.0,2026-08-12
2026-07-16,11,6053.6,7.0,2026-08-12
2026-07-17,11,5290.0,6.0,2026-08-12
2026-07-18,11,5229.5,6.0,2026-08-12
2026-07-19,11,5260.0,6.0,2026-08-12
2026-07-20,11,5791.8,7.0,2026-08-12
2026-07-21,11,5744.3,7.0,2026-08-12
2026-07-22,11,5853.4,7.0,2026-08-12
2026-07-23,11,5733.9,7.0,2026-08-12
2026-07-24,11,4906.6,6.0,2026-08-12
2026-07-25,11,4843.7,5.5,2026-08-12
2026-07-26,11,4655.9,5.5,2026-08-12
2026-07-27,11,5110.1,6.0,2026-08-12
2026-07-28,11,5038.2,6.0,2026-08-12
2026-07-29,11,5070.9,6.0,2026-08-12
2026-07-30,11,4942.0,6.0,2026-08-12
2026-07-31,11,4474.9,5.5,2026-08-12
2026-08-01,11,4730.0,5.5,2026-08-12
2026-08-02,11,4410.4,5.0,2026-08-12
2026-08-03,11,4999.0,6.0,2026-08-12
2026-08-04,11,4967.0,6.0,2026-08-12
2026-08-05,11,4965.0,6.0,2026-08-12
2026-08-06,11,4877.0,5.5,2026-08-12
2026-08-07,11,4413.8,5.0,2026-08-12
2026-08-08,11,4136.5,5.0,2026-08-12
2026-08-09,11,3754.6,4.5,2026-08-12
2026-08-10,11,4560.9,5.5,2026-08-12
2026-08-11,11,4619.1,5.5,2026-08-12
2026-08-12,11,4673.9,5.5,2026-08-12
2026-08-13,11,4661.9,5.5,2026-08-12
2026-08-14,11,4315.2,5.0,2026-08-12
2026-08-15,11,3968.9,4.5,2026-08-12
2026-08-16,11,4114.6,5.0,2026-08-12
2026-08-17,11,5015.1,6.0,2026-08-12
2026-08-18,11,4981.8,6.0,2026-08-12
2026-08-19,11,5023.1,6.0,2026-08-12
2026-08-20,11,5023.3,6.0,2026-08-12
2026-08-21,11,4802.3,5.5,2026-08-12
2026-08-22,11,5202.2,6.0,2026-08-12
2026-08-23,11,5028.9,6.0,2026-08-12
2026-08-24,11,5625.3,6.5,2026-08-12
2026-08-25,11,5607.0,6.5,2026-08-12
2026-08-26,11,5703.6,6.5,2026-08-12
2026-08-27,11,5777.2,7.0,2026-08-12
2026-08-28,11,5427.2,6.5,2026-08-12
2026-08-29,11,5380.7,6.5,2026-08-12
2026-08-30,11,5250.0,6.0,2026-08-12
2026-08-31,11,5866.4,7.0,2026-08-12
2026-09-01,11,5761.3,7.0,2026-08-12
2026-09-02,11,5741.0,7.0,2026-08-12
2026-09-03,11,5612.3,6.5,2026-08-12
2026-09-04,11,4964.0,6.0,2026-08-12
2026-09-05,11,4725.4,5.5,2026-08-12
2026-09-06,11,4352.1,5.0,2026-08-12
2026-09-07,11,5234.3,6.0,2026-08-12
2026-09-08,11,5170.7,6.0,2026-08-12
2026-09-09,11,5160.6,6.0,2026-08-12
2026-09-10,11,5137.0,6.0,2026-08-12
2026-09-11,11,4740.5,5.5,2026-08-12
2026-09-12,11,4457.0,5.5,2026-08-12
2026-09-13,11,4033.3,5.0,2026-08-12
2026-09-14,11,4947.0,6.0,2026-08-12
2026-09-15,11,4917.0,6.0,2026-08-12
2026-09-16,11,4874.0,5.5,2026-08-12
2026-09-17,11,4814.5,5.5,2026-08-12
2026-09-18,11,4513.3,5.5,2026-08-12
2026-09-19,11,4197.1,5.0,2026-08-12
2026-09-20,11,3716.0,4.5,2026-08-12
2026-09-21,11,4594.5,5.5,2026-08-12
2026-09-22,11,4608.1,5.5,2026-08-12
2026-09-23,11,4599.6,5.5,2026-08-12
2026-09-24,11,4610.9,5.5,2026-08-12
2026-09-25,11,4378.5,5.0,2026-08-12
2026-09-26,11,3907.2,4.5,2026-08-12
2026-09-27,11,3506.3,4.0,2026-08-12
2026-09-28,11,4526.7,5.5,2026-08-12
2026-09-29,11,4584.0,5.5,2026-08-12
2026-09-30,11,4564.0,5.5,2026-08-12
2026-10-01,11,4519.9,5.5,2026-08-12
2026-10-02,11,4240.4,5.0,2026-08-12
2026-10-03,11,3778.3,4.5,2026-08-12
2026-10-04,11,3373.3,4.0,2026-08-12
2026-10-05,11,4503.3,5.5,2026-08-12
2026-10-06,11,4558.7,5.5,2026-08-12
2026-10-07,11,4515.5,5.5,2026-08-12
2026-10-08,11,4462.4,5.5,2026-08-12
2026-10-09,11,4263.6,5.0,2026-08-12
2026-10-10,11,3809.1,4.5,2026-08-12
2026-10-11,11,3396.7,4.0,2026-08-12
2026-10-12,11,4549.7,5.5,2026-08-12
2026-07-15,12,7288.5,12.0,2026-08-12
2026-07-16,12,7840.3,13.0,2026-08-12
2026-07-17,12,6990.1,11.5,2026-08-12
2026-07-18,12,6702.5,11.0,2026-08-12
2026-07-19,12,4702.6,7.5,2026-08-12
2026-07-20,12,8540.8,14.0,2026-08-12
2026-07-21,12,8153.4,13.5,2026-08-12
2026-07-22,12,7898.3,13.0,2026-08-12
2026-07-23,12,8432.2,14.0,2026-08-12
2026-07-24,12,7465.9,12.0,2026-08-12
2026-07-25,12,6925.1,11.5,2026-08-12
2026-07-26,12,4768.0,8.0,2026-08-12
2026-07-27,12,8643.4,14.0,2026-08-12
2026-07-28,12,8226.1,13.5,2026-08-12
2026-07-29,12,7948.4,13.0,2026-08-12
2026-07-30,12,8428.7,14.0,2026-08-12
2026-07-31,12,7023.6,11.5,2026-08-12
2026-08-01,12,7766.6,12.5,2026-08-12
2026-08-02,12,5241.4,8.5,2026-08-12
2026-08-03,12,9217.2,15.0,2026-08-12
2026-08-04,12,8816.1,14.5,2026-08-12
2026-08-05,12,8296.4,13.5,2026-08-12
2026-08-06,12,8691.4,14.5,2026-08-12
2026-08-07,12,7655.1,12.5,2026-08-12
2026-08-08,12,7002.1,11.5,2026-08-12
2026-08-09,12,4768.8,8.0,2026-08-12
2026-08-10,12,8630.1,14.0,2026-08-12
2026-08-11,12,8240.1,13.5,2026-08-12
2026-08-12,12,7910.4,13.0,2026-08-12
2026-08-13,12,8427.2,14.0,2026-08-12
2026-08-14,12,7493.2,12.5,2026-08-12
2026-08-15,12,6179.4,10.0,2026-08-12
2026-08-16,12,5441.1,9.0,2026-08-12
2026-08-17,12,9437.5,15.5,2026-08-12
2026-08-18,12,9173.9,15.0,2026-08-12
2026-08-19,12,8659.7,14.0,2026-08-12
2026-08-20,12,8990.6,14.5,2026-08-12
2026-08-21,12,7526.4,12.5,2026-08-12
2026-08-22,12,8154.9,13.5,2026-08-12
2026-08-23,12,6690.2,11.0,2026-08-12
2026-08-24,12,11032.0,18.0,2026-08-12
2026-08-25,12,10667.2,17.5,2026-08-12
2026-08-26,12,9749.0,16.0,2026-08-12
2026-08-27,12,9328.5,15.5,2026-08-12
2026-08-28,12,9295.5,15.0,2026-08-12
2026-08-29,12,7902.4,13.0,2026-08-12
2026-08-30,12,4959.2,8.0,2026-08-12
2026-08-31,12,9000.9,15.0,2026-08-12
2026-09-01,12,8560.3,14.0,2026-08-12
2026-09-02,12,8184.2,13.5,2026-08-12
2026-09-03,12,8647.4,14.0,2026-08-12
2026-09-04,12,7769.3,12.5,2026-08-12
2026-09-05,12,7084.5,11.5,2026-08-12
2026-09-06,12,4660.9,7.5,2026-08-12
2026-09-07,12,9006.5,15.0,2026-08-12
2026-09-08,12,8708.0,14.5,2026-08-12
2026-09-09,12,8402.7,14.0,2026-08-12
2026-09-10,12,9023.2,15.0,2026-08-12
2026-09-11,12,8123.5,13.5,2026-08-12
2026-09-12,12,7277.3,12.0,2026-08-12
2026-09-13,12,4729.7,8.0,2026-08-12
2026-09-14,12,9425.8,15.5,2026-08-12
2026-09-15,12,9164.7,15.0,2026-08-12
2026-09-16,12,8854.5,14.5,2026-08-12
2026-09-17,12,9406.5,15.5,2026-08-12
2026-09-18,12,8485.1,14.0,2026-08-12
2026-09-19,12,7445.1,12.0,2026-08-12
2026-09-20,12,4713.4,7.5,2026-08-12
2026-09-21,12,9424.9,15.5,2026-08-12
2026-09-22,12,9147.6,15.0,2026-08-12
2026-09-23,12,8824.0,14.5,2026-08-12
2026-09-24,12,9424.1,15.5,2026-08-12
2026-09-25,12,8481.0,14.0,2026-08-12
2026-09-26,12,7452.9,12.0,2026-08-12
2026-09-27,12,4734.5,8.0,2026-08-12
2026-09-28,12,9583.7,15.5,2026-08-12
2026-09-29,12,9305.4,15.5,2026-08-12
2026-09-30,12,8974.6,14.5,2026-08-12
2026-10-01,12,9551.4,15.5,2026-08-12
2026-10-02,12,8717.5,14.5,2026-08-12
2026-10-03,12,7582.3,12.5,2026-08-12
2026-10-04,12,4730.8,8.0,2026-08-12
2026-10-05,12,9987.2,16.5,2026-08-12
2026-10-06,12,9794.5,16.0,2026-08-12
2026-10-07,12,9478.7,15.5,2026-08-12
2026-10-08,12,10157.0,16.5,2026-08-12
2026-10-09,12,9243.4,15.0,2026-08-12
2026-10-10,12,7846.7,13.0,2026-08-12
2026-10-11,12,4726.1,8.0,2026-08-12
2026-10-12,12,10350.4,17.0,2026-08-12
2026-07-15,13,480.8,1.0,2026-08-12
2026-07-16,13,556.8,1.0,2026-08-12
2026-07-17,13,460.4,1.0,2026-08-12
2026-07-18,13,505.5,1.0,2026-08-12
2026-07-19,13,435.6,1.0,2026-08-12
2026-07-20,13,563.4,1.0,2026-08-12
2026-07-21,13,628.4,1.0,2026-08-12
2026-07-22,13,502.2,1.0,2026-08-12
2026-07-23,13,581.1,1.0,2026-08-12
2026-07-24,13,480.7,1.0,2026-08-12
2026-07-25,13,522.4,1.0,2026-08-12
2026-07-26,13,442.0,1.0,2026-08-12
2026-07-27,13,571.9,1.0,2026-08-12
2026-07-28,13,631.1,1.0,2026-08-12
2026-07-29,13,503.4,1.0,2026-08-12
2026-07-30,13,586.4,1.0,2026-08-12
2026-07-31,13,479.0,1.0,2026-08-12
2026-08-01,13,596.9,1.0,2026-08-12
2026-08-02,13,478.6,1.0,2026-08-12
2026-08-03,13,627.2,1.0,2026-08-12
2026-08-04,13,666.4,1.0,2026-08-12
2026-08-05,13,511.9,1.0,2026-08-12
2026-08-06,13,599.0,1.0,2026-08-12
2026-08-07,13,487.7,1.0,2026-08-12
2026-08-08,13,536.2,1.0,2026-08-12
2026-08-09,13,449.1,1.0,2026-08-12
2026-08-10,13,583.4,1.0,2026-08-12
2026-08-11,13,640.3,1.0,2026-08-12
2026-08-12,13,506.9,1.0,2026-08-12
2026-08-13,13,594.8,1.0,2026-08-12
2026-08-14,13,491.6,1.0,2026-08-12
2026-08-15,13,486.1,1.0,2026-08-12
2026-08-16,13,499.0,1.0,2026-08-12
2026-08-17,13,610.3,1.0,2026-08-12
2026-08-18,13,674.2,1.0,2026-08-12
2026-08-19,13,514.3,1.0,2026-08-12
2026-08-20,13,605.0,1.0,2026-08-12
2026-08-21,13,494.3,1.0,2026-08-12
2026-08-22,13,567.1,1.0,2026-08-12
2026-08-23,13,543.7,1.0,2026-08-12
2026-08-24,13,667.3,1.0,2026-08-12
2026-08-25,13,719.4,1.0,2026-08-12
2026-08-26,13,538.5,1.0,2026-08-12
2026-08-27,13,630.8,1.0,2026-08-12
2026-08-28,13,594.8,1.0,2026-08-12
2026-08-29,13,621.4,1.0,2026-08-12
2026-08-30,13,498.8,1.0,2026-08-12
2026-08-31,13,650.2,1.0,2026-08-12
2026-09-01,13,697.3,1.0,2026-08-12
2026-09-02,13,536.7,1.0,2026-08-12
2026-09-03,13,636.0,1.0,2026-08-12
2026-09-04,13,519.6,1.0,2026-08-12
2026-09-05,13,569.4,1.0,2026-08-12
2026-09-06,13,464.6,1.0,2026-08-12
2026-09-07,13,604.9,1.0,2026-08-12
2026-09-08,13,649.3,1.0,2026-08-12
2026-09-09,13,509.7,1.0,2026-08-12
2026-09-10,13,603.4,1.0,2026-08-12
2026-09-11,13,499.0,1.0,2026-08-12
2026-09-12,13,549.6,1.0,2026-08-12
2026-09-13,13,455.7,1.0,2026-08-12
2026-09-14,13,589.7,1.0,2026-08-12
2026-09-15,13,634.7,1.0,2026-08-12
2026-09-16,13,499.5,1.0,2026-08-12
2026-09-17,13,590.2,1.0,2026-08-12
2026-09-18,13,494.9,1.0,2026-08-12
2026-09-19,13,545.3,1.0,2026-08-12
2026-09-20,13,457.5,1.0,2026-08-12
2026-09-21,13,589.5,1.0,2026-08-12
2026-09-22,13,638.3,1.0,2026-08-12
2026-09-23,13,503.1,1.0,2026-08-12
2026-09-24,13,594.7,1.0,2026-08-12
2026-09-25,13,494.2,1.0,2026-08-12
2026-09-26,13,543.0,1.0,2026-08-12
2026-09-27,13,454.2,1.0,2026-08-12
2026-09-28,13,583.8,1.0,2026-08-12
2026-09-29,13,632.8,1.0,2026-08-12
2026-09-30,13,497.3,1.0,2026-08-12
2026-10-01,13,587.1,1.0,2026-08-12
2026-10-02,13,491.5,1.0,2026-08-12
2026-10-03,13,542.3,1.0,2026-08-12
2026-10-04,13,456.4,1.0,2026-08-12
2026-10-05,13,583.9,1.0,2026-08-12
2026-10-06,13,628.7,1.0,2026-08-12
2026-10-07,13,494.5,1.0,2026-08-12
2026-10-08,13,582.8,1.0,2026-08-12
2026-10-09,13,484.3,1.0,2026-08-12
2026-10-10,13,532.2,1.0,2026-08-12
2026-10-11,13,445.2,1.0,2026-08-12
2026-10-12,13,565.1,1.0,2026-08-12
2026-07-15,14,405.5,1.0,2026-08-12
2026-07-16,14,438.8,1.0,2026-08-12
2026-07-17,14,414.9,1.0,2026-08-12
2026-07-18,14,419.5,1.0,2026-08-12
2026-07-19,14,393.0,1.0,2026-08-12
2026-07-20,14,436.4,1.0,2026-08-12
2026-07-21,14,458.7,1.0,2026-08-12
2026-07-22,14,407.3,1.0,2026-08-12
2026-07-23,14,442.7,1.0,2026-08-12
2026-07-24,14,418.1,1.0,2026-08-12
2026-07-25,14,422.3,1.0,2026-08-12
2026-07-26,14,394.8,1.0,2026-08-12
2026-07-27,14,439.9,1.0,2026-08-12
2026-07-28,14,461.9,1.0,2026-08-12
2026-07-29,14,409.3,1.0,2026-08-12
2026-07-30,14,446.2,1.0,2026-08-12
2026-07-31,14,413.5,1.0,2026-08-12
2026-08-01,14,424.9,1.0,2026-08-12
2026-08-02,14,395.1,1.0,2026-08-12
2026-08-03,14,441.5,1.0,2026-08-12
2026-08-04,14,464.3,1.0,2026-08-12
2026-08-05,14,410.1,1.0,2026-08-12
2026-08-06,14,447.3,1.0,2026-08-12
2026-08-07,14,421.1,1.0,2026-08-12
2026-08-08,14,425.0,1.0,2026-08-12
2026-08-09,14,396.4,1.0,2026-08-12
2026-08-10,14,443.5,1.0,2026-08-12
2026-08-11,14,466.4,1.0,2026-08-12
2026-08-12,14,411.4,1.0,2026-08-12
2026-08-13,14,449.2,1.0,2026-08-12
2026-08-14,14,422.5,1.0,2026-08-12
2026-08-15,14,412.1,1.0,2026-08-12
2026-08-16,14,397.1,1.0,2026-08-12
2026-08-17,14,441.6,1.0,2026-08-12
2026-08-18,14,464.1,1.0,2026-08-12
2026-08-19,14,410.4,1.0,2026-08-12
2026-08-20,14,448.2,1.0,2026-08-12
2026-08-21,14,415.0,1.0,2026-08-12
2026-08-22,14,411.5,1.0,2026-08-12
2026-08-23,14,395.4,1.0,2026-08-12
2026-08-24,14,439.6,1.0,2026-08-12
2026-08-25,14,462.0,1.0,2026-08-12
2026-08-26,14,409.2,1.0,2026-08-12
2026-08-27,14,421.9,1.0,2026-08-12
2026-08-28,14,421.1,1.0,2026-08-12
2026-08-29,14,423.5,1.0,2026-08-12
2026-08-30,14,395.3,1.0,2026-08-12
2026-08-31,14,442.2,1.0,2026-08-12
2026-09-01,14,465.1,1.0,2026-08-12
2026-09-02,14,410.6,1.0,2026-08-12
2026-09-03,14,448.2,1.0,2026-08-12
2026-09-04,14,421.4,1.0,2026-08-12
2026-09-05,14,425.1,1.0,2026-08-12
2026-09-06,14,396.2,1.0,2026-08-12
2026-09-07,14,443.6,1.0,2026-08-12
2026-09-08,14,466.7,1.0,2026-08-12
2026-09-09,14,411.1,1.0,2026-08-12
2026-09-10,14,448.9,1.0,2026-08-12
2026-09-11,14,422.1,1.0,2026-08-12
2026-09-12,14,425.8,1.0,2026-08-12
2026-09-13,14,396.5,1.0,2026-08-12
2026-09-14,14,443.7,1.0,2026-08-12
2026-09-15,14,466.3,1.0,2026-08-12
2026-09-16,14,411.2,1.0,2026-08-12
2026-09-17,14,448.5,1.0,2026-08-12
2026-09-18,14,421.9,1.0,2026-08-12
2026-09-19,14,426.0,1.0,2026-08-12
2026-09-20,14,396.9,1.0,2026-08-12
2026-09-21,14,444.4,1.0,2026-08-12
2026-09-22,14,467.3,1.0,2026-08-12
2026-09-23,14,411.7,1.0,2026-08-12
2026-09-24,14,449.2,1.0,2026-08-12
2026-09-25,14,422.4,1.0,2026-08-12
2026-09-26,14,426.5,1.0,2026-08-12
2026-09-27,14,397.2,1.0,2026-08-12
2026-09-28,14,445.0,1.0,2026-08-12
2026-09-29,14,468.1,1.0,2026-08-12
2026-09-30,14,412.2,1.0,2026-08-12
2026-10-01,14,450.1,1.0,2026-08-12
2026-10-02,14,423.5,1.0,2026-08-12
2026-10-03,14,427.6,1.0,2026-08-12
2026-10-04,14,397.9,1.0,2026-08-12
2026-10-05,14,446.4,1.0,2026-08-12
2026-10-06,14,469.4,1.0,2026-08-12
2026-10-07,14,412.9,1.0,2026-08-12
2026-10-08,14,451.2,1.0,2026-08-12
2026-10-09,14,424.2,1.0,2026-08-12
2026-10-10,14,427.9,1.0,2026-08-12
2026-10-11,14,397.9,1.0,2026-08-12
2026-10-12,14,446.5,1.0,2026-08-12
2026-07-15,15,170.4,1.0,2026-08-12
2026-07-16,15,218.7,1.0,2026-08-12
2026-07-17,15,181.2,1.0,2026-08-12
2026-07-18,15,185.6,1.0,2026-08-12
2026-07-19,15,-3.9,0.0,2026-08-12
2026-07-20,15,204.3,1.0,2026-08-12
2026-07-21,15,218.8,1.0,2026-08-12
2026-07-22,15,167.8,1.0,2026-08-12
2026-07-23,15,216.7,1.0,2026-08-12
2026-07-24,15,180.0,1.0,2026-08-12
2026-07-25,15,184.8,1.0,2026-08-12
2026-07-26,15,-4.9,0.0,2026-08-12
2026-07-27,15,202.9,1.0,2026-08-12
2026-07-28,15,217.3,1.0,2026-08-12
2026-07-29,15,165.9,1.0,2026-08-12
2026-07-30,15,216.0,1.0,2026-08-12
2026-07-31,15,145.6,1.0,2026-08-12
2026-08-01,15,200.0,1.0,2026-08-12
2026-08-02,15,0.5,1.0,2026-08-12
2026-08-03,15,205.4,1.0,2026-08-12
2026-08-04,15,219.2,1.0,2026-08-12
2026-08-05,15,167.8,1.0,2026-08-12
2026-08-06,15,216.8,1.0,2026-08-12
2026-08-07,15,180.5,1.0,2026-08-12
2026-08-08,15,185.7,1.0,2026-08-12
2026-08-09,15,-3.8,0.0,2026-08-12
2026-08-10,15,205.3,1.0,2026-08-12
2026-08-11,15,219.3,1.0,2026-08-12
2026-08-12,15,167.4,1.0,2026-08-12
2026-08-13,15,216.7,1.0,2026-08-12
2026-08-14,15,180.6,1.0,2026-08-12
2026-08-15,15,143.0,1.0,2026-08-12
2026-08-16,15,26.4,1.0,2026-08-12
2026-08-17,15,203.4,1.0,2026-08-12
2026-08-18,15,217.6,1.0,2026-08-12
2026-08-19,15,164.4,1.0,2026-08-12
2026-08-20,15,215.8,1.0,2026-08-12
2026-08-21,15,145.1,1.0,2026-08-12
2026-08-22,15,176.9,1.0,2026-08-12
2026-08-23,15,31.0,1.0,2026-08-12
2026-08-24,15,205.1,1.0,2026-08-12
2026-08-25,15,218.4,1.0,2026-08-12
2026-08-26,15,166.1,1.0,2026-08-12
2026-08-27,15,180.2,1.0,2026-08-12
2026-08-28,15,190.9,1.0,2026-08-12
2026-08-29,15,185.4,1.0,2026-08-12
2026-08-30,15,-3.7,0.0,2026-08-12
2026-08-31,15,203.8,1.0,2026-08-12
2026-09-01,15,217.6,1.0,2026-08-12
2026-09-02,15,166.7,1.0,2026-08-12
2026-09-03,15,217.0,1.0,2026-08-12
2026-09-04,15,180.7,1.0,2026-08-12
2026-09-05,15,185.6,1.0,2026-08-12
2026-09-06,15,-2.8,0.0,2026-08-12
2026-09-07,15,207.8,1.0,2026-08-12
2026-09-08,15,221.6,1.0,2026-08-12
2026-09-09,15,170.0,1.0,2026-08-12
2026-09-10,15,219.0,1.0,2026-08-12
2026-09-11,15,182.2,1.0,2026-08-12
2026-09-12,15,187.0,1.0,2026-08-12
2026-09-13,15,-2.5,0.0,2026-08-12
2026-09-14,15,205.6,1.0,2026-08-12
2026-09-15,15,220.1,1.0,2026-08-12
2026-09-16,15,169.4,1.0,2026-08-12
2026-09-17,15,219.2,1.0,2026-08-12
2026-09-18,15,182.3,1.0,2026-08-12
2026-09-19,15,187.5,1.0,2026-08-12
2026-09-20,15,-1.9,0.0,2026-08-12
2026-09-21,15,206.6,1.0,2026-08-12
2026-09-22,15,221.4,1.0,2026-08-12
2026-09-23,15,171.3,1.0,2026-08-12
2026-09-24,15,220.4,1.0,2026-08-12
2026-09-25,15,182.8,1.0,2026-08-12
2026-09-26,15,187.4,1.0,2026-08-12
2026-09-27,15,-2.0,0.0,2026-08-12
2026-09-28,15,206.9,1.0,2026-08-12
2026-09-29,15,220.5,1.0,2026-08-12
2026-09-30,15,169.8,1.0,2026-08-12
2026-10-01,15,218.6,1.0,2026-08-12
2026-10-02,15,183.2,1.0,2026-08-12
2026-10-03,15,188.9,1.0,2026-08-12
2026-10-04,15,0.6,1.0,2026-08-12
2026-10-05,15,207.4,1.0,2026-08-12
2026-10-06,15,221.6,1.0,2026-08-12
2026-10-07,15,172.2,1.0,2026-08-12
2026-10-08,15,220.5,1.0,2026-08-12
2026-10-09,15,183.9,1.0,2026-08-12
2026-10-10,15,189.1,1.0,2026-08-12
2026-10-11,15,1.0,1.0,2026-08-12
2026-10-12,15,208.9,1.0,2026-08-12
2026-07-15,16,6948.3,11.5,2026-08-12
2026-07-16,16,6827.3,11.5,2026-08-12
2026-07-17,16,6096.8,10.0,2026-08-12
2026-07-18,16,5469.7,9.0,2026-08-12
2026-07-19,16,4198.1,7.0,2026-08-12
2026-07-20,16,6767.0,11.0,2026-08-12
2026-07-21,16,6996.6,11.5,2026-08-12
2026-07-22,16,6750.4,11.0,2026-08-12
2026-07-23,16,6693.9,11.0,2026-08-12
2026-07-24,16,5999.9,10.0,2026-08-12
2026-07-25,16,5395.5,9.0,2026-08-12
2026-07-26,16,4136.3,7.0,2026-08-12
2026-07-27,16,6648.2,11.0,2026-08-12
2026-07-28,16,6915.2,11.5,2026-08-12
2026-07-29,16,6685.8,11.0,2026-08-12
2026-07-30,16,6645.5,11.0,2026-08-12
2026-07-31,16,5291.8,9.0,2026-08-12
2026-08-01,16,6019.0,10.0,2026-08-12
2026-08-02,16,4497.6,7.5,2026-08-12
2026-08-03,16,7174.6,12.0,2026-08-12
2026-08-04,16,7309.7,12.0,2026-08-12
2026-08-05,16,6966.2,11.5,2026-08-12
2026-08-06,16,6838.4,11.5,2026-08-12
2026-08-07,16,6105.1,10.0,2026-08-12
2026-08-08,16,5473.2,9.0,2026-08-12
2026-08-09,16,4239.9,7.0,2026-08-12
2026-08-10,16,6865.3,11.5,2026-08-12
2026-08-11,16,7117.9,12.0,2026-08-12
2026-08-12,16,6870.4,11.5,2026-08-12
2026-08-13,16,6795.1,11.0,2026-08-12
2026-08-14,16,6093.4,10.0,2026-08-12
2026-08-15,16,4782.7,8.0,2026-08-12
2026-08-16,16,4596.4,7.5,2026-08-12
2026-08-17,16,7058.6,11.5,2026-08-12
2026-08-18,16,7337.5,12.0,2026-08-12
2026-08-19,16,7014.5,11.5,2026-08-12
2026-08-20,16,6888.6,11.5,2026-08-12
2026-08-21,16,5498.7,9.0,2026-08-12
2026-08-22,16,5643.1,9.5,2026-08-12
2026-08-23,16,5102.0,8.5,2026-08-12
2026-08-24,16,7538.1,12.5,2026-08-12
2026-08-25,16,7629.4,12.5,2026-08-12
2026-08-26,16,7177.1,12.0,2026-08-12
2026-08-27,16,6051.4,10.0,2026-08-12
2026-08-28,16,6608.3,11.0,2026-08-12
2026-08-29,16,5795.4,9.5,2026-08-12
2026-08-30,16,4508.4,7.5,2026-08-12
2026-08-31,16,7288.0,12.0,2026-08-12
2026-09-01,16,7387.4,12.0,2026-08-12
2026-09-02,16,7082.0,11.5,2026-08-12
2026-09-03,16,6944.4,11.5,2026-08-12
2026-09-04,16,6191.1,10.0,2026-08-12
2026-09-05,16,5546.8,9.0,2026-08-12
2026-09-06,16,4256.6,7.0,2026-08-12
2026-09-07,16,7019.8,11.5,2026-08-12
2026-09-08,16,7261.1,12.0,2026-08-12
2026-09-09,16,7012.5,11.5,2026-08-12
2026-09-10,16,6918.0,11.5,2026-08-12
2026-09-11,16,6185.4,10.0,2026-08-12
2026-09-12,16,5530.2,9.0,2026-08-12
2026-09-13,16,4251.7,7.0,2026-08-12
2026-09-14,16,7017.3,11.5,2026-08-12
2026-09-15,16,7268.4,12.0,2026-08-12
2026-09-16,16,7019.7,11.5,2026-08-12
2026-09-17,16,6913.5,11.5,2026-08-12
2026-09-18,16,6169.0,10.0,2026-08-12
2026-09-19,16,5500.7,9.0,2026-08-12
2026-09-20,16,4228.7,7.0,2026-08-12
2026-09-21,16,6971.8,11.5,2026-08-12
2026-09-22,16,7245.2,12.0,2026-08-12
2026-09-23,16,7006.4,11.5,2026-08-12
2026-09-24,16,6921.3,11.5,2026-08-12
2026-09-25,16,6194.9,10.5,2026-08-12
2026-09-26,16,5542.7,9.0,2026-08-12
2026-09-27,16,4265.7,7.0,2026-08-12
2026-09-28,16,7043.6,11.5,2026-08-12
2026-09-29,16,7291.7,12.0,2026-08-12
2026-09-30,16,7044.8,11.5,2026-08-12
2026-10-01,16,6952.6,11.5,2026-08-12
2026-10-02,16,6226.5,10.5,2026-08-12
2026-10-03,16,5546.2,9.0,2026-08-12
2026-10-04,16,4254.2,7.0,2026-08-12
2026-10-05,16,7167.5,12.0,2026-08-12
2026-10-06,16,7456.1,12.5,2026-08-12
2026-10-07,16,7218.4,12.0,2026-08-12
2026-10-08,16,7126.9,12.0,2026-08-12
2026-10-09,16,6362.8,10.5,2026-08-12
2026-10-10,16,5618.2,9.5,2026-08-12
2026-10-11,16,4274.2,7.0,2026-08-12
2026-10-12,16,7214.0,12.0,2026-08-12
2026-07-15,2,4230.2,4.5,2026-08-12
2026-07-16,2,4128.5,4.5,2026-08-12
2026-07-17,2,3593.1,3.5,2026-08-12
2026-07-18,2,3304.2,3.5,2026-08-12
2026-07-19,2,3102.2,3.0,2026-08-12
2026-07-20,2,3941.5,4.0,2026-08-12
2026-07-21,2,4380.3,4.5,2026-08-12
2026-07-22,2,4361.5,4.5,2026-08-12
2026-07-23,2,4288.0,4.5,2026-08-12
2026-07-24,2,3782.6,4.0,2026-08-12
2026-07-25,2,3506.8,3.5,2026-08-12
2026-07-26,2,3269.8,3.5,2026-08-12
2026-07-27,2,4075.4,4.0,2026-08-12
2026-07-28,2,4466.1,4.5,2026-08-12
2026-07-29,2,4432.0,4.5,2026-08-12
2026-07-30,2,4362.8,4.5,2026-08-12
2026-07-31,2,3912.2,4.0,2026-08-12
2026-08-01,2,3912.0,4.0,2026-08-12
2026-08-02,2,3786.7,4.0,2026-08-12
2026-08-03,2,4579.2,4.5,2026-08-12
2026-08-04,2,4816.5,5.0,2026-08-12
2026-08-05,2,4678.9,5.0,2026-08-12
2026-08-06,2,4590.4,4.5,2026-08-12
2026-08-07,2,4088.0,4.0,2026-08-12
2026-08-08,2,3834.0,4.0,2026-08-12
2026-08-09,2,3593.3,3.5,2026-08-12
2026-08-10,2,4399.0,4.5,2026-08-12
2026-08-11,2,4730.3,5.0,2026-08-12
2026-08-12,2,4649.6,5.0,2026-08-12
2026-08-13,2,4573.8,4.5,2026-08-12
2026-08-14,2,4068.0,4.0,2026-08-12
2026-08-15,2,3850.4,4.0,2026-08-12
2026-08-16,2,3780.5,4.0,2026-08-12
2026-08-17,2,4609.2,5.0,2026-08-12
2026-08-18,2,4904.4,5.0,2026-08-12
2026-08-19,2,4791.9,5.0,2026-08-12
2026-08-20,2,4699.3,5.0,2026-08-12
2026-08-21,2,4225.6,4.5,2026-08-12
2026-08-22,2,4243.8,4.5,2026-08-12
2026-08-23,2,4230.7,4.5,2026-08-12
2026-08-24,2,4996.4,5.0,2026-08-12
2026-08-25,2,5153.1,5.5,2026-08-12
2026-08-26,2,4960.4,5.0,2026-08-12
2026-08-27,2,4747.7,5.0,2026-08-12
2026-08-28,2,4663.9,5.0,2026-08-12
2026-08-29,2,4537.4,4.5,2026-08-12
2026-08-30,2,4242.6,4.5,2026-08-12
2026-08-31,2,4900.5,5.0,2026-08-12
2026-09-01,2,5040.7,5.0,2026-08-12
2026-09-02,2,4890.0,5.0,2026-08-12
2026-09-03,2,4798.8,5.0,2026-08-12
2026-09-04,2,4281.0,4.5,2026-08-12
2026-09-05,2,4010.2,4.0,2026-08-12
2026-09-06,2,3730.3,4.0,2026-08-12
2026-09-07,2,4507.9,4.5,2026-08-12
2026-09-08,2,4803.8,5.0,2026-08-12
2026-09-09,2,4691.4,5.0,2026-08-12
2026-09-10,2,4592.9,4.5,2026-08-12
2026-09-11,2,4075.6,4.0,2026-08-12
2026-09-12,2,3806.3,4.0,2026-08-12
2026-09-13,2,3549.7,3.5,2026-08-12
2026-09-14,2,4355.5,4.5,2026-08-12
2026-09-15,2,4695.1,5.0,2026-08-12
2026-09-16,2,4604.4,5.0,2026-08-12
2026-09-17,2,4504.2,4.5,2026-08-12
2026-09-18,2,3971.8,4.0,2026-08-12
2026-09-19,2,3699.7,4.0,2026-08-12
2026-09-20,2,3465.4,3.5,2026-08-12
2026-09-21,2,4292.4,4.5,2026-08-12
2026-09-22,2,4654.5,5.0,2026-08-12
2026-09-23,2,4570.7,4.5,2026-08-12
2026-09-24,2,4473.4,4.5,2026-08-12
2026-09-25,2,3956.3,4.0,2026-08-12
2026-09-26,2,3687.0,4.0,2026-08-12
2026-09-27,2,3445.2,3.5,2026-08-12
2026-09-28,2,4263.5,4.5,2026-08-12
2026-09-29,2,4624.6,5.0,2026-08-12
2026-09-30,2,4541.7,4.5,2026-08-12
2026-10-01,2,4447.3,4.5,2026-08-12
2026-10-02,2,3935.7,4.0,2026-08-12
2026-10-03,2,3658.0,4.0,2026-08-12
2026-10-04,2,3391.2,3.5,2026-08-12
2026-10-05,2,4187.2,4.5,2026-08-12
2026-10-06,2,4536.9,4.5,2026-08-12
2026-10-07,2,4450.5,4.5,2026-08-12
2026-10-08,2,4353.7,4.5,2026-08-12
2026-10-09,2,3842.4,4.0,2026-08-12
2026-10-10,2,3563.2,3.5,2026-08-12
2026-10-11,2,3296.6,3.5,2026-08-12
2026-10-12,2,4100.1,4.0,2026-08-12
2026-07-15,20,3294.3,3.5,2026-08-12
2026-07-16,20,3950.8,4.5,2026-08-12
2026-07-17,20,3283.7,3.5,2026-08-12
2026-07-18,20,3227.6,3.5,2026-08-12
2026-07-19,20,2985.5,3.5,2026-08-12
2026-07-20,20,3828.6,4.0,2026-08-12
2026-07-21,20,3933.9,4.5,2026-08-12
2026-07-22,20,3323.9,3.5,2026-08-12
2026-07-23,20,3740.9,4.0,2026-08-12
2026-07-24,20,3229.9,3.5,2026-08-12
2026-07-25,20,3221.8,3.5,2026-08-12
2026-07-26,20,2996.7,3.5,2026-08-12
2026-07-27,20,3808.0,4.0,2026-08-12
2026-07-28,20,3932.4,4.5,2026-08-12
2026-07-29,20,3350.5,3.5,2026-08-12
2026-07-30,20,3750.3,4.0,2026-08-12
2026-07-31,20,3296.1,3.5,2026-08-12
2026-08-01,20,3470.4,4.0,2026-08-12
2026-08-02,20,3141.8,3.5,2026-08-12
2026-08-03,20,3773.6,4.0,2026-08-12
2026-08-04,20,3869.9,4.0,2026-08-12
2026-08-05,20,3230.3,3.5,2026-08-12
2026-08-06,20,3623.5,4.0,2026-08-12
2026-08-07,20,3107.3,3.5,2026-08-12
2026-08-08,20,3076.0,3.5,2026-08-12
2026-08-09,20,2847.9,3.0,2026-08-12
2026-08-10,20,3700.6,4.0,2026-08-12
2026-08-11,20,3733.2,4.0,2026-08-12
2026-08-12,20,3158.8,3.5,2026-08-12
2026-08-13,20,3525.6,4.0,2026-08-12
2026-08-14,20,3106.6,3.5,2026-08-12
2026-08-15,20,3107.1,3.5,2026-08-12
2026-08-16,20,2928.1,3.0,2026-08-12
2026-08-17,20,3679.2,4.0,2026-08-12
2026-08-18,20,3798.0,4.0,2026-08-12
2026-08-19,20,3178.8,3.5,2026-08-12
2026-08-20,20,3569.9,4.0,2026-08-12
2026-08-21,20,3254.3,3.5,2026-08-12
2026-08-22,20,3422.4,3.5,2026-08-12
2026-08-23,20,3042.5,3.5,2026-08-12
2026-08-24,20,3700.0,4.0,2026-08-12
2026-08-25,20,3819.7,4.0,2026-08-12
2026-08-26,20,3161.6,3.5,2026-08-12
2026-08-27,20,3541.1,4.0,2026-08-12
2026-08-28,20,3306.3,3.5,2026-08-12
2026-08-29,20,3137.5,3.5,2026-08-12
2026-08-30,20,2881.1,3.0,2026-08-12
2026-08-31,20,3710.7,4.0,2026-08-12
2026-09-01,20,3743.0,4.0,2026-08-12
2026-09-02,20,3116.4,3.5,2026-08-12
2026-09-03,20,3447.7,4.0,2026-08-12
2026-09-04,20,3070.5,3.5,2026-08-12
2026-09-05,20,2979.7,3.0,2026-08-12
2026-09-06,20,2759.3,3.0,2026-08-12
2026-09-07,20,3596.9,4.0,2026-08-12
2026-09-08,20,3566.5,4.0,2026-08-12
2026-09-09,20,3033.7,3.5,2026-08-12
2026-09-10,20,3409.2,3.5,2026-08-12
2026-09-11,20,3059.3,3.5,2026-08-12
2026-09-12,20,2967.9,3.0,2026-08-12
2026-09-13,20,2765.7,3.0,2026-08-12
2026-09-14,20,3590.9,4.0,2026-08-12
2026-09-15,20,3539.4,4.0,2026-08-12
2026-09-16,20,3014.5,3.5,2026-08-12
2026-09-17,20,3410.2,3.5,2026-08-12
2026-09-18,20,3053.6,3.5,2026-08-12
2026-09-19,20,2965.7,3.0,2026-08-12
2026-09-20,20,2779.7,3.0,2026-08-12
2026-09-21,20,3614.0,4.0,2026-08-12
2026-09-22,20,3612.9,4.0,2026-08-12
2026-09-23,20,3079.2,3.5,2026-08-12
2026-09-24,20,3467.6,4.0,2026-08-12
2026-09-25,20,3159.6,3.5,2026-08-12
2026-09-26,20,3043.3,3.5,2026-08-12
2026-09-27,20,2842.1,3.0,2026-08-12
2026-09-28,20,3671.3,4.0,2026-08-12
2026-09-29,20,3723.7,4.0,2026-08-12
2026-09-30,20,3172.6,3.5,2026-08-12
2026-10-01,20,3552.2,4.0,2026-08-12
2026-10-02,20,3228.5,3.5,2026-08-12
2026-10-03,20,3090.8,3.5,2026-08-12
2026-10-04,20,2811.9,3.0,2026-08-12
2026-10-05,20,3640.5,4.0,2026-08-12
2026-10-06,20,3679.8,4.0,2026-08-12
2026-10-07,20,3146.5,3.5,2026-08-12
2026-10-08,20,3490.9,4.0,2026-08-12
2026-10-09,20,3226.9,3.5,2026-08-12
2026-10-10,20,3095.2,3.5,2026-08-12
2026-10-11,20,2800.7,3.0,2026-08-12
2026-10-12,20,3628.8,4.0,2026-08-12
2026-07-15,21,5600.1,5.5,2026-08-12
2026-07-16,21,6250.2,6.0,2026-08-12
2026-07-17,21,5386.2,5.0,2026-08-12
2026-07-18,21,5319.1,5.0,2026-08-12
2026-07-19,21,4146.2,4.0,2026-08-12
2026-07-20,21,5957.2,6.0,2026-08-12
2026-07-21,21,6072.7,6.0,2026-08-12
2026-07-22,21,5542.9,5.5,2026-08-12
2026-07-23,21,6150.9,6.0,2026-08-12
2026-07-24,21,5317.5,5.0,2026-08-12
2026-07-25,21,5202.6,5.0,2026-08-12
2026-07-26,21,4076.9,4.0,2026-08-12
2026-07-27,21,5919.5,6.0,2026-08-12
2026-07-28,21,6032.5,6.0,2026-08-12
2026-07-29,21,5543.7,5.5,2026-08-12
2026-07-30,21,6117.9,6.0,2026-08-12
2026-07-31,21,5213.4,5.0,2026-08-12
2026-08-01,21,5560.5,5.5,2026-08-12
2026-08-02,21,4515.2,4.5,2026-08-12
2026-08-03,21,6171.8,6.0,2026-08-12
2026-08-04,21,6254.6,6.0,2026-08-12
2026-08-05,21,5693.5,5.5,2026-08-12
2026-08-06,21,6292.4,6.0,2026-08-12
2026-08-07,21,5298.3,5.0,2026-08-12
2026-08-08,21,5120.0,5.0,2026-08-12
2026-08-09,21,3986.8,4.0,2026-08-12
2026-08-10,21,5935.4,6.0,2026-08-12
2026-08-11,21,6002.2,6.0,2026-08-12
2026-08-12,21,5586.7,5.5,2026-08-12
2026-08-13,21,6130.6,6.0,2026-08-12
2026-08-14,21,5219.7,5.0,2026-08-12
2026-08-15,21,3858.3,4.0,2026-08-12
2026-08-16,21,3906.4,4.0,2026-08-12
2026-08-17,21,5556.8,5.5,2026-08-12
2026-08-18,21,5547.7,5.5,2026-08-12
2026-08-19,21,5124.8,5.0,2026-08-12
2026-08-20,21,5553.6,5.5,2026-08-12
2026-08-21,21,4618.1,4.5,2026-08-12
2026-08-22,21,5023.6,5.0,2026-08-12
2026-08-23,21,4296.7,4.0,2026-08-12
2026-08-24,21,5480.6,5.5,2026-08-12
2026-08-25,21,5295.6,5.0,2026-08-12
2026-08-26,21,4887.1,5.0,2026-08-12
2026-08-27,21,4973.8,5.0,2026-08-12
2026-08-28,21,4766.3,4.5,2026-08-12
2026-08-29,21,4578.3,4.5,2026-08-12
2026-08-30,21,4004.9,4.0,2026-08-12
2026-08-31,21,5649.9,5.5,2026-08-12
2026-09-01,21,5542.7,5.5,2026-08-12
2026-09-02,21,5091.3,5.0,2026-08-12
2026-09-03,21,5413.9,5.5,2026-08-12
2026-09-04,21,4655.2,4.5,2026-08-12
2026-09-05,21,4374.3,4.5,2026-08-12
2026-09-06,21,3846.0,3.5,2026-08-12
2026-09-07,21,5689.2,5.5,2026-08-12
2026-09-08,21,5673.3,5.5,2026-08-12
2026-09-09,21,5234.3,5.0,2026-08-12
2026-09-10,21,5603.1,5.5,2026-08-12
2026-09-11,21,4784.2,4.5,2026-08-12
2026-09-12,21,4453.8,4.5,2026-08-12
2026-09-13,21,3854.2,3.5,2026-08-12
2026-09-14,21,5675.1,5.5,2026-08-12
2026-09-15,21,5658.8,5.5,2026-08-12
2026-09-16,21,5244.5,5.0,2026-08-12
2026-09-17,21,5686.0,5.5,2026-08-12
2026-09-18,21,4833.2,4.5,2026-08-12
2026-09-19,21,4486.1,4.5,2026-08-12
2026-09-20,21,3868.6,4.0,2026-08-12
2026-09-21,21,5705.0,5.5,2026-08-12
2026-09-22,21,5692.3,5.5,2026-08-12
2026-09-23,21,5269.1,5.0,2026-08-12
2026-09-24,21,5638.4,5.5,2026-08-12
2026-09-25,21,4798.4,4.5,2026-08-12
2026-09-26,21,4488.0,4.5,2026-08-12
2026-09-27,21,3876.5,4.0,2026-08-12
2026-09-28,21,5722.5,5.5,2026-08-12
2026-09-29,21,5708.5,5.5,2026-08-12
2026-09-30,21,5278.2,5.0,2026-08-12
2026-10-01,21,5660.6,5.5,2026-08-12
2026-10-02,21,4749.0,4.5,2026-08-12
2026-10-03,21,4389.8,4.5,2026-08-12
2026-10-04,21,3757.3,3.5,2026-08-12
2026-10-05,21,5883.6,5.5,2026-08-12
2026-10-06,21,5842.4,5.5,2026-08-12
2026-10-07,21,5433.2,5.5,2026-08-12
2026-10-08,21,5884.3,5.5,2026-08-12
2026-10-09,21,4961.3,5.0,2026-08-12
2026-10-10,21,4580.7,4.5,2026-08-12
2026-10-11,21,3771.0,3.5,2026-08-12
2026-10-12,21,5987.5,6.0,2026-08-12
2026-07-15,23,3574.7,3.5,2026-08-12
2026-07-16,23,3835.7,3.5,2026-08-12
2026-07-17,23,3394.1,3.0,2026-08-12
2026-07-18,23,3269.7,3.0,2026-08-12
2026-07-19,23,2875.6,2.5,2026-08-12
2026-07-20,23,4195.4,4.0,2026-08-12
2026-07-21,23,4075.9,3.5,2026-08-12
2026-07-22,23,3584.3,3.5,2026-08-12
2026-07-23,23,3852.6,3.5,2026-08-12
2026-07-24,23,3402.3,3.0,2026-08-12
2026-07-25,23,3276.4,3.0,2026-08-12
2026-07-26,23,2874.1,2.5,2026-08-12
2026-07-27,23,4183.6,4.0,2026-08-12
2026-07-28,23,4057.1,3.5,2026-08-12
2026-07-29,23,3570.9,3.5,2026-08-12
2026-07-30,23,3836.3,3.5,2026-08-12
2026-07-31,23,3437.5,3.0,2026-08-12
2026-08-01,23,3622.1,3.5,2026-08-12
2026-08-02,23,2917.0,2.5,2026-08-12
2026-08-03,23,4327.4,4.0,2026-08-12
2026-08-04,23,4167.7,4.0,2026-08-12
2026-08-05,23,3606.0,3.5,2026-08-12
2026-08-06,23,3866.0,3.5,2026-08-12
2026-08-07,23,3401.5,3.0,2026-08-12
2026-08-08,23,3272.4,3.0,2026-08-12
2026-08-09,23,2883.0,2.5,2026-08-12
2026-08-10,23,4230.3,4.0,2026-08-12
2026-08-11,23,4114.4,4.0,2026-08-12
2026-08-12,23,3585.2,3.5,2026-08-12
2026-08-13,23,3855.3,3.5,2026-08-12
2026-08-14,23,3399.6,3.0,2026-08-12
2026-08-15,23,3158.2,3.0,2026-08-12
2026-08-16,23,3048.7,3.0,2026-08-12
2026-08-17,23,4224.5,4.0,2026-08-12
2026-08-18,23,4089.8,3.5,2026-08-12
2026-08-19,23,3518.0,3.0,2026-08-12
2026-08-20,23,3775.8,3.5,2026-08-12
2026-08-21,23,3365.7,3.0,2026-08-12
2026-08-22,23,3487.8,3.0,2026-08-12
2026-08-23,23,3067.2,3.0,2026-08-12
2026-08-24,23,4287.6,4.0,2026-08-12
2026-08-25,23,4099.5,3.5,2026-08-12
2026-08-26,23,3486.4,3.0,2026-08-12
2026-08-27,23,3600.9,3.5,2026-08-12
2026-08-28,23,3485.6,3.0,2026-08-12
2026-08-29,23,3248.9,3.0,2026-08-12
2026-08-30,23,2866.2,2.5,2026-08-12
2026-08-31,23,4168.7,4.0,2026-08-12
2026-09-01,23,4056.2,3.5,2026-08-12
2026-09-02,23,3569.3,3.5,2026-08-12
2026-09-03,23,3871.2,3.5,2026-08-12
2026-09-04,23,3441.7,3.0,2026-08-12
2026-09-05,23,3337.3,3.0,2026-08-12
2026-09-06,23,2930.5,2.5,2026-08-12
2026-09-07,23,4388.5,4.0,2026-08-12
2026-09-08,23,4314.9,4.0,2026-08-12
2026-09-09,23,3745.2,3.5,2026-08-12
2026-09-10,23,4063.4,3.5,2026-08-12
2026-09-11,23,3573.6,3.5,2026-08-12
2026-09-12,23,3408.0,3.0,2026-08-12
2026-09-13,23,2951.1,2.5,2026-08-12
2026-09-14,23,4464.8,4.0,2026-08-12
2026-09-15,23,4408.3,4.0,2026-08-12
2026-09-16,23,3794.2,3.5,2026-08-12
2026-09-17,23,4094.5,3.5,2026-08-12
2026-09-18,23,3562.7,3.5,2026-08-12
2026-09-19,23,3381.0,3.0,2026-08-12
2026-09-20,23,2939.4,2.5,2026-08-12
2026-09-21,23,4447.8,4.0,2026-08-12
2026-09-22,23,4396.3,4.0,2026-08-12
2026-09-23,23,3789.4,3.5,2026-08-12
2026-09-24,23,4116.2,4.0,2026-08-12
2026-09-25,23,3609.9,3.5,2026-08-12
2026-09-26,23,3427.5,3.0,2026-08-12
2026-09-27,23,2957.0,2.5,2026-08-12
2026-09-28,23,4500.0,4.0,2026-08-12
2026-09-29,23,4453.3,4.0,2026-08-12
2026-09-30,23,3832.2,3.5,2026-08-12
2026-10-01,23,4163.9,4.0,2026-08-12
2026-10-02,23,3661.1,3.5,2026-08-12
2026-10-03,23,3472.3,3.0,2026-08-12
2026-10-04,23,2995.0,2.5,2026-08-12
2026-10-05,23,4623.8,4.0,2026-08-12
2026-10-06,23,4617.9,4.0,2026-08-12
2026-10-07,23,3953.6,3.5,2026-08-12
2026-10-08,23,4335.4,4.0,2026-08-12
2026-10-09,23,3804.3,3.5,2026-08-12
2026-10-10,23,3575.9,3.5,2026-08-12
2026-10-11,23,3033.6,3.0,2026-08-12
2026-10-12,23,4753.6,4.5,2026-08-12
2026-07-15,24,549.4,1.0,2026-08-12
2026-07-16,24,552.9,1.0,2026-08-12
2026-07-17,24,402.5,1.0,2026-08-12
2026-07-18,24,565.3,1.0,2026-08-12
2026-07-19,24,668.3,1.0,2026-08-12
2026-07-20,24,279.0,1.0,2026-08-12
2026-07-21,24,279.4,1.0,2026-08-12
2026-07-22,24,379.3,1.0,2026-08-12
2026-07-23,24,430.2,1.0,2026-08-12
2026-07-24,24,394.3,1.0,2026-08-12
2026-07-25,24,632.5,1.0,2026-08-12
2026-07-26,24,808.9,1.0,2026-08-12
2026-07-27,24,466.2,1.0,2026-08-12
2026-07-28,24,532.1,1.0,2026-08-12
2026-07-29,24,663.5,1.0,2026-08-12
2026-07-30,24,681.7,1.0,2026-08-12
2026-07-31,24,732.9,1.0,2026-08-12
2026-08-01,24,947.0,1.0,2026-08-12
2026-08-02,24,957.2,1.0,2026-08-12
2026-08-03,24,563.7,1.0,2026-08-12
2026-08-04,24,633.7,1.0,2026-08-12
2026-08-05,24,742.9,1.0,2026-08-12
2026-08-06,24,767.6,1.0,2026-08-12
2026-08-07,24,656.4,1.0,2026-08-12
2026-08-08,24,970.1,1.0,2026-08-12
2026-08-09,24,1008.8,1.0,2026-08-12
2026-08-10,24,514.6,1.0,2026-08-12
2026-08-11,24,549.3,1.0,2026-08-12
2026-08-12,24,700.2,1.0,2026-08-12
2026-08-13,24,667.5,1.0,2026-08-12
2026-08-14,24,579.0,1.0,2026-08-12
2026-08-15,24,643.3,1.0,2026-08-12
2026-08-16,24,667.5,1.0,2026-08-12
2026-08-17,24,445.3,1.0,2026-08-12
2026-08-18,24,464.9,1.0,2026-08-12
2026-08-19,24,583.6,1.0,2026-08-12
2026-08-20,24,576.0,1.0,2026-08-12
2026-08-21,24,698.6,1.0,2026-08-12
2026-08-22,24,684.9,1.0,2026-08-12
2026-08-23,24,673.5,1.0,2026-08-12
2026-08-24,24,482.4,1.0,2026-08-12
2026-08-25,24,483.6,1.0,2026-08-12
2026-08-26,24,606.4,1.0,2026-08-12
2026-08-27,24,656.0,1.0,2026-08-12
2026-08-28,24,510.3,1.0,2026-08-12
2026-08-29,24,782.2,1.0,2026-08-12
2026-08-30,24,845.5,1.0,2026-08-12
2026-08-31,24,444.7,1.0,2026-08-12
2026-09-01,24,466.6,1.0,2026-08-12
2026-09-02,24,523.1,1.0,2026-08-12
2026-09-03,24,465.9,1.0,2026-08-12
2026-09-04,24,351.1,1.0,2026-08-12
2026-09-05,24,502.1,1.0,2026-08-12
2026-09-06,24,694.3,1.0,2026-08-12
2026-09-07,24,282.5,1.0,2026-08-12
2026-09-08,24,222.1,1.0,2026-08-12
2026-09-09,24,224.8,1.0,2026-08-12
2026-09-10,24,199.7,1.0,2026-08-12
2026-09-11,24,183.8,1.0,2026-08-12
2026-09-12,24,243.2,1.0,2026-08-12
2026-09-13,24,431.2,1.0,2026-08-12
2026-09-14,24,160.0,1.0,2026-08-12
2026-09-15,24,159.5,1.0,2026-08-12
2026-09-16,24,168.2,1.0,2026-08-12
2026-09-17,24,176.8,1.0,2026-08-12
2026-09-18,24,165.7,1.0,2026-08-12
2026-09-19,24,218.2,1.0,2026-08-12
2026-09-20,24,361.5,1.0,2026-08-12
2026-09-21,24,140.1,1.0,2026-08-12
2026-09-22,24,144.4,1.0,2026-08-12
2026-09-23,24,151.1,1.0,2026-08-12
2026-09-24,24,146.0,1.0,2026-08-12
2026-09-25,24,144.0,1.0,2026-08-12
2026-09-26,24,193.2,1.0,2026-08-12
2026-09-27,24,303.9,1.0,2026-08-12
2026-09-28,24,127.9,1.0,2026-08-12
2026-09-29,24,134.9,1.0,2026-08-12
2026-09-30,24,140.3,1.0,2026-08-12
2026-10-01,24,136.6,1.0,2026-08-12
2026-10-02,24,135.9,1.0,2026-08-12
2026-10-03,24,185.3,1.0,2026-08-12
2026-10-04,24,295.1,1.0,2026-08-12
2026-10-05,24,126.6,1.0,2026-08-12
2026-10-06,24,135.1,1.0,2026-08-12
2026-10-07,24,143.6,1.0,2026-08-12
2026-10-08,24,140.3,1.0,2026-08-12
2026-10-09,24,139.9,1.0,2026-08-12
2026-10-10,24,193.5,1.0,2026-08-12
2026-10-11,24,314.5,1.0,2026-08-12
2026-10-12,24,126.6,1.0,2026-08-12
2026-07-15,26,4369.0,6.5,2026-08-12
2026-07-16,26,4537.4,7.0,2026-08-12
2026-07-17,26,4179.4,6.5,2026-08-12
2026-07-18,26,4223.3,6.5,2026-08-12
2026-07-19,26,3799.5,6.0,2026-08-12
2026-07-20,26,3773.5,5.5,2026-08-12
2026-07-21,26,4322.3,6.5,2026-08-12
2026-07-22,26,4067.4,6.0,2026-08-12
2026-07-23,26,4444.4,7.0,2026-08-12
2026-07-24,26,4083.0,6.0,2026-08-12
2026-07-25,26,4120.7,6.5,2026-08-12
2026-07-26,26,3768.0,5.5,2026-08-12
2026-07-27,26,3871.5,6.0,2026-08-12
2026-07-28,26,4366.9,6.5,2026-08-12
2026-07-29,26,4076.9,6.0,2026-08-12
2026-07-30,26,4435.9,7.0,2026-08-12
2026-07-31,26,4291.9,6.5,2026-08-12
2026-08-01,26,4337.0,6.5,2026-08-12
2026-08-02,26,4114.0,6.5,2026-08-12
2026-08-03,26,4537.1,7.0,2026-08-12
2026-08-04,26,4753.8,7.0,2026-08-12
2026-08-05,26,4480.5,7.0,2026-08-12
2026-08-06,26,4699.4,7.0,2026-08-12
2026-08-07,26,4285.4,6.5,2026-08-12
2026-08-08,26,4237.4,6.5,2026-08-12
2026-08-09,26,3956.2,6.0,2026-08-12
2026-08-10,26,4390.7,6.5,2026-08-12
2026-08-11,26,4641.3,7.0,2026-08-12
2026-08-12,26,4351.9,6.5,2026-08-12
2026-08-13,26,4547.6,7.0,2026-08-12
2026-08-14,26,4198.6,6.5,2026-08-12
2026-08-15,26,4077.6,6.0,2026-08-12
2026-08-16,26,4009.5,6.0,2026-08-12
2026-08-17,26,4422.7,6.5,2026-08-12
2026-08-18,26,4675.2,7.0,2026-08-12
2026-08-19,26,4393.4,6.5,2026-08-12
2026-08-20,26,4565.4,7.0,2026-08-12
2026-08-21,26,4425.7,6.5,2026-08-12
2026-08-22,26,4456.1,7.0,2026-08-12
2026-08-23,26,4265.3,6.5,2026-08-12
2026-08-24,26,4702.8,7.0,2026-08-12
2026-08-25,26,4885.4,7.5,2026-08-12
2026-08-26,26,4619.7,7.0,2026-08-12
2026-08-27,26,4850.5,7.5,2026-08-12
2026-08-28,26,4424.9,6.5,2026-08-12
2026-08-29,26,4379.4,6.5,2026-08-12
2026-08-30,26,4190.7,6.5,2026-08-12
2026-08-31,26,4651.4,7.0,2026-08-12
2026-09-01,26,4821.8,7.5,2026-08-12
2026-09-02,26,4509.6,7.0,2026-08-12
2026-09-03,26,4599.2,7.0,2026-08-12
2026-09-04,26,4219.5,6.5,2026-08-12
2026-09-05,26,4106.0,6.0,2026-08-12
2026-09-06,26,3798.1,6.0,2026-08-12
2026-09-07,26,4250.0,6.5,2026-08-12
2026-09-08,26,4408.0,6.5,2026-08-12
2026-09-09,26,4132.8,6.5,2026-08-12
2026-09-10,26,4250.4,6.5,2026-08-12
2026-09-11,26,4077.4,6.0,2026-08-12
2026-09-12,26,4055.8,6.0,2026-08-12
2026-09-13,26,3733.4,5.5,2026-08-12
2026-09-14,26,4227.6,6.5,2026-08-12
2026-09-15,26,4386.5,6.5,2026-08-12
2026-09-16,26,4106.6,6.5,2026-08-12
2026-09-17,26,4230.1,6.5,2026-08-12
2026-09-18,26,4074.8,6.0,2026-08-12
2026-09-19,26,4053.6,6.0,2026-08-12
2026-09-20,26,3727.1,5.5,2026-08-12
2026-09-21,26,4286.7,6.5,2026-08-12
2026-09-22,26,4479.7,7.0,2026-08-12
2026-09-23,26,4169.6,6.5,2026-08-12
2026-09-24,26,4296.0,6.5,2026-08-12
2026-09-25,26,4118.6,6.5,2026-08-12
2026-09-26,26,4067.8,6.0,2026-08-12
2026-09-27,26,3680.1,5.5,2026-08-12
2026-09-28,26,4406.3,6.5,2026-08-12
2026-09-29,26,4659.5,7.0,2026-08-12
2026-09-30,26,4238.5,6.5,2026-08-12
2026-10-01,26,4445.4,7.0,2026-08-12
2026-10-02,26,4212.3,6.5,2026-08-12
2026-10-03,26,4097.5,6.0,2026-08-12
2026-10-04,26,3644.3,5.5,2026-08-12
2026-10-05,26,4386.3,6.5,2026-08-12
2026-10-06,26,4578.4,7.0,2026-08-12
2026-10-07,26,4157.5,6.5,2026-08-12
2026-10-08,26,4310.2,6.5,2026-08-12
2026-10-09,26,4190.3,6.5,2026-08-12
2026-10-10,26,4103.2,6.0,2026-08-12
2026-10-11,26,3640.4,5.5,2026-08-12
2026-10-12,26,4389.4,6.5,2026-08-12
2026-07-15,27,641.7,1.0,2026-08-12
2026-07-16,27,514.7,1.0,2026-08-12
2026-07-17,27,375.0,1.0,2026-08-12
2026-07-18,27,197.3,1.0,2026-08-12
2026-07-19,27,74.9,1.0,2026-08-12
2026-07-20,27,226.3,1.0,2026-08-12
2026-07-21,27,193.9,1.0,2026-08-12
2026-07-22,27,175.1,1.0,2026-08-12
2026-07-23,27,73.9,1.0,2026-08-12
2026-07-24,27,49.2,1.0,2026-08-12
2026-07-25,27,18.3,1.0,2026-08-12
2026-07-26,27,10.6,1.0,2026-08-12
2026-07-27,27,57.5,1.0,2026-08-12
2026-07-28,27,26.9,1.0,2026-08-12
2026-07-29,27,26.2,1.0,2026-08-12
2026-07-30,27,-1.3,0.0,2026-08-12
2026-07-31,27,-11.7,0.0,2026-08-12
2026-08-01,27,-41.0,0.0,2026-08-12
2026-08-02,27,-40.5,0.0,2026-08-12
2026-08-03,27,-26.7,0.0,2026-08-12
2026-08-04,27,-54.9,0.0,2026-08-12
2026-08-05,27,-32.1,0.0,2026-08-12
2026-08-06,27,-32.4,0.0,2026-08-12
2026-08-07,27,-30.7,0.0,2026-08-12
2026-08-08,27,-42.0,0.0,2026-08-12
2026-08-09,27,-32.1,0.0,2026-08-12
2026-08-10,27,62.0,1.0,2026-08-12
2026-08-11,27,-12.5,0.0,2026-08-12
2026-08-12,27,2.8,1.0,2026-08-12
2026-08-13,27,-13.7,0.0,2026-08-12
2026-08-14,27,-19.0,0.0,2026-08-12
2026-08-15,27,-51.5,0.0,2026-08-12
2026-08-16,27,-35.2,0.0,2026-08-12
2026-08-17,27,27.0,1.0,2026-08-12
2026-08-18,27,-32.3,0.0,2026-08-12
2026-08-19,27,-31.3,0.0,2026-08-12
2026-08-20,27,-48.7,0.0,2026-08-12
2026-08-21,27,-58.1,0.0,2026-08-12
2026-08-22,27,-103.6,0.0,2026-08-12
2026-08-23,27,-47.9,0.0,2026-08-12
2026-08-24,27,-27.2,0.0,2026-08-12
2026-08-25,27,-76.4,0.0,2026-08-12
2026-08-26,27,-72.1,0.0,2026-08-12
2026-08-27,27,-82.3,0.0,2026-08-12
2026-08-28,27,-77.4,0.0,2026-08-12
2026-08-29,27,-71.8,0.0,2026-08-12
2026-08-30,27,-50.2,0.0,2026-08-12
2026-08-31,27,-8.0,0.0,2026-08-12
2026-09-01,27,-42.8,0.0,2026-08-12
2026-09-02,27,-18.7,0.0,2026-08-12
2026-09-03,27,-19.2,0.0,2026-08-12
2026-09-04,27,-11.3,0.0,2026-08-12
2026-09-05,27,-24.3,0.0,2026-08-12
2026-09-06,27,-34.0,0.0,2026-08-12
2026-09-07,27,223.3,1.0,2026-08-12
2026-09-08,27,187.9,1.0,2026-08-12
2026-09-09,27,278.2,1.0,2026-08-12
2026-09-10,27,329.9,1.0,2026-08-12
2026-09-11,27,298.9,1.0,2026-08-12
2026-09-12,27,208.5,1.0,2026-08-12
2026-09-13,27,-42.2,0.0,2026-08-12
2026-09-14,27,740.8,1.0,2026-08-12
2026-09-15,27,851.8,1.0,2026-08-12
2026-09-16,27,817.6,1.0,2026-08-12
2026-09-17,27,752.0,1.0,2026-08-12
2026-09-18,27,613.8,1.0,2026-08-12
2026-09-19,27,454.6,1.0,2026-08-12
2026-09-20,27,-33.0,0.0,2026-08-12
2026-09-21,27,809.3,1.0,2026-08-12
2026-09-22,27,889.3,1.0,2026-08-12
2026-09-23,27,824.1,1.0,2026-08-12
2026-09-24,27,781.3,1.0,2026-08-12
2026-09-25,27,647.2,1.0,2026-08-12
2026-09-26,27,454.5,1.0,2026-08-12
2026-09-27,27,-76.7,0.0,2026-08-12
2026-09-28,27,890.2,1.0,2026-08-12
2026-09-29,27,928.5,1.0,2026-08-12
2026-09-30,27,840.3,1.0,2026-08-12
2026-10-01,27,790.4,1.0,2026-08-12
2026-10-02,27,653.5,1.0,2026-08-12
2026-10-03,27,451.1,1.0,2026-08-12
2026-10-04,27,-82.8,0.0,2026-08-12
2026-10-05,27,883.2,1.0,2026-08-12
2026-10-06,27,895.5,1.0,2026-08-12
2026-10-07,27,824.7,1.0,2026-08-12
2026-10-08,27,824.6,1.0,2026-08-12
2026-10-09,27,675.2,1.0,2026-08-12
2026-10-10,27,455.4,1.0,2026-08-12
2026-10-11,27,-80.2,0.0,2026-08-12
2026-10-12,27,905.2,1.0,2026-08-12
2026-07-15,3,4568.6,6.0,2026-08-12
2026-07-16,3,4684.5,6.0,2026-08-12
2026-07-17,3,4189.8,5.5,2026-08-12
2026-07-18,3,3631.9,5.0,2026-08-12
2026-07-19,3,2291.3,3.0,2026-08-12
2026-07-20,3,5093.7,6.5,2026-08-12
2026-07-21,3,4994.0,6.5,2026-08-12
2026-07-22,3,4945.1,6.5,2026-08-12
2026-07-23,3,5051.3,6.5,2026-08-12
2026-07-24,3,4560.3,6.0,2026-08-12
2026-07-25,3,3966.7,5.0,2026-08-12
2026-07-26,3,2472.8,3.5,2026-08-12
2026-07-27,3,5388.2,7.0,2026-08-12
2026-07-28,3,5219.7,7.0,2026-08-12
2026-07-29,3,5168.4,7.0,2026-08-12
2026-07-30,3,5229.0,7.0,2026-08-12
2026-07-31,3,4351.8,5.5,2026-08-12
2026-08-01,3,4731.6,6.0,2026-08-12
2026-08-02,3,2864.0,4.0,2026-08-12
2026-08-03,3,5764.9,7.5,2026-08-12
2026-08-04,3,5477.5,7.0,2026-08-12
2026-08-05,3,5376.5,7.0,2026-08-12
2026-08-06,3,5381.6,7.0,2026-08-12
2026-08-07,3,4910.2,6.5,2026-08-12
2026-08-08,3,4244.5,5.5,2026-08-12
2026-08-09,3,2678.8,3.5,2026-08-12
2026-08-10,3,5665.1,7.5,2026-08-12
2026-08-11,3,5465.1,7.0,2026-08-12
2026-08-12,3,5375.0,7.0,2026-08-12
2026-08-13,3,5403.7,7.0,2026-08-12
2026-08-14,3,4939.1,6.5,2026-08-12
2026-08-15,3,3965.3,5.0,2026-08-12
2026-08-16,3,3069.6,4.0,2026-08-12
2026-08-17,3,5650.5,7.5,2026-08-12
2026-08-18,3,5572.4,7.5,2026-08-12
2026-08-19,3,5412.1,7.0,2026-08-12
2026-08-20,3,5465.8,7.0,2026-08-12
2026-08-21,3,4621.2,6.0,2026-08-12
2026-08-22,3,4709.0,6.0,2026-08-12
2026-08-23,3,3394.2,4.5,2026-08-12
2026-08-24,3,5874.0,8.0,2026-08-12
2026-08-25,3,5697.2,7.5,2026-08-12
2026-08-26,3,5508.7,7.5,2026-08-12
2026-08-27,3,5140.2,7.0,2026-08-12
2026-08-28,3,5228.7,7.0,2026-08-12
2026-08-29,3,4628.0,6.0,2026-08-12
2026-08-30,3,2949.8,4.0,2026-08-12
2026-08-31,3,5882.8,8.0,2026-08-12
2026-09-01,3,5603.6,7.5,2026-08-12
2026-09-02,3,5506.6,7.5,2026-08-12
2026-09-03,3,5501.6,7.5,2026-08-12
2026-09-04,3,5002.7,6.5,2026-08-12
2026-09-05,3,4340.5,5.5,2026-08-12
2026-09-06,3,2687.4,3.5,2026-08-12
2026-09-07,3,5770.0,7.5,2026-08-12
2026-09-08,3,5551.8,7.5,2026-08-12
2026-09-09,3,5472.8,7.0,2026-08-12
2026-09-10,3,5482.8,7.0,2026-08-12
2026-09-11,3,4997.2,6.5,2026-08-12
2026-09-12,3,4300.6,5.5,2026-08-12
2026-09-13,3,2656.6,3.5,2026-08-12
2026-09-14,3,5730.8,7.5,2026-08-12
2026-09-15,3,5531.6,7.5,2026-08-12
2026-09-16,3,5457.7,7.0,2026-08-12
2026-09-17,3,5475.5,7.0,2026-08-12
2026-09-18,3,5006.1,6.5,2026-08-12
2026-09-19,3,4286.8,5.5,2026-08-12
2026-09-20,3,2639.0,3.5,2026-08-12
2026-09-21,3,5720.4,7.5,2026-08-12
2026-09-22,3,5522.8,7.5,2026-08-12
2026-09-23,3,5453.7,7.0,2026-08-12
2026-09-24,3,5470.5,7.0,2026-08-12
2026-09-25,3,4988.2,6.5,2026-08-12
2026-09-26,3,4296.5,5.5,2026-08-12
2026-09-27,3,2650.2,3.5,2026-08-12
2026-09-28,3,5724.0,7.5,2026-08-12
2026-09-29,3,5522.8,7.5,2026-08-12
2026-09-30,3,5451.0,7.0,2026-08-12
2026-10-01,3,5467.8,7.0,2026-08-12
2026-10-02,3,4970.0,6.5,2026-08-12
2026-10-03,3,4238.3,5.5,2026-08-12
2026-10-04,3,2570.1,3.5,2026-08-12
2026-10-05,3,5700.6,7.5,2026-08-12
2026-10-06,3,5521.9,7.5,2026-08-12
2026-10-07,3,5458.6,7.0,2026-08-12
2026-10-08,3,5484.1,7.0,2026-08-12
2026-10-09,3,4986.0,6.5,2026-08-12
2026-10-10,3,4236.2,5.5,2026-08-12
2026-10-11,3,2550.5,3.5,2026-08-12
2026-10-12,3,5696.0,7.5,2026-08-12
2026-07-15,31,3452.1,6.5,2026-08-12
2026-07-16,31,3366.9,6.0,2026-08-12
2026-07-17,31,2969.1,5.5,2026-08-12
2026-07-18,31,2960.1,5.5,2026-08-12
2026-07-19,31,2634.1,5.0,2026-08-12
2026-07-20,31,3510.2,6.5,2026-08-12
2026-07-21,31,3569.7,6.5,2026-08-12
2026-07-22,31,3567.2,6.5,2026-08-12
2026-07-23,31,3543.5,6.5,2026-08-12
2026-07-24,31,3084.0,5.5,2026-08-12
2026-07-25,31,3042.1,5.5,2026-08-12
2026-07-26,31,2667.4,5.0,2026-08-12
2026-07-27,31,3544.4,6.5,2026-08-12
2026-07-28,31,3611.6,6.5,2026-08-12
2026-07-29,31,3629.4,6.5,2026-08-12
2026-07-30,31,3584.8,6.5,2026-08-12
2026-07-31,31,3422.0,6.5,2026-08-12
2026-08-01,31,3383.2,6.0,2026-08-12
2026-08-02,31,2922.4,5.5,2026-08-12
2026-08-03,31,3756.4,7.0,2026-08-12
2026-08-04,31,3777.5,7.0,2026-08-12
2026-08-05,31,3722.7,7.0,2026-08-12
2026-08-06,31,3715.7,7.0,2026-08-12
2026-08-07,31,3249.0,6.0,2026-08-12
2026-08-08,31,3195.7,6.0,2026-08-12
2026-08-09,31,2762.2,5.0,2026-08-12
2026-08-10,31,3646.7,6.5,2026-08-12
2026-08-11,31,3723.1,7.0,2026-08-12
2026-08-12,31,3687.3,7.0,2026-08-12
2026-08-13,31,3684.5,7.0,2026-08-12
2026-08-14,31,3227.2,6.0,2026-08-12
2026-08-15,31,3195.9,6.0,2026-08-12
2026-08-16,31,2847.8,5.0,2026-08-12
2026-08-17,31,3731.2,7.0,2026-08-12
2026-08-18,31,3776.8,7.0,2026-08-12
2026-08-19,31,3728.8,7.0,2026-08-12
2026-08-20,31,3716.9,7.0,2026-08-12
2026-08-21,31,3544.7,6.5,2026-08-12
2026-08-22,31,3608.6,6.5,2026-08-12
2026-08-23,31,3052.7,5.5,2026-08-12
2026-08-24,31,3878.9,7.0,2026-08-12
2026-08-25,31,3881.7,7.0,2026-08-12
2026-08-26,31,3785.6,7.0,2026-08-12
2026-08-27,31,3865.9,7.0,2026-08-12
2026-08-28,31,3486.0,6.5,2026-08-12
2026-08-29,31,3408.3,6.0,2026-08-12
2026-08-30,31,2901.8,5.5,2026-08-12
2026-08-31,31,3767.8,7.0,2026-08-12
2026-09-01,31,3828.1,7.0,2026-08-12
2026-09-02,31,3778.9,7.0,2026-08-12
2026-09-03,31,3809.9,7.0,2026-08-12
2026-09-04,31,3364.8,6.0,2026-08-12
2026-09-05,31,3282.0,6.0,2026-08-12
2026-09-06,31,2790.5,5.0,2026-08-12
2026-09-07,31,3699.3,7.0,2026-08-12
2026-09-08,31,3818.0,7.0,2026-08-12
2026-09-09,31,3742.7,7.0,2026-08-12
2026-09-10,31,3781.7,7.0,2026-08-12
2026-09-11,31,3329.7,6.0,2026-08-12
2026-09-12,31,3245.4,6.0,2026-08-12
2026-09-13,31,2776.4,5.0,2026-08-12
2026-09-14,31,3679.7,6.5,2026-08-12
2026-09-15,31,3809.7,7.0,2026-08-12
2026-09-16,31,3736.1,7.0,2026-08-12
2026-09-17,31,3758.7,7.0,2026-08-12
2026-09-18,31,3305.0,6.0,2026-08-12
2026-09-19,31,3232.8,6.0,2026-08-12
2026-09-20,31,2768.7,5.0,2026-08-12
2026-09-21,31,3674.0,6.5,2026-08-12
2026-09-22,31,3801.6,7.0,2026-08-12
2026-09-23,31,3732.5,7.0,2026-08-12
2026-09-24,31,3766.0,7.0,2026-08-12
2026-09-25,31,3317.2,6.0,2026-08-12
2026-09-26,31,3230.5,6.0,2026-08-12
2026-09-27,31,2771.0,5.0,2026-08-12
2026-09-28,31,3672.2,6.5,2026-08-12
2026-09-29,31,3797.0,7.0,2026-08-12
2026-09-30,31,3731.0,7.0,2026-08-12
2026-10-01,31,3771.1,7.0,2026-08-12
2026-10-02,31,3365.7,6.0,2026-08-12
2026-10-03,31,3285.7,6.0,2026-08-12
2026-10-04,31,2796.0,5.0,2026-08-12
2026-10-05,31,3720.1,7.0,2026-08-12
2026-10-06,31,3886.3,7.0,2026-08-12
2026-10-07,31,3780.7,7.0,2026-08-12
2026-10-08,31,3852.8,7.0,2026-08-12
2026-10-09,31,3425.0,6.5,2026-08-12
2026-10-10,31,3325.6,6.0,2026-08-12
2026-10-11,31,2810.1,5.0,2026-08-12
2026-10-12,31,3736.9,7.0,2026-08-12
2026-07-15,32,2006.4,4.5,2026-08-12
2026-07-16,32,1932.3,4.5,2026-08-12
2026-07-17,32,1732.8,4.0,2026-08-12
2026-07-18,32,1868.6,4.0,2026-08-12
2026-07-19,32,2020.2,4.5,2026-08-12
2026-07-20,32,1908.1,4.5,2026-08-12
2026-07-21,32,1803.6,4.0,2026-08-12
2026-07-22,32,1799.8,4.0,2026-08-12
2026-07-23,32,1695.2,4.0,2026-08-12
2026-07-24,32,1498.3,3.5,2026-08-12
2026-07-25,32,1636.3,3.5,2026-08-12
2026-07-26,32,1753.8,4.0,2026-08-12
2026-07-27,32,1713.9,4.0,2026-08-12
2026-07-28,32,1620.8,3.5,2026-08-12
2026-07-29,32,1595.2,3.5,2026-08-12
2026-07-30,32,1513.4,3.5,2026-08-12
2026-07-31,32,1483.0,3.5,2026-08-12
2026-08-01,32,1451.0,3.0,2026-08-12
2026-08-02,32,1527.4,3.5,2026-08-12
2026-08-03,32,1533.1,3.5,2026-08-12
2026-08-04,32,1466.6,3.5,2026-08-12
2026-08-05,32,1444.3,3.0,2026-08-12
2026-08-06,32,1388.7,3.0,2026-08-12
2026-08-07,32,1213.6,2.5,2026-08-12
2026-08-08,32,1368.7,3.0,2026-08-12
2026-08-09,32,1453.7,3.0,2026-08-12
2026-08-10,32,1497.6,3.5,2026-08-12
2026-08-11,32,1439.5,3.0,2026-08-12
2026-08-12,32,1408.9,3.0,2026-08-12
2026-08-13,32,1347.1,3.0,2026-08-12
2026-08-14,32,1173.4,2.5,2026-08-12
2026-08-15,32,1312.7,3.0,2026-08-12
2026-08-16,32,1342.6,3.0,2026-08-12
2026-08-17,32,1398.3,3.0,2026-08-12
2026-08-18,32,1371.4,3.0,2026-08-12
2026-08-19,32,1374.8,3.0,2026-08-12
2026-08-20,32,1357.0,3.0,2026-08-12
2026-08-21,32,1382.0,3.0,2026-08-12
2026-08-22,32,1381.6,3.0,2026-08-12
2026-08-23,32,1427.9,3.0,2026-08-12
2026-08-24,32,1490.5,3.5,2026-08-12
2026-08-25,32,1505.1,3.5,2026-08-12
2026-08-26,32,1575.3,3.5,2026-08-12
2026-08-27,32,1671.5,3.5,2026-08-12
2026-08-28,32,1521.0,3.5,2026-08-12
2026-08-29,32,1757.3,4.0,2026-08-12
2026-08-30,32,1915.2,4.5,2026-08-12
2026-08-31,32,1858.5,4.0,2026-08-12
2026-09-01,32,1743.2,4.0,2026-08-12
2026-09-02,32,1704.5,4.0,2026-08-12
2026-09-03,32,1590.4,3.5,2026-08-12
2026-09-04,32,1383.5,3.0,2026-08-12
2026-09-05,32,1514.7,3.5,2026-08-12
2026-09-06,32,1604.3,3.5,2026-08-12
2026-09-07,32,1599.7,3.5,2026-08-12
2026-09-08,32,1501.8,3.5,2026-08-12
2026-09-09,32,1432.1,3.0,2026-08-12
2026-09-10,32,1332.4,3.0,2026-08-12
2026-09-11,32,1123.9,2.5,2026-08-12
2026-09-12,32,1198.8,2.5,2026-08-12
2026-09-13,32,1205.8,2.5,2026-08-12
2026-09-14,32,1259.8,3.0,2026-08-12
2026-09-15,32,1198.9,2.5,2026-08-12
2026-09-16,32,1117.6,2.5,2026-08-12
2026-09-17,32,1038.4,2.5,2026-08-12
2026-09-18,32,864.5,2.0,2026-08-12
2026-09-19,32,926.7,2.0,2026-08-12
2026-09-20,32,914.0,2.0,2026-08-12
2026-09-21,32,1020.2,2.5,2026-08-12
2026-09-22,32,1014.5,2.5,2026-08-12
2026-09-23,32,957.1,2.0,2026-08-12
2026-09-24,32,907.9,2.0,2026-08-12
2026-09-25,32,770.6,1.5,2026-08-12
2026-09-26,32,832.2,2.0,2026-08-12
2026-09-27,32,811.4,2.0,2026-08-12
2026-09-28,32,932.4,2.0,2026-08-12
2026-09-29,32,946.4,2.0,2026-08-12
2026-09-30,32,899.4,2.0,2026-08-12
2026-10-01,32,857.7,2.0,2026-08-12
2026-10-02,32,732.0,1.5,2026-08-12
2026-10-03,32,775.1,1.5,2026-08-12
2026-10-04,32,730.6,1.5,2026-08-12
2026-10-05,32,854.6,2.0,2026-08-12
2026-10-06,32,883.0,2.0,2026-08-12
2026-10-07,32,834.9,2.0,2026-08-12
2026-10-08,32,794.8,2.0,2026-08-12
2026-10-09,32,678.8,1.5,2026-08-12
2026-10-10,32,706.4,1.5,2026-08-12
2026-10-11,32,662.0,1.5,2026-08-12
2026-10-12,32,818.5,2.0,2026-08-12
2026-07-15,33,2198.2,6.0,2026-08-12
2026-07-16,33,2156.1,5.5,2026-08-12
2026-07-17,33,2010.7,5.5,2026-08-12
2026-07-18,33,2122.7,5.5,2026-08-12
2026-07-19,33,2129.6,5.5,2026-08-12
2026-07-20,33,2310.9,6.0,2026-08-12
2026-07-21,33,2233.9,6.0,2026-08-12
2026-07-22,33,2221.4,6.0,2026-08-12
2026-07-23,33,2184.1,6.0,2026-08-12
2026-07-24,33,2033.1,5.5,2026-08-12
2026-07-25,33,2145.4,5.5,2026-08-12
2026-07-26,33,2148.8,5.5,2026-08-12
2026-07-27,33,2321.4,6.0,2026-08-12
2026-07-28,33,2251.1,6.0,2026-08-12
2026-07-29,33,2236.1,6.0,2026-08-12
2026-07-30,33,2195.1,6.0,2026-08-12
2026-07-31,33,2261.0,6.0,2026-08-12
2026-08-01,33,2281.0,6.0,2026-08-12
2026-08-02,33,2251.2,6.0,2026-08-12
2026-08-03,33,2385.3,6.5,2026-08-12
2026-08-04,33,2300.0,6.0,2026-08-12
2026-08-05,33,2274.9,6.0,2026-08-12
2026-08-06,33,2235.6,6.0,2026-08-12
2026-08-07,33,2087.0,5.5,2026-08-12
2026-08-08,33,2201.8,6.0,2026-08-12
2026-08-09,33,2199.5,6.0,2026-08-12
2026-08-10,33,2360.6,6.0,2026-08-12
2026-08-11,33,2280.3,6.0,2026-08-12
2026-08-12,33,2265.5,6.0,2026-08-12
2026-08-13,33,2226.7,6.0,2026-08-12
2026-08-14,33,2074.6,5.5,2026-08-12
2026-08-15,33,2232.9,6.0,2026-08-12
2026-08-16,33,2237.7,6.0,2026-08-12
2026-08-17,33,2378.5,6.5,2026-08-12
2026-08-18,33,2299.2,6.0,2026-08-12
2026-08-19,33,2273.5,6.0,2026-08-12
2026-08-20,33,2227.7,6.0,2026-08-12
2026-08-21,33,2289.6,6.0,2026-08-12
2026-08-22,33,2335.3,6.0,2026-08-12
2026-08-23,33,2313.4,6.0,2026-08-12
2026-08-24,33,2421.4,6.5,2026-08-12
2026-08-25,33,2329.9,6.0,2026-08-12
2026-08-26,33,2300.2,6.0,2026-08-12
2026-08-27,33,2334.8,6.0,2026-08-12
2026-08-28,33,2176.7,5.5,2026-08-12
2026-08-29,33,2260.1,6.0,2026-08-12
2026-08-30,33,2243.5,6.0,2026-08-12
2026-08-31,33,2386.6,6.5,2026-08-12
2026-09-01,33,2300.3,6.0,2026-08-12
2026-09-02,33,2254.5,6.0,2026-08-12
2026-09-03,33,2200.6,6.0,2026-08-12
2026-09-04,33,2042.1,5.5,2026-08-12
2026-09-05,33,2141.0,5.5,2026-08-12
2026-09-06,33,2130.0,5.5,2026-08-12
2026-09-07,33,2293.3,6.0,2026-08-12
2026-09-08,33,2205.7,6.0,2026-08-12
2026-09-09,33,2181.9,5.5,2026-08-12
2026-09-10,33,2135.9,5.5,2026-08-12
2026-09-11,33,1988.7,5.0,2026-08-12
2026-09-12,33,2090.8,5.5,2026-08-12
2026-09-13,33,2084.7,5.5,2026-08-12
2026-09-14,33,2255.8,6.0,2026-08-12
2026-09-15,33,2171.1,5.5,2026-08-12
2026-09-16,33,2151.5,5.5,2026-08-12
2026-09-17,33,2106.5,5.5,2026-08-12
2026-09-18,33,1961.3,5.0,2026-08-12
2026-09-19,33,2067.9,5.5,2026-08-12
2026-09-20,33,2060.8,5.5,2026-08-12
2026-09-21,33,2236.6,6.0,2026-08-12
2026-09-22,33,2151.2,5.5,2026-08-12
2026-09-23,33,2131.8,5.5,2026-08-12
2026-09-24,33,2087.3,5.5,2026-08-12
2026-09-25,33,1942.8,5.0,2026-08-12
2026-09-26,33,2048.3,5.5,2026-08-12
2026-09-27,33,2038.8,5.5,2026-08-12
2026-09-28,33,2214.1,6.0,2026-08-12
2026-09-29,33,2128.4,5.5,2026-08-12
2026-09-30,33,2112.0,5.5,2026-08-12
2026-10-01,33,2072.3,5.5,2026-08-12
2026-10-02,33,1895.4,5.0,2026-08-12
2026-10-03,33,1985.2,5.0,2026-08-12
2026-10-04,33,1967.8,5.0,2026-08-12
2026-10-05,33,2142.6,5.5,2026-08-12
2026-10-06,33,2048.2,5.5,2026-08-12
2026-10-07,33,2031.4,5.5,2026-08-12
2026-10-08,33,1986.6,5.0,2026-08-12
2026-10-09,33,1850.6,5.0,2026-08-12
2026-10-10,33,1953.3,5.0,2026-08-12
2026-10-11,33,1940.8,5.0,2026-08-12
2026-10-12,33,2115.5,5.5,2026-08-12
2026-07-15,35,4486.6,6.0,2026-08-12
2026-07-16,35,4645.2,6.0,2026-08-12
2026-07-17,35,4083.1,5.5,2026-08-12
2026-07-18,35,4039.9,5.0,2026-08-12
2026-07-19,35,3843.7,5.0,2026-08-12
2026-07-20,35,5082.6,6.5,2026-08-12
2026-07-21,35,4851.5,6.0,2026-08-12
2026-07-22,35,4437.1,5.5,2026-08-12
2026-07-23,35,4632.9,6.0,2026-08-12
2026-07-24,35,4072.8,5.0,2026-08-12
2026-07-25,35,4056.0,5.0,2026-08-12
2026-07-26,35,3839.5,5.0,2026-08-12
2026-07-27,35,5277.8,7.0,2026-08-12
2026-07-28,35,5068.6,6.5,2026-08-12
2026-07-29,35,4579.5,6.0,2026-08-12
2026-07-30,35,4765.7,6.0,2026-08-12
2026-07-31,35,4370.2,5.5,2026-08-12
2026-08-01,35,4380.4,5.5,2026-08-12
2026-08-02,35,4032.3,5.0,2026-08-12
2026-08-03,35,5319.1,7.0,2026-08-12
2026-08-04,35,5027.3,6.5,2026-08-12
2026-08-05,35,4508.6,6.0,2026-08-12
2026-08-06,35,4657.6,6.0,2026-08-12
2026-08-07,35,4060.0,5.0,2026-08-12
2026-08-08,35,3962.8,5.0,2026-08-12
2026-08-09,35,3835.2,5.0,2026-08-12
2026-08-10,35,5204.3,6.5,2026-08-12
2026-08-11,35,4946.2,6.5,2026-08-12
2026-08-12,35,4470.7,6.0,2026-08-12
2026-08-13,35,4636.2,6.0,2026-08-12
2026-08-14,35,4047.1,5.0,2026-08-12
2026-08-15,35,3804.7,5.0,2026-08-12
2026-08-16,35,3994.0,5.0,2026-08-12
2026-08-17,35,5785.0,7.5,2026-08-12
2026-08-18,35,5394.4,7.0,2026-08-12
2026-08-19,35,4672.3,6.0,2026-08-12
2026-08-20,35,4742.4,6.0,2026-08-12
2026-08-21,35,4207.7,5.5,2026-08-12
2026-08-22,35,4211.5,5.5,2026-08-12
2026-08-23,35,4394.1,5.5,2026-08-12
2026-08-24,35,5907.5,7.5,2026-08-12
2026-08-25,35,5383.2,7.0,2026-08-12
2026-08-26,35,4603.1,6.0,2026-08-12
2026-08-27,35,4315.0,5.5,2026-08-12
2026-08-28,35,4164.0,5.5,2026-08-12
2026-08-29,35,4109.5,5.5,2026-08-12
2026-08-30,35,3978.5,5.0,2026-08-12
2026-08-31,35,4733.5,6.0,2026-08-12
2026-09-01,35,4570.9,6.0,2026-08-12
2026-09-02,35,4266.3,5.5,2026-08-12
2026-09-03,35,4495.5,6.0,2026-08-12
2026-09-04,35,3994.4,5.0,2026-08-12
2026-09-05,35,3961.7,5.0,2026-08-12
2026-09-06,35,3825.9,5.0,2026-08-12
2026-09-07,35,5713.5,7.5,2026-08-12
2026-09-08,35,5503.9,7.0,2026-08-12
2026-09-09,35,4904.9,6.5,2026-08-12
2026-09-10,35,5191.3,6.5,2026-08-12
2026-09-11,35,4407.8,5.5,2026-08-12
2026-09-12,35,4176.2,5.5,2026-08-12
2026-09-13,35,3848.2,5.0,2026-08-12
2026-09-14,35,6339.9,8.0,2026-08-12
2026-09-15,35,6248.2,8.0,2026-08-12
2026-09-16,35,5374.3,7.0,2026-08-12
2026-09-17,35,5635.8,7.5,2026-08-12
2026-09-18,35,4580.2,6.0,2026-08-12
2026-09-19,35,4223.6,5.5,2026-08-12
2026-09-20,35,3837.1,5.0,2026-08-12
2026-09-21,35,6046.7,8.0,2026-08-12
2026-09-22,35,5912.2,7.5,2026-08-12
2026-09-23,35,5146.8,6.5,2026-08-12
2026-09-24,35,5448.7,7.0,2026-08-12
2026-09-25,35,4488.1,6.0,2026-08-12
2026-09-26,35,4181.7,5.5,2026-08-12
2026-09-27,35,3845.9,5.0,2026-08-12
2026-09-28,35,6091.6,8.0,2026-08-12
2026-09-29,35,5943.4,7.5,2026-08-12
2026-09-30,35,5147.3,6.5,2026-08-12
2026-10-01,35,5457.9,7.0,2026-08-12
2026-10-02,35,4492.2,6.0,2026-08-12
2026-10-03,35,4230.3,5.5,2026-08-12
2026-10-04,35,3790.6,5.0,2026-08-12
2026-10-05,35,6536.4,8.5,2026-08-12
2026-10-06,35,6504.2,8.5,2026-08-12
2026-10-07,35,5652.3,7.5,2026-08-12
2026-10-08,35,6158.5,8.0,2026-08-12
2026-10-09,35,5037.9,6.5,2026-08-12
2026-10-10,35,4576.6,6.0,2026-08-12
2026-10-11,35,3800.9,5.0,2026-08-12
2026-10-12,35,7423.5,9.5,2026-08-12
2026-07-15,36,4803.0,11.0,2026-08-12
2026-07-16,36,4877.9,11.5,2026-08-12
2026-07-17,36,4219.5,10.0,2026-08-12
2026-07-18,36,4179.8,10.0,2026-08-12
2026-07-19,36,3686.7,8.5,2026-08-12
2026-07-20,36,4770.3,11.0,2026-08-12
2026-07-21,36,4572.8,10.5,2026-08-12
2026-07-22,36,4234.6,10.0,2026-08-12
2026-07-23,36,4327.6,10.0,2026-08-12
2026-07-24,36,3859.4,9.0,2026-08-12
2026-07-25,36,3930.3,9.0,2026-08-12
2026-07-26,36,3667.3,8.5,2026-08-12
2026-07-27,36,4781.8,11.0,2026-08-12
2026-07-28,36,4551.3,10.5,2026-08-12
2026-07-29,36,4220.9,10.0,2026-08-12
2026-07-30,36,4372.2,10.0,2026-08-12
2026-07-31,36,4020.0,9.5,2026-08-12
2026-08-01,36,4425.2,10.5,2026-08-12
2026-08-02,36,3729.6,8.5,2026-08-12
2026-08-03,36,5071.3,12.0,2026-08-12
2026-08-04,36,4742.1,11.0,2026-08-12
2026-08-05,36,4481.3,10.5,2026-08-12
2026-08-06,36,4581.0,10.5,2026-08-12
2026-08-07,36,3996.0,9.5,2026-08-12
2026-08-08,36,4027.3,9.5,2026-08-12
2026-08-09,36,3672.8,8.5,2026-08-12
2026-08-10,36,4792.6,11.0,2026-08-12
2026-08-11,36,4567.2,10.5,2026-08-12
2026-08-12,36,4221.0,10.0,2026-08-12
2026-08-13,36,4385.5,10.0,2026-08-12
2026-08-14,36,3885.0,9.0,2026-08-12
2026-08-15,36,3889.9,9.0,2026-08-12
2026-08-16,36,3767.0,9.0,2026-08-12
2026-08-17,36,4891.3,11.5,2026-08-12
2026-08-18,36,4594.7,10.5,2026-08-12
2026-08-19,36,4285.5,10.0,2026-08-12
2026-08-20,36,4438.2,10.5,2026-08-12
2026-08-21,36,4080.4,9.5,2026-08-12
2026-08-22,36,4328.1,10.0,2026-08-12
2026-08-23,36,3869.1,9.0,2026-08-12
2026-08-24,36,5048.6,12.0,2026-08-12
2026-08-25,36,4737.9,11.0,2026-08-12
2026-08-26,36,4432.8,10.5,2026-08-12
2026-08-27,36,4507.4,10.5,2026-08-12
2026-08-28,36,4242.2,10.0,2026-08-12
2026-08-29,36,4091.6,9.5,2026-08-12
2026-08-30,36,3683.0,8.5,2026-08-12
2026-08-31,36,4821.2,11.5,2026-08-12
2026-09-01,36,4575.8,10.5,2026-08-12
2026-09-02,36,4309.4,10.0,2026-08-12
2026-09-03,36,4463.0,10.5,2026-08-12
2026-09-04,36,3951.0,9.0,2026-08-12
2026-09-05,36,4038.7,9.5,2026-08-12
2026-09-06,36,3671.8,8.5,2026-08-12
2026-09-07,36,4898.0,11.5,2026-08-12
2026-09-08,36,4633.3,11.0,2026-08-12
2026-09-09,36,4319.3,10.0,2026-08-12
2026-09-10,36,4514.8,10.5,2026-08-12
2026-09-11,36,3963.6,9.5,2026-08-12
2026-09-12,36,4020.6,9.5,2026-08-12
2026-09-13,36,3674.7,8.5,2026-08-12
2026-09-14,36,4883.4,11.5,2026-08-12
2026-09-15,36,4632.0,11.0,2026-08-12
2026-09-16,36,4303.1,10.0,2026-08-12
2026-09-17,36,4460.8,10.5,2026-08-12
2026-09-18,36,3934.9,9.0,2026-08-12
2026-09-19,36,4008.7,9.5,2026-08-12
2026-09-20,36,3670.5,8.5,2026-08-12
2026-09-21,36,4864.7,11.5,2026-08-12
2026-09-22,36,4622.7,11.0,2026-08-12
2026-09-23,36,4299.9,10.0,2026-08-12
2026-09-24,36,4499.9,10.5,2026-08-12
2026-09-25,36,3946.0,9.0,2026-08-12
2026-09-26,36,4015.4,9.5,2026-08-12
2026-09-27,36,3672.4,8.5,2026-08-12
2026-09-28,36,4877.2,11.5,2026-08-12
2026-09-29,36,4620.3,11.0,2026-08-12
2026-09-30,36,4304.4,10.0,2026-08-12
2026-10-01,36,4490.6,10.5,2026-08-12
2026-10-02,36,3981.2,9.5,2026-08-12
2026-10-03,36,4045.3,9.5,2026-08-12
2026-10-04,36,3679.3,8.5,2026-08-12
2026-10-05,36,4997.2,11.5,2026-08-12
2026-10-06,36,4743.6,11.0,2026-08-12
2026-10-07,36,4476.5,10.5,2026-08-12
2026-10-08,36,4708.7,11.0,2026-08-12
2026-10-09,36,4127.3,9.5,2026-08-12
2026-10-10,36,4170.5,9.5,2026-08-12
2026-10-11,36,3691.6,8.5,2026-08-12
2026-10-12,36,5000.7,11.5,2026-08-12
2026-07-15,37,259.4,1.0,2026-08-12
2026-07-16,37,286.8,1.0,2026-08-12
2026-07-17,37,200.6,1.0,2026-08-12
2026-07-18,37,139.8,1.0,2026-08-12
2026-07-19,37,12.0,1.0,2026-08-12
2026-07-20,37,228.8,1.0,2026-08-12
2026-07-21,37,210.9,1.0,2026-08-12
2026-07-22,37,123.0,1.0,2026-08-12
2026-07-23,37,138.1,1.0,2026-08-12
2026-07-24,37,31.2,1.0,2026-08-12
2026-07-25,37,18.5,1.0,2026-08-12
2026-07-26,37,-2.2,0.0,2026-08-12
2026-07-27,37,12.0,1.0,2026-08-12
2026-07-28,37,-5.1,0.0,2026-08-12
2026-07-29,37,-19.7,0.0,2026-08-12
2026-07-30,37,-16.1,0.0,2026-08-12
2026-07-31,37,-18.7,0.0,2026-08-12
2026-08-01,37,-26.3,0.0,2026-08-12
2026-08-02,37,-31.9,0.0,2026-08-12
2026-08-03,37,-32.0,0.0,2026-08-12
2026-08-04,37,-35.0,0.0,2026-08-12
2026-08-05,37,-34.0,0.0,2026-08-12
2026-08-06,37,-20.7,0.0,2026-08-12
2026-08-07,37,-33.5,0.0,2026-08-12
2026-08-08,37,-36.4,0.0,2026-08-12
2026-08-09,37,-41.0,0.0,2026-08-12
2026-08-10,37,-42.8,0.0,2026-08-12
2026-08-11,37,-34.6,0.0,2026-08-12
2026-08-12,37,-32.7,0.0,2026-08-12
2026-08-13,37,-19.7,0.0,2026-08-12
2026-08-14,37,-30.6,0.0,2026-08-12
2026-08-15,37,-37.8,0.0,2026-08-12
2026-08-16,37,-24.3,0.0,2026-08-12
2026-08-17,37,-19.3,0.0,2026-08-12
2026-08-18,37,-27.8,0.0,2026-08-12
2026-08-19,37,-34.4,0.0,2026-08-12
2026-08-20,37,-19.9,0.0,2026-08-12
2026-08-21,37,-28.2,0.0,2026-08-12
2026-08-22,37,-7.2,0.0,2026-08-12
2026-08-23,37,7.0,1.0,2026-08-12
2026-08-24,37,3.9,1.0,2026-08-12
2026-08-25,37,-8.6,0.0,2026-08-12
2026-08-26,37,-22.3,0.0,2026-08-12
2026-08-27,37,-28.9,0.0,2026-08-12
2026-08-28,37,7.5,1.0,2026-08-12
2026-08-29,37,-7.8,0.0,2026-08-12
2026-08-30,37,-19.4,0.0,2026-08-12
2026-08-31,37,-25.1,0.0,2026-08-12
2026-09-01,37,-19.2,0.0,2026-08-12
2026-09-02,37,-18.4,0.0,2026-08-12
2026-09-03,37,7.0,1.0,2026-08-12
2026-09-04,37,2.3,1.0,2026-08-12
2026-09-05,37,4.1,1.0,2026-08-12
2026-09-06,37,-6.2,0.0,2026-08-12
2026-09-07,37,14.4,1.0,2026-08-12
2026-09-08,37,48.4,1.0,2026-08-12
2026-09-09,37,29.1,1.0,2026-08-12
2026-09-10,37,133.2,1.0,2026-08-12
2026-09-11,37,89.1,1.0,2026-08-12
2026-09-12,37,83.2,1.0,2026-08-12
2026-09-13,37,11.6,1.0,2026-08-12
2026-09-14,37,126.0,1.0,2026-08-12
2026-09-15,37,208.9,1.0,2026-08-12
2026-09-16,37,178.3,1.0,2026-08-12
2026-09-17,37,259.1,1.0,2026-08-12
2026-09-18,37,216.9,1.0,2026-08-12
2026-09-19,37,200.3,1.0,2026-08-12
2026-09-20,37,17.1,1.0,2026-08-12
2026-09-21,37,279.4,1.0,2026-08-12
2026-09-22,37,354.4,1.0,2026-08-12
2026-09-23,37,288.8,1.0,2026-08-12
2026-09-24,37,333.1,1.0,2026-08-12
2026-09-25,37,288.1,1.0,2026-08-12
2026-09-26,37,257.0,1.0,2026-08-12
2026-09-27,37,16.9,1.0,2026-08-12
2026-09-28,37,342.7,1.0,2026-08-12
2026-09-29,37,413.9,1.0,2026-08-12
2026-09-30,37,318.5,1.0,2026-08-12
2026-10-01,37,359.0,1.0,2026-08-12
2026-10-02,37,313.3,1.0,2026-08-12
2026-10-03,37,277.9,1.0,2026-08-12
2026-10-04,37,18.1,1.0,2026-08-12
2026-10-05,37,380.0,1.0,2026-08-12
2026-10-06,37,442.3,1.0,2026-08-12
2026-10-07,37,322.0,1.0,2026-08-12
2026-10-08,37,381.2,1.0,2026-08-12
2026-10-09,37,334.6,1.0,2026-08-12
2026-10-10,37,295.0,1.0,2026-08-12
2026-10-11,37,19.8,1.0,2026-08-12
2026-10-12,37,393.9,1.0,2026-08-12
2026-07-15,38,2755.2,5.0,2026-08-12
2026-07-16,38,3361.0,6.5,2026-08-12
2026-07-17,38,2907.0,5.5,2026-08-12
2026-07-18,38,2843.1,5.5,2026-08-12
2026-07-19,38,2379.5,4.5,2026-08-12
2026-07-20,38,3389.7,6.5,2026-08-12
2026-07-21,38,3529.3,6.5,2026-08-12
2026-07-22,38,2630.3,5.0,2026-08-12
2026-07-23,38,3203.0,6.0,2026-08-12
2026-07-24,38,2805.3,5.0,2026-08-12
2026-07-25,38,2724.2,5.0,2026-08-12
2026-07-26,38,2306.8,4.5,2026-08-12
2026-07-27,38,3274.0,6.0,2026-08-12
2026-07-28,38,3416.5,6.5,2026-08-12
2026-07-29,38,2545.6,4.5,2026-08-12
2026-07-30,38,3093.0,6.0,2026-08-12
2026-07-31,38,2929.8,5.5,2026-08-12
2026-08-01,38,3067.4,5.5,2026-08-12
2026-08-02,38,2430.9,4.5,2026-08-12
2026-08-03,38,3499.6,6.5,2026-08-12
2026-08-04,38,3563.5,6.5,2026-08-12
2026-08-05,38,2593.3,5.0,2026-08-12
2026-08-06,38,3208.3,6.0,2026-08-12
2026-08-07,38,2804.0,5.0,2026-08-12
2026-08-08,38,2720.4,5.0,2026-08-12
2026-08-09,38,2317.3,4.5,2026-08-12
2026-08-10,38,3311.8,6.0,2026-08-12
2026-08-11,38,3446.9,6.5,2026-08-12
2026-08-12,38,2554.1,5.0,2026-08-12
2026-08-13,38,3116.7,6.0,2026-08-12
2026-08-14,38,2716.1,5.0,2026-08-12
2026-08-15,38,2791.4,5.0,2026-08-12
2026-08-16,38,2525.3,4.5,2026-08-12
2026-08-17,38,3411.7,6.5,2026-08-12
2026-08-18,38,3481.8,6.5,2026-08-12
2026-08-19,38,2554.0,5.0,2026-08-12
2026-08-20,38,3124.0,6.0,2026-08-12
2026-08-21,38,2932.7,5.5,2026-08-12
2026-08-22,38,3158.7,6.0,2026-08-12
2026-08-23,38,2704.8,5.0,2026-08-12
2026-08-24,38,3651.3,7.0,2026-08-12
2026-08-25,38,3689.2,7.0,2026-08-12
2026-08-26,38,2674.3,5.0,2026-08-12
2026-08-27,38,3233.1,6.0,2026-08-12
2026-08-28,38,3079.1,5.5,2026-08-12
2026-08-29,38,2884.0,5.5,2026-08-12
2026-08-30,38,2426.0,4.5,2026-08-12
2026-08-31,38,3468.2,6.5,2026-08-12
2026-09-01,38,3536.8,6.5,2026-08-12
2026-09-02,38,2577.9,5.0,2026-08-12
2026-09-03,38,3185.8,6.0,2026-08-12
2026-09-04,38,2785.3,5.0,2026-08-12
2026-09-05,38,2703.1,5.0,2026-08-12
2026-09-06,38,2316.6,4.5,2026-08-12
2026-09-07,38,3293.9,6.0,2026-08-12
2026-09-08,38,3415.5,6.5,2026-08-12
2026-09-09,38,2527.5,4.5,2026-08-12
2026-09-10,38,3112.6,6.0,2026-08-12
2026-09-11,38,2758.7,5.0,2026-08-12
2026-09-12,38,2687.9,5.0,2026-08-12
2026-09-13,38,2296.8,4.5,2026-08-12
2026-09-14,38,3277.1,6.0,2026-08-12
2026-09-15,38,3390.5,6.5,2026-08-12
2026-09-16,38,2525.5,4.5,2026-08-12
2026-09-17,38,3129.1,6.0,2026-08-12
2026-09-18,38,2768.5,5.0,2026-08-12
2026-09-19,38,2707.8,5.0,2026-08-12
2026-09-20,38,2313.0,4.5,2026-08-12
2026-09-21,38,3298.1,6.0,2026-08-12
2026-09-22,38,3402.4,6.5,2026-08-12
2026-09-23,38,2540.9,4.5,2026-08-12
2026-09-24,38,3118.8,6.0,2026-08-12
2026-09-25,38,2750.0,5.0,2026-08-12
2026-09-26,38,2694.6,5.0,2026-08-12
2026-09-27,38,2302.3,4.5,2026-08-12
2026-09-28,38,3282.0,6.0,2026-08-12
2026-09-29,38,3381.3,6.5,2026-08-12
2026-09-30,38,2526.2,4.5,2026-08-12
2026-10-01,38,3092.9,6.0,2026-08-12
2026-10-02,38,2740.1,5.0,2026-08-12
2026-10-03,38,2668.5,5.0,2026-08-12
2026-10-04,38,2272.9,4.0,2026-08-12
2026-10-05,38,3234.9,6.0,2026-08-12
2026-10-06,38,3339.8,6.0,2026-08-12
2026-10-07,38,2518.7,4.5,2026-08-12
2026-10-08,38,3048.3,5.5,2026-08-12
2026-10-09,38,2711.6,5.0,2026-08-12
2026-10-10,38,2618.2,5.0,2026-08-12
2026-10-11,38,2217.3,4.0,2026-08-12
2026-10-12,38,3171.1,6.0,2026-08-12
2026-07-15,39,290.3,1.0,2026-08-12
2026-07-16,39,287.3,1.0,2026-08-12
2026-07-17,39,267.3,1.0,2026-08-12
2026-07-18,39,432.4,1.0,2026-08-12
2026-07-19,39,8.8,1.0,2026-08-12
2026-07-20,39,288.9,1.0,2026-08-12
2026-07-21,39,169.7,1.0,2026-08-12
2026-07-22,39,255.4,1.0,2026-08-12
2026-07-23,39,241.6,1.0,2026-08-12
2026-07-24,39,225.9,1.0,2026-08-12
2026-07-25,39,381.3,1.0,2026-08-12
2026-07-26,39,10.2,1.0,2026-08-12
2026-07-27,39,270.5,1.0,2026-08-12
2026-07-28,39,135.4,1.0,2026-08-12
2026-07-29,39,226.6,1.0,2026-08-12
2026-07-30,39,191.4,1.0,2026-08-12
2026-07-31,39,301.6,1.0,2026-08-12
2026-08-01,39,431.8,1.0,2026-08-12
2026-08-02,39,15.6,1.0,2026-08-12
2026-08-03,39,325.5,1.0,2026-08-12
2026-08-04,39,245.1,1.0,2026-08-12
2026-08-05,39,315.1,1.0,2026-08-12
2026-08-06,39,313.5,1.0,2026-08-12
2026-08-07,39,308.5,1.0,2026-08-12
2026-08-08,39,485.1,1.0,2026-08-12
2026-08-09,39,14.5,1.0,2026-08-12
2026-08-10,39,341.1,1.0,2026-08-12
2026-08-11,39,269.4,1.0,2026-08-12
2026-08-12,39,330.7,1.0,2026-08-12
2026-08-13,39,331.6,1.0,2026-08-12
2026-08-14,39,322.9,1.0,2026-08-12
2026-08-15,39,408.7,1.0,2026-08-12
2026-08-16,39,25.5,1.0,2026-08-12
2026-08-17,39,360.8,1.0,2026-08-12
2026-08-18,39,295.1,1.0,2026-08-12
2026-08-19,39,337.1,1.0,2026-08-12
2026-08-20,39,335.8,1.0,2026-08-12
2026-08-21,39,387.7,1.0,2026-08-12
2026-08-22,39,407.0,1.0,2026-08-12
2026-08-23,39,23.2,1.0,2026-08-12
2026-08-24,39,352.3,1.0,2026-08-12
2026-08-25,39,286.6,1.0,2026-08-12
2026-08-26,39,323.0,1.0,2026-08-12
2026-08-27,39,357.5,1.0,2026-08-12
2026-08-28,39,345.1,1.0,2026-08-12
2026-08-29,39,496.4,1.0,2026-08-12
2026-08-30,39,8.8,1.0,2026-08-12
2026-08-31,39,330.5,1.0,2026-08-12
2026-09-01,39,256.7,1.0,2026-08-12
2026-09-02,39,321.7,1.0,2026-08-12
2026-09-03,39,332.1,1.0,2026-08-12
2026-09-04,39,327.5,1.0,2026-08-12
2026-09-05,39,503.5,1.0,2026-08-12
2026-09-06,39,9.1,1.0,2026-08-12
2026-09-07,39,343.0,1.0,2026-08-12
2026-09-08,39,320.7,1.0,2026-08-12
2026-09-09,39,353.4,1.0,2026-08-12
2026-09-10,39,386.7,1.0,2026-08-12
2026-09-11,39,372.6,1.0,2026-08-12
2026-09-12,39,541.3,1.0,2026-08-12
2026-09-13,39,18.5,1.0,2026-08-12
2026-09-14,39,394.9,1.0,2026-08-12
2026-09-15,39,368.3,1.0,2026-08-12
2026-09-16,39,374.1,1.0,2026-08-12
2026-09-17,39,389.7,1.0,2026-08-12
2026-09-18,39,365.7,1.0,2026-08-12
2026-09-19,39,556.9,1.0,2026-08-12
2026-09-20,39,18.3,1.0,2026-08-12
2026-09-21,39,403.5,1.0,2026-08-12
2026-09-22,39,372.7,1.0,2026-08-12
2026-09-23,39,375.5,1.0,2026-08-12
2026-09-24,39,407.6,1.0,2026-08-12
2026-09-25,39,378.8,1.0,2026-08-12
2026-09-26,39,550.4,1.0,2026-08-12
2026-09-27,39,9.5,1.0,2026-08-12
2026-09-28,39,402.4,1.0,2026-08-12
2026-09-29,39,373.8,1.0,2026-08-12
2026-09-30,39,372.0,1.0,2026-08-12
2026-10-01,39,410.3,1.0,2026-08-12
2026-10-02,39,386.3,1.0,2026-08-12
2026-10-03,39,549.8,1.0,2026-08-12
2026-10-04,39,9.1,1.0,2026-08-12
2026-10-05,39,406.6,1.0,2026-08-12
2026-10-06,39,381.9,1.0,2026-08-12
2026-10-07,39,373.0,1.0,2026-08-12
2026-10-08,39,419.0,1.0,2026-08-12
2026-10-09,39,383.8,1.0,2026-08-12
2026-10-10,39,550.9,1.0,2026-08-12
2026-10-11,39,8.6,1.0,2026-08-12
2026-10-12,39,399.6,1.0,2026-08-12
2026-07-15,40,3420.0,7.5,2026-08-12
2026-07-16,40,3685.5,8.0,2026-08-12
2026-07-17,40,3147.0,6.5,2026-08-12
2026-07-18,40,3060.8,6.5,2026-08-12
2026-07-19,40,2589.9,5.5,2026-08-12
2026-07-20,40,4150.5,9.0,2026-08-12
2026-07-21,40,3717.4,8.0,2026-08-12
2026-07-22,40,3426.8,7.5,2026-08-12
2026-07-23,40,3717.8,8.0,2026-08-12
2026-07-24,40,3156.1,6.5,2026-08-12
2026-07-25,40,3058.7,6.5,2026-08-12
2026-07-26,40,2588.0,5.5,2026-08-12
2026-07-27,40,4153.3,9.0,2026-08-12
2026-07-28,40,3726.4,8.0,2026-08-12
2026-07-29,40,3439.4,7.5,2026-08-12
2026-07-30,40,3733.8,8.0,2026-08-12
2026-07-31,40,3330.1,7.0,2026-08-12
2026-08-01,40,3475.5,7.5,2026-08-12
2026-08-02,40,2810.7,6.0,2026-08-12
2026-08-03,40,4392.7,9.5,2026-08-12
2026-08-04,40,3949.3,8.5,2026-08-12
2026-08-05,40,3667.3,8.0,2026-08-12
2026-08-06,40,3959.2,8.5,2026-08-12
2026-08-07,40,3279.5,7.0,2026-08-12
2026-08-08,40,3146.6,6.5,2026-08-12
2026-08-09,40,2601.5,5.5,2026-08-12
2026-08-10,40,4214.6,9.0,2026-08-12
2026-08-11,40,3772.1,8.0,2026-08-12
2026-08-12,40,3429.5,7.5,2026-08-12
2026-08-13,40,3732.5,8.0,2026-08-12
2026-08-14,40,3156.4,6.5,2026-08-12
2026-08-15,40,3139.3,6.5,2026-08-12
2026-08-16,40,2830.6,6.0,2026-08-12
2026-08-17,40,4232.0,9.0,2026-08-12
2026-08-18,40,3856.2,8.0,2026-08-12
2026-08-19,40,3532.3,7.5,2026-08-12
2026-08-20,40,3843.6,8.0,2026-08-12
2026-08-21,40,3366.7,7.0,2026-08-12
2026-08-22,40,3675.7,8.0,2026-08-12
2026-08-23,40,3029.5,6.5,2026-08-12
2026-08-24,40,4367.3,9.5,2026-08-12
2026-08-25,40,4013.1,8.5,2026-08-12
2026-08-26,40,3730.5,8.0,2026-08-12
2026-08-27,40,3732.2,8.0,2026-08-12
2026-08-28,40,3469.7,7.5,2026-08-12
2026-08-29,40,3311.9,7.0,2026-08-12
2026-08-30,40,2791.2,6.0,2026-08-12
2026-08-31,40,4403.3,9.5,2026-08-12
2026-09-01,40,3964.1,8.5,2026-08-12
2026-09-02,40,3664.9,8.0,2026-08-12
2026-09-03,40,3976.3,8.5,2026-08-12
2026-09-04,40,3296.8,7.0,2026-08-12
2026-09-05,40,3127.1,6.5,2026-08-12
2026-09-06,40,2521.4,5.5,2026-08-12
2026-09-07,40,4275.2,9.0,2026-08-12
2026-09-08,40,3809.1,8.0,2026-08-12
2026-09-09,40,3407.0,7.5,2026-08-12
2026-09-10,40,3714.4,8.0,2026-08-12
2026-09-11,40,3160.2,7.0,2026-08-12
2026-09-12,40,3013.1,6.5,2026-08-12
2026-09-13,40,2470.4,5.5,2026-08-12
2026-09-14,40,4233.2,9.0,2026-08-12
2026-09-15,40,3775.0,8.0,2026-08-12
2026-09-16,40,3364.8,7.0,2026-08-12
2026-09-17,40,3699.1,8.0,2026-08-12
2026-09-18,40,3166.9,7.0,2026-08-12
2026-09-19,40,3017.9,6.5,2026-08-12
2026-09-20,40,2471.6,5.5,2026-08-12
2026-09-21,40,4233.8,9.0,2026-08-12
2026-09-22,40,3773.5,8.0,2026-08-12
2026-09-23,40,3367.9,7.0,2026-08-12
2026-09-24,40,3682.5,8.0,2026-08-12
2026-09-25,40,3144.9,6.5,2026-08-12
2026-09-26,40,3002.8,6.5,2026-08-12
2026-09-27,40,2470.9,5.5,2026-08-12
2026-09-28,40,4232.5,9.0,2026-08-12
2026-09-29,40,3769.5,8.0,2026-08-12
2026-09-30,40,3367.6,7.0,2026-08-12
2026-10-01,40,3680.5,8.0,2026-08-12
2026-10-02,40,3145.5,6.5,2026-08-12
2026-10-03,40,2992.3,6.5,2026-08-12
2026-10-04,40,2421.4,5.0,2026-08-12
2026-10-05,40,4278.6,9.0,2026-08-12
2026-10-06,40,3810.4,8.0,2026-08-12
2026-10-07,40,3358.6,7.0,2026-08-12
2026-10-08,40,3683.5,8.0,2026-08-12
2026-10-09,40,3163.1,7.0,2026-08-12
2026-10-10,40,2973.5,6.5,2026-08-12
2026-10-11,40,2395.7,5.0,2026-08-12
2026-10-12,40,4245.6,9.0,2026-08-12
2026-07-15,41,4840.2,14.0,2026-08-12
2026-07-16,41,5671.8,16.0,2026-08-12
2026-07-17,41,4641.4,13.5,2026-08-12
2026-07-18,41,4160.1,12.0,2026-08-12
2026-07-19,41,3475.0,10.0,2026-08-12
2026-07-20,41,6369.7,18.0,2026-08-12
2026-07-21,41,5445.1,15.5,2026-08-12
2026-07-22,41,4958.2,14.0,2026-08-12
2026-07-23,41,5794.3,16.5,2026-08-12
2026-07-24,41,4646.8,13.5,2026-08-12
2026-07-25,41,4154.1,12.0,2026-08-12
2026-07-26,41,3491.0,10.0,2026-08-12
2026-07-27,41,6412.9,18.5,2026-08-12
2026-07-28,41,5471.1,15.5,2026-08-12
2026-07-29,41,4970.0,14.0,2026-08-12
2026-07-30,41,5729.5,16.5,2026-08-12
2026-07-31,41,4998.4,14.5,2026-08-12
2026-08-01,41,5332.8,15.0,2026-08-12
2026-08-02,41,4095.1,11.5,2026-08-12
2026-08-03,41,6268.8,18.0,2026-08-12
2026-08-04,41,5701.9,16.5,2026-08-12
2026-08-05,41,5066.1,14.5,2026-08-12
2026-08-06,41,5885.1,17.0,2026-08-12
2026-08-07,41,4644.3,13.5,2026-08-12
2026-08-08,41,4065.6,11.5,2026-08-12
2026-08-09,41,3449.7,10.0,2026-08-12
2026-08-10,41,6443.4,18.5,2026-08-12
2026-08-11,41,5380.5,15.5,2026-08-12
2026-08-12,41,4658.4,13.5,2026-08-12
2026-08-13,41,5517.7,16.0,2026-08-12
2026-08-14,41,4545.8,13.0,2026-08-12
2026-08-15,41,4253.1,12.0,2026-08-12
2026-08-16,41,4397.5,12.5,2026-08-12
2026-08-17,41,6715.3,19.0,2026-08-12
2026-08-18,41,5993.5,17.0,2026-08-12
2026-08-19,41,5271.9,15.0,2026-08-12
2026-08-20,41,6030.6,17.0,2026-08-12
2026-08-21,41,4719.8,13.5,2026-08-12
2026-08-22,41,5773.6,16.5,2026-08-12
2026-08-23,41,5344.6,15.5,2026-08-12
2026-08-24,41,6478.6,18.5,2026-08-12
2026-08-25,41,5807.4,16.5,2026-08-12
2026-08-26,41,4756.5,13.5,2026-08-12
2026-08-27,41,4982.9,14.0,2026-08-12
2026-08-28,41,5054.6,14.5,2026-08-12
2026-08-29,41,4263.7,12.0,2026-08-12
2026-08-30,41,3589.8,10.5,2026-08-12
2026-08-31,41,6489.7,18.5,2026-08-12
2026-09-01,41,5425.9,15.5,2026-08-12
2026-09-02,41,4677.1,13.5,2026-08-12
2026-09-03,41,5496.2,15.5,2026-08-12
2026-09-04,41,4559.1,13.0,2026-08-12
2026-09-05,41,3995.7,11.5,2026-08-12
2026-09-06,41,3345.2,9.5,2026-08-12
2026-09-07,41,6418.3,18.5,2026-08-12
2026-09-08,41,5319.6,15.0,2026-08-12
2026-09-09,41,4441.3,12.5,2026-08-12
2026-09-10,41,5428.3,15.5,2026-08-12
2026-09-11,41,4527.0,13.0,2026-08-12
2026-09-12,41,3983.1,11.5,2026-08-12
2026-09-13,41,3321.3,9.5,2026-08-12
2026-09-14,41,6427.3,18.5,2026-08-12
2026-09-15,41,5362.1,15.5,2026-08-12
2026-09-16,41,4483.3,13.0,2026-08-12
2026-09-17,41,5602.3,16.0,2026-08-12
2026-09-18,41,4688.9,13.5,2026-08-12
2026-09-19,41,4016.4,11.5,2026-08-12
2026-09-20,41,3367.0,9.5,2026-08-12
2026-09-21,41,6496.5,18.5,2026-08-12
2026-09-22,41,5442.8,15.5,2026-08-12
2026-09-23,41,4591.4,13.0,2026-08-12
2026-09-24,41,5699.8,16.5,2026-08-12
2026-09-25,41,4731.6,13.5,2026-08-12
2026-09-26,41,4062.6,11.5,2026-08-12
2026-09-27,41,3398.4,9.5,2026-08-12
2026-09-28,41,6539.2,18.5,2026-08-12
2026-09-29,41,5478.4,15.5,2026-08-12
2026-09-30,41,4608.8,13.0,2026-08-12
2026-10-01,41,5669.4,16.0,2026-08-12
2026-10-02,41,4644.3,13.5,2026-08-12
2026-10-03,41,4021.5,11.5,2026-08-12
2026-10-04,41,3349.2,9.5,2026-08-12
2026-10-05,41,6544.9,18.5,2026-08-12
2026-10-06,41,5470.6,15.5,2026-08-12
2026-10-07,41,4501.2,13.0,2026-08-12
2026-10-08,41,5652.4,16.0,2026-08-12
2026-10-09,41,4684.3,13.5,2026-08-12
2026-10-10,41,4038.1,11.5,2026-08-12
2026-10-11,41,3345.6,9.5,2026-08-12
2026-10-12,41,6539.4,18.5,2026-08-12
2026-07-15,42,5265.4,17.0,2026-08-12
2026-07-16,42,5745.5,19.0,2026-08-12
2026-07-17,42,5150.6,17.0,2026-08-12
2026-07-18,42,5663.2,18.5,2026-08-12
2026-07-19,42,6113.4,20.0,2026-08-12
2026-07-20,42,5893.1,19.0,2026-08-12
2026-07-21,42,5676.6,18.5,2026-08-12
2026-07-22,42,5116.0,16.5,2026-08-12
2026-07-23,42,5541.7,18.0,2026-08-12
2026-07-24,42,5018.6,16.5,2026-08-12
2026-07-25,42,5550.8,18.0,2026-08-12
2026-07-26,42,6007.7,19.5,2026-08-12
2026-07-27,42,5886.7,19.0,2026-08-12
2026-07-28,42,5670.4,18.5,2026-08-12
2026-07-29,42,5128.7,16.5,2026-08-12
2026-07-30,42,5559.1,18.0,2026-08-12
2026-07-31,42,5825.0,19.0,2026-08-12
2026-08-01,42,6291.4,20.5,2026-08-12
2026-08-02,42,6252.6,20.5,2026-08-12
2026-08-03,42,6302.8,20.5,2026-08-12
2026-08-04,42,5939.3,19.5,2026-08-12
2026-08-05,42,5374.1,17.5,2026-08-12
2026-08-06,42,5852.2,19.0,2026-08-12
2026-08-07,42,5287.7,17.5,2026-08-12
2026-08-08,42,5757.1,19.0,2026-08-12
2026-08-09,42,6171.0,20.0,2026-08-12
2026-08-10,42,6025.7,19.5,2026-08-12
2026-08-11,42,5753.9,19.0,2026-08-12
2026-08-12,42,5219.5,17.0,2026-08-12
2026-08-13,42,5649.6,18.5,2026-08-12
2026-08-14,42,5103.0,16.5,2026-08-12
2026-08-15,42,5439.9,18.0,2026-08-12
2026-08-16,42,6349.0,20.5,2026-08-12
2026-08-17,42,6061.5,20.0,2026-08-12
2026-08-18,42,5937.0,19.5,2026-08-12
2026-08-19,42,5383.9,17.5,2026-08-12
2026-08-20,42,5800.2,19.0,2026-08-12
2026-08-21,42,6000.6,19.5,2026-08-12
2026-08-22,42,6383.6,21.0,2026-08-12
2026-08-23,42,6394.9,21.0,2026-08-12
2026-08-24,42,6201.6,20.0,2026-08-12
2026-08-25,42,6057.7,20.0,2026-08-12
2026-08-26,42,5445.6,18.0,2026-08-12
2026-08-27,42,6261.2,20.5,2026-08-12
2026-08-28,42,5814.9,19.0,2026-08-12
2026-08-29,42,5934.8,19.5,2026-08-12
2026-08-30,42,6428.7,21.0,2026-08-12
2026-08-31,42,6277.2,20.5,2026-08-12
2026-09-01,42,5921.1,19.5,2026-08-12
2026-09-02,42,5372.1,17.5,2026-08-12
2026-09-03,42,5833.1,19.0,2026-08-12
2026-09-04,42,5251.5,17.0,2026-08-12
2026-09-05,42,5738.0,18.5,2026-08-12
2026-09-06,42,6091.1,20.0,2026-08-12
2026-09-07,42,5995.1,19.5,2026-08-12
2026-09-08,42,5726.4,18.5,2026-08-12
2026-09-09,42,5192.3,17.0,2026-08-12
2026-09-10,42,5605.8,18.5,2026-08-12
2026-09-11,42,5094.8,16.5,2026-08-12
2026-09-12,42,5618.0,18.5,2026-08-12
2026-09-13,42,5964.7,19.5,2026-08-12
2026-09-14,42,5890.1,19.0,2026-08-12
2026-09-15,42,5628.8,18.5,2026-08-12
2026-09-16,42,5149.6,17.0,2026-08-12
2026-09-17,42,5554.7,18.0,2026-08-12
2026-09-18,42,5081.0,16.5,2026-08-12
2026-09-19,42,5616.8,18.5,2026-08-12
2026-09-20,42,5958.4,19.5,2026-08-12
2026-09-21,42,5878.4,19.0,2026-08-12
2026-09-22,42,5625.0,18.5,2026-08-12
2026-09-23,42,5146.3,17.0,2026-08-12
2026-09-24,42,5556.3,18.0,2026-08-12
2026-09-25,42,5088.7,16.5,2026-08-12
2026-09-26,42,5619.6,18.5,2026-08-12
2026-09-27,42,5959.7,19.5,2026-08-12
2026-09-28,42,5884.0,19.0,2026-08-12
2026-09-29,42,5625.1,18.5,2026-08-12
2026-09-30,42,5162.7,17.0,2026-08-12
2026-10-01,42,5569.7,18.0,2026-08-12
2026-10-02,42,5085.5,16.5,2026-08-12
2026-10-03,42,5622.4,18.5,2026-08-12
2026-10-04,42,5919.0,19.5,2026-08-12
2026-10-05,42,5893.5,19.0,2026-08-12
2026-10-06,42,5628.2,18.5,2026-08-12
2026-10-07,42,5209.7,17.0,2026-08-12
2026-10-08,42,5583.0,18.0,2026-08-12
2026-10-09,42,5136.2,17.0,2026-08-12
2026-10-10,42,5653.8,18.5,2026-08-12
2026-10-11,42,5932.6,19.5,2026-08-12
2026-10-12,42,5906.6,19.5,2026-08-12
2026-07-15,43,1390.2,2.5,2026-08-12
2026-07-16,43,1110.5,2.0,2026-08-12
2026-07-17,43,982.2,2.0,2026-08-12
2026-07-18,43,908.3,1.5,2026-08-12
2026-07-19,43,995.0,2.0,2026-08-12
2026-07-20,43,1411.4,2.5,2026-08-12
2026-07-21,43,1088.1,2.0,2026-08-12
2026-07-22,43,1258.0,2.5,2026-08-12
2026-07-23,43,1007.9,2.0,2026-08-12
2026-07-24,43,902.7,1.5,2026-08-12
2026-07-25,43,865.1,1.5,2026-08-12
2026-07-26,43,939.2,2.0,2026-08-12
2026-07-27,43,1389.2,2.5,2026-08-12
2026-07-28,43,1078.9,2.0,2026-08-12
2026-07-29,43,1271.5,2.5,2026-08-12
2026-07-30,43,1025.5,2.0,2026-08-12
2026-07-31,43,987.3,2.0,2026-08-12
2026-08-01,43,1019.9,2.0,2026-08-12
2026-08-02,43,1136.4,2.0,2026-08-12
2026-08-03,43,1502.8,3.0,2026-08-12
2026-08-04,43,1225.3,2.5,2026-08-12
2026-08-05,43,1397.0,2.5,2026-08-12
2026-08-06,43,1087.0,2.0,2026-08-12
2026-08-07,43,957.7,2.0,2026-08-12
2026-08-08,43,892.7,1.5,2026-08-12
2026-08-09,43,986.0,2.0,2026-08-12
2026-08-10,43,1468.1,2.5,2026-08-12
2026-08-11,43,1211.5,2.5,2026-08-12
2026-08-12,43,1455.1,2.5,2026-08-12
2026-08-13,43,1132.4,2.0,2026-08-12
2026-08-14,43,1002.7,2.0,2026-08-12
2026-08-15,43,924.2,1.5,2026-08-12
2026-08-16,43,1051.0,2.0,2026-08-12
2026-08-17,43,1484.3,3.0,2026-08-12
2026-08-18,43,1163.8,2.0,2026-08-12
2026-08-19,43,1284.3,2.5,2026-08-12
2026-08-20,43,1016.5,2.0,2026-08-12
2026-08-21,43,948.7,2.0,2026-08-12
2026-08-22,43,1061.8,2.0,2026-08-12
2026-08-23,43,1212.4,2.5,2026-08-12
2026-08-24,43,1567.5,3.0,2026-08-12
2026-08-25,43,1334.1,2.5,2026-08-12
2026-08-26,43,1461.9,2.5,2026-08-12
2026-08-27,43,1222.9,2.5,2026-08-12
2026-08-28,43,1055.9,2.0,2026-08-12
2026-08-29,43,953.9,2.0,2026-08-12
2026-08-30,43,1091.2,2.0,2026-08-12
2026-08-31,43,1484.2,3.0,2026-08-12
2026-09-01,43,1191.6,2.0,2026-08-12
2026-09-02,43,1331.2,2.5,2026-08-12
2026-09-03,43,1035.4,2.0,2026-08-12
2026-09-04,43,924.3,1.5,2026-08-12
2026-09-05,43,879.3,1.5,2026-08-12
2026-09-06,43,976.0,2.0,2026-08-12
2026-09-07,43,1462.2,2.5,2026-08-12
2026-09-08,43,1167.8,2.0,2026-08-12
2026-09-09,43,1386.5,2.5,2026-08-12
2026-09-10,43,1088.9,2.0,2026-08-12
2026-09-11,43,986.3,2.0,2026-08-12
2026-09-12,43,931.9,1.5,2026-08-12
2026-09-13,43,1043.1,2.0,2026-08-12
2026-09-14,43,1447.1,2.5,2026-08-12
2026-09-15,43,1146.1,2.0,2026-08-12
2026-09-16,43,1407.1,2.5,2026-08-12
2026-09-17,43,1087.8,2.0,2026-08-12
2026-09-18,43,989.2,2.0,2026-08-12
2026-09-19,43,903.0,1.5,2026-08-12
2026-09-20,43,1006.5,2.0,2026-08-12
2026-09-21,43,1400.8,2.5,2026-08-12
2026-09-22,43,1074.5,2.0,2026-08-12
2026-09-23,43,1258.5,2.5,2026-08-12
2026-09-24,43,1012.6,2.0,2026-08-12
2026-09-25,43,921.4,1.5,2026-08-12
2026-09-26,43,889.9,1.5,2026-08-12
2026-09-27,43,994.7,2.0,2026-08-12
2026-09-28,43,1398.3,2.5,2026-08-12
2026-09-29,43,1062.3,2.0,2026-08-12
2026-09-30,43,1217.7,2.5,2026-08-12
2026-10-01,43,990.4,2.0,2026-08-12
2026-10-02,43,894.5,1.5,2026-08-12
2026-10-03,43,882.1,1.5,2026-08-12
2026-10-04,43,975.2,2.0,2026-08-12
2026-10-05,43,1368.7,2.5,2026-08-12
2026-10-06,43,1020.2,2.0,2026-08-12
2026-10-07,43,1162.0,2.0,2026-08-12
2026-10-08,43,955.0,2.0,2026-08-12
2026-10-09,43,880.1,1.5,2026-08-12
2026-10-10,43,877.6,1.5,2026-08-12
2026-10-11,43,971.5,2.0,2026-08-12
2026-10-12,43,1367.5,2.5,2026-08-12
2026-07-15,5,8235.4,12.5,2026-08-12
2026-07-16,5,7918.3,12.0,2026-08-12
2026-07-17,5,6984.7,10.5,2026-08-12
2026-07-18,5,6676.9,10.0,2026-08-12
2026-07-19,5,4482.7,6.5,2026-08-12
2026-07-20,5,6216.6,9.5,2026-08-12
2026-07-21,5,6458.0,9.5,2026-08-12
2026-07-22,5,7017.1,10.5,2026-08-12
2026-07-23,5,6716.9,10.0,2026-08-12
2026-07-24,5,6268.5,9.5,2026-08-12
2026-07-25,5,6352.8,9.5,2026-08-12
2026-07-26,5,5221.2,8.0,2026-08-12
2026-07-27,5,6992.0,10.5,2026-08-12
2026-07-28,5,7162.7,11.0,2026-08-12
2026-07-29,5,7401.0,11.0,2026-08-12
2026-07-30,5,7159.9,11.0,2026-08-12
2026-07-31,5,6610.3,10.0,2026-08-12
2026-08-01,5,6742.2,10.0,2026-08-12
2026-08-02,5,6181.4,9.5,2026-08-12
2026-08-03,5,7138.4,10.5,2026-08-12
2026-08-04,5,7118.4,10.5,2026-08-12
2026-08-05,5,7247.3,11.0,2026-08-12
2026-08-06,5,6879.1,10.5,2026-08-12
2026-08-07,5,6107.7,9.0,2026-08-12
2026-08-08,5,6121.7,9.0,2026-08-12
2026-08-09,5,4856.2,7.5,2026-08-12
2026-08-10,5,6618.3,10.0,2026-08-12
2026-08-11,5,6876.0,10.5,2026-08-12
2026-08-12,5,7042.5,10.5,2026-08-12
2026-08-13,5,6897.8,10.5,2026-08-12
2026-08-14,5,6293.9,9.5,2026-08-12
2026-08-15,5,5801.6,8.5,2026-08-12
2026-08-16,5,6136.6,9.0,2026-08-12
2026-08-17,5,7282.8,11.0,2026-08-12
2026-08-18,5,7242.1,11.0,2026-08-12
2026-08-19,5,7309.3,11.0,2026-08-12
2026-08-20,5,6951.2,10.5,2026-08-12
2026-08-21,5,5944.2,9.0,2026-08-12
2026-08-22,5,6142.3,9.0,2026-08-12
2026-08-23,5,6435.2,9.5,2026-08-12
2026-08-24,5,7367.6,11.0,2026-08-12
2026-08-25,5,7102.6,10.5,2026-08-12
2026-08-26,5,7158.4,10.5,2026-08-12
2026-08-27,5,6597.6,10.0,2026-08-12
2026-08-28,5,6204.3,9.5,2026-08-12
2026-08-29,5,6264.0,9.5,2026-08-12
2026-08-30,5,5497.1,8.5,2026-08-12
2026-08-31,5,6670.8,10.0,2026-08-12
2026-09-01,5,6797.2,10.0,2026-08-12
2026-09-02,5,6902.1,10.5,2026-08-12
2026-09-03,5,6694.1,10.0,2026-08-12
2026-09-04,5,6008.4,9.0,2026-08-12
2026-09-05,5,5984.3,9.0,2026-08-12
2026-09-06,5,5214.3,8.0,2026-08-12
2026-09-07,5,6617.5,10.0,2026-08-12
2026-09-08,5,6914.3,10.5,2026-08-12
2026-09-09,5,6936.5,10.5,2026-08-12
2026-09-10,5,6829.6,10.5,2026-08-12
2026-09-11,5,6197.3,9.5,2026-08-12
2026-09-12,5,6112.9,9.0,2026-08-12
2026-09-13,5,5323.1,8.0,2026-08-12
2026-09-14,5,6906.1,10.5,2026-08-12
2026-09-15,5,7226.5,11.0,2026-08-12
2026-09-16,5,7202.7,11.0,2026-08-12
2026-09-17,5,7117.1,10.5,2026-08-12
2026-09-18,5,6471.6,9.5,2026-08-12
2026-09-19,5,6284.3,9.5,2026-08-12
2026-09-20,5,5348.3,8.0,2026-08-12
2026-09-21,5,7188.6,11.0,2026-08-12
2026-09-22,5,7490.1,11.0,2026-08-12
2026-09-23,5,7501.9,11.5,2026-08-12
2026-09-24,5,7475.6,11.0,2026-08-12
2026-09-25,5,6692.5,10.0,2026-08-12
2026-09-26,5,6503.4,10.0,2026-08-12
2026-09-27,5,5341.0,8.0,2026-08-12
2026-09-28,5,7585.9,11.5,2026-08-12
2026-09-29,5,7861.4,12.0,2026-08-12
2026-09-30,5,7809.7,11.5,2026-08-12
2026-10-01,5,7872.0,12.0,2026-08-12
2026-10-02,5,7019.7,10.5,2026-08-12
2026-10-03,5,6417.8,9.5,2026-08-12
2026-10-04,5,5117.7,7.5,2026-08-12
2026-10-05,5,7596.7,11.5,2026-08-12
2026-10-06,5,7910.0,12.0,2026-08-12
2026-10-07,5,7805.4,11.5,2026-08-12
2026-10-08,5,7961.8,12.0,2026-08-12
2026-10-09,5,7104.2,10.5,2026-08-12
2026-10-10,5,6433.8,9.5,2026-08-12
2026-10-11,5,5142.8,7.5,2026-08-12
2026-10-12,5,7693.4,11.5,2026-08-12
2026-07-15,6,3592.0,3.5,2026-08-12
2026-07-16,6,3645.3,3.5,2026-08-12
2026-07-17,6,2921.8,3.0,2026-08-12
2026-07-18,6,2376.1,2.5,2026-08-12
2026-07-19,6,1247.4,1.5,2026-08-12
2026-07-20,6,3083.0,3.0,2026-08-12
2026-07-21,6,2770.8,3.0,2026-08-12
2026-07-22,6,2421.7,2.5,2026-08-12
2026-07-23,6,2490.3,2.5,2026-08-12
2026-07-24,6,2024.5,2.0,2026-08-12
2026-07-25,6,1851.9,2.0,2026-08-12
2026-07-26,6,1095.2,1.0,2026-08-12
2026-07-27,6,2772.9,3.0,2026-08-12
2026-07-28,6,2416.4,2.5,2026-08-12
2026-07-29,6,2139.8,2.0,2026-08-12
2026-07-30,6,2276.8,2.5,2026-08-12
2026-07-31,6,1875.8,2.0,2026-08-12
2026-08-01,6,2074.9,2.0,2026-08-12
2026-08-02,6,1075.6,1.0,2026-08-12
2026-08-03,6,2838.3,3.0,2026-08-12
2026-08-04,6,2443.9,2.5,2026-08-12
2026-08-05,6,2163.5,2.0,2026-08-12
2026-08-06,6,2287.1,2.5,2026-08-12
2026-08-07,6,2007.1,2.0,2026-08-12
2026-08-08,6,1835.9,2.0,2026-08-12
2026-08-09,6,1048.5,1.0,2026-08-12
2026-08-10,6,2706.4,2.5,2026-08-12
2026-08-11,6,2332.8,2.5,2026-08-12
2026-08-12,6,2088.5,2.0,2026-08-12
2026-08-13,6,2229.7,2.0,2026-08-12
2026-08-14,6,1974.8,2.0,2026-08-12
2026-08-15,6,1561.1,1.5,2026-08-12
2026-08-16,6,1248.5,1.5,2026-08-12
2026-08-17,6,2794.6,3.0,2026-08-12
2026-08-18,6,2448.1,2.5,2026-08-12
2026-08-19,6,2123.3,2.0,2026-08-12
2026-08-20,6,2227.7,2.0,2026-08-12
2026-08-21,6,1848.4,2.0,2026-08-12
2026-08-22,6,1935.4,2.0,2026-08-12
2026-08-23,6,1222.4,1.0,2026-08-12
2026-08-24,6,2997.2,3.0,2026-08-12
2026-08-25,6,2569.4,2.5,2026-08-12
2026-08-26,6,2184.1,2.0,2026-08-12
2026-08-27,6,1996.6,2.0,2026-08-12
2026-08-28,6,1998.0,2.0,2026-08-12
2026-08-29,6,1760.3,2.0,2026-08-12
2026-08-30,6,1034.6,1.0,2026-08-12
2026-08-31,6,2672.5,2.5,2026-08-12
2026-09-01,6,2281.3,2.5,2026-08-12
2026-09-02,6,2080.8,2.0,2026-08-12
2026-09-03,6,2285.0,2.5,2026-08-12
2026-09-04,6,2005.0,2.0,2026-08-12
2026-09-05,6,1907.7,2.0,2026-08-12
2026-09-06,6,1065.0,1.0,2026-08-12
2026-09-07,6,2865.0,3.0,2026-08-12
2026-09-08,6,2536.3,2.5,2026-08-12
2026-09-09,6,2351.5,2.5,2026-08-12
2026-09-10,6,2516.4,2.5,2026-08-12
2026-09-11,6,2086.0,2.0,2026-08-12
2026-09-12,6,1977.7,2.0,2026-08-12
2026-09-13,6,1078.6,1.0,2026-08-12
2026-09-14,6,2940.0,3.0,2026-08-12
2026-09-15,6,2626.9,2.5,2026-08-12
2026-09-16,6,2404.3,2.5,2026-08-12
2026-09-17,6,2524.3,2.5,2026-08-12
2026-09-18,6,2068.8,2.0,2026-08-12
2026-09-19,6,1963.4,2.0,2026-08-12
2026-09-20,6,1082.7,1.0,2026-08-12
2026-09-21,6,2930.1,3.0,2026-08-12
2026-09-22,6,2609.3,2.5,2026-08-12
2026-09-23,6,2399.5,2.5,2026-08-12
2026-09-24,6,2561.6,2.5,2026-08-12
2026-09-25,6,2114.6,2.0,2026-08-12
2026-09-26,6,1985.6,2.0,2026-08-12
2026-09-27,6,1082.4,1.0,2026-08-12
2026-09-28,6,2959.4,3.0,2026-08-12
2026-09-29,6,2639.8,2.5,2026-08-12
2026-09-30,6,2425.3,2.5,2026-08-12
2026-10-01,6,2587.2,2.5,2026-08-12
2026-10-02,6,2218.4,2.0,2026-08-12
2026-10-03,6,2153.8,2.0,2026-08-12
2026-10-04,6,1085.8,1.0,2026-08-12
2026-10-05,6,3273.7,3.5,2026-08-12
2026-10-06,6,3053.0,3.0,2026-08-12
2026-10-07,6,2925.5,3.0,2026-08-12
2026-10-08,6,3148.4,3.0,2026-08-12
2026-10-09,6,2670.8,2.5,2026-08-12
2026-10-10,6,2449.3,2.5,2026-08-12
2026-10-11,6,1133.8,1.0,2026-08-12
2026-10-12,6,3505.1,3.5,2026-08-12
2026-07-01,73,0.0,0.0,2026-08-12
2026-07-02,73,0.0,0.0,2026-08-12
2026-07-03,73,0.0,0.0,2026-08-12
2026-07-04,73,0.0,0.0,2026-08-12
2026-07-05,73,0.0,0.0,2026-08-12
2026-07-06,73,0.0,0.0,2026-08-12
2026-07-07,73,0.0,0.0,2026-08-12
2026-07-08,73,0.0,0.0,2026-08-12
2026-07-09,73,0.0,0.0,2026-08-12
2026-07-10,73,0.0,0.0,2026-08-12
2026-07-11,73,0.0,0.0,2026-08-12
2026-07-12,73,0.0,0.0,2026-08-12
2026-07-13,73,0.0,0.0,2026-08-12
2026-07-14,73,0.0,0.0,2026-08-12
2026-07-15,73,0.0,0.0,2026-08-12
2026-07-16,73,0.0,0.0,2026-08-12
2026-07-17,73,0.0,0.0,2026-08-12
2026-07-18,73,0.0,0.0,2026-08-12
2026-07-19,73,0.0,0.0,2026-08-12
2026-07-20,73,0.0,0.0,2026-08-12
2026-07-21,73,0.0,0.0,2026-08-12
2026-07-22,73,0.0,0.0,2026-08-12
2026-07-23,73,0.0,0.0,2026-08-12
2026-07-24,73,0.0,0.0,2026-08-12
2026-07-25,73,0.0,0.0,2026-08-12
2026-07-26,73,0.0,0.0,2026-08-12
2026-07-27,73,0.0,0.0,2026-08-12
2026-07-28,73,0.0,0.0,2026-08-12
2026-07-29,73,0.0,0.0,2026-08-12
2026-07-30,73,0.0,0.0,2026-08-12
2026-07-31,73,0.0,0.0,2026-08-12
2026-08-01,73,0.0,0.0,2026-08-12
2026-08-02,73,0.0,0.0,2026-08-12
2026-08-03,73,0.0,0.0,2026-08-12
2026-08-04,73,0.0,0.0,2026-08-12
2026-08-05,73,0.0,0.0,2026-08-12
2026-08-06,73,0.0,0.0,2026-08-12
2026-08-07,73,0.0,0.0,2026-08-12
2026-08-08,73,0.0,0.0,2026-08-12
2026-08-09,73,0.0,0.0,2026-08-12
2026-08-10,73,0.0,0.0,2026-08-12
2026-08-11,73,0.0,0.0,2026-08-12
2026-08-12,73,0.0,0.0,2026-08-12
2026-08-13,73,0.0,0.0,2026-08-12
2026-08-14,73,0.0,0.0,2026-08-12
2026-08-15,73,0.0,0.0,2026-08-12
2026-08-16,73,0.0,0.0,2026-08-12
2026-08-17,73,0.0,0.0,2026-08-12
2026-08-18,73,0.0,0.0,2026-08-12
2026-08-19,73,0.0,0.0,2026-08-12
2026-08-20,73,0.0,0.0,2026-08-12
2026-08-21,73,0.0,0.0,2026-08-12
2026-08-22,73,0.0,0.0,2026-08-12
2026-08-23,73,0.0,0.0,2026-08-12
2026-08-24,73,0.0,0.0,2026-08-12
2026-08-25,73,0.0,0.0,2026-08-12
2026-08-26,73,0.0,0.0,2026-08-12
2026-08-27,73,0.0,0.0,2026-08-12
2026-08-28,73,0.0,0.0,2026-08-12
2026-08-29,73,0.0,0.0,2026-08-12
2026-08-30,73,0.0,0.0,2026-08-12
2026-08-31,73,0.0,0.0,2026-08-12
2026-09-01,73,474.7,2.0,2026-08-12
2026-09-02,73,594.4,2.5,2026-08-12
2026-09-03,73,667.4,2.5,2026-08-12
2026-09-04,73,609.7,2.5,2026-08-12
2026-09-05,73,294.8,1.0,2026-08-12
2026-09-06,73,51.6,1.0,2026-08-12
2026-09-07,73,617.5,2.5,2026-08-12
2026-09-08,73,783.6,3.0,2026-08-12
2026-09-09,73,831.2,3.5,2026-08-12
2026-09-10,73,774.5,3.0,2026-08-12
2026-09-11,73,654.0,2.5,2026-08-12
2026-09-12,73,300.5,1.0,2026-08-12
2026-09-13,73,28.7,1.0,2026-08-12
2026-09-14,73,680.6,2.5,2026-08-12
2026-09-15,73,880.4,3.5,2026-08-12
2026-09-16,73,902.3,3.5,2026-08-12
2026-09-17,73,834.1,3.5,2026-08-12
2026-09-18,73,701.3,3.0,2026-08-12
2026-09-19,73,310.7,1.0,2026-08-12
2026-09-20,73,26.5,1.0,2026-08-12
2026-09-21,73,694.0,3.0,2026-08-12
2026-09-22,73,896.1,3.5,2026-08-12
2026-09-23,73,907.6,3.5,2026-08-12
2026-09-24,73,846.0,3.5,2026-08-12
2026-09-25,73,703.7,3.0,2026-08-12
2026-09-26,73,311.5,1.0,2026-08-12
2026-09-27,73,27.7,1.0,2026-08-12
2026-09-28,73,698.0,3.0,2026-08-12
2026-07-15,8,5698.5,6.5,2026-08-12
2026-07-16,8,5595.7,6.5,2026-08-12
2026-07-17,8,5086.0,6.0,2026-08-12
2026-07-18,8,4980.5,5.5,2026-08-12
2026-07-19,8,4337.0,5.0,2026-08-12
2026-07-20,8,5230.5,6.0,2026-08-12
2026-07-21,8,5405.4,6.0,2026-08-12
2026-07-22,8,5462.4,6.5,2026-08-12
2026-07-23,8,5255.8,6.0,2026-08-12
2026-07-24,8,4733.3,5.5,2026-08-12
2026-07-25,8,4643.1,5.5,2026-08-12
2026-07-26,8,3858.3,4.5,2026-08-12
2026-07-27,8,4936.1,5.5,2026-08-12
2026-07-28,8,5104.5,6.0,2026-08-12
2026-07-29,8,5141.2,6.0,2026-08-12
2026-07-30,8,5080.1,6.0,2026-08-12
2026-07-31,8,4601.5,5.5,2026-08-12
2026-08-01,8,4731.7,5.5,2026-08-12
2026-08-02,8,3900.7,4.5,2026-08-12
2026-08-03,8,4984.7,5.5,2026-08-12
2026-08-04,8,5164.9,6.0,2026-08-12
2026-08-05,8,5207.8,6.0,2026-08-12
2026-08-06,8,5140.8,6.0,2026-08-12
2026-08-07,8,4662.5,5.5,2026-08-12
2026-08-08,8,4613.4,5.5,2026-08-12
2026-08-09,8,3852.2,4.5,2026-08-12
2026-08-10,8,4964.8,5.5,2026-08-12
2026-08-11,8,5163.9,6.0,2026-08-12
2026-08-12,8,5204.7,6.0,2026-08-12
2026-08-13,8,5134.2,6.0,2026-08-12
2026-08-14,8,4641.4,5.5,2026-08-12
2026-08-15,8,4395.2,5.0,2026-08-12
2026-08-16,8,3840.1,4.5,2026-08-12
2026-08-17,8,4915.6,5.5,2026-08-12
2026-08-18,8,5121.9,6.0,2026-08-12
2026-08-19,8,5154.2,6.0,2026-08-12
2026-08-20,8,5088.8,6.0,2026-08-12
2026-08-21,8,4597.7,5.5,2026-08-12
2026-08-22,8,4683.3,5.5,2026-08-12
2026-08-23,8,3973.5,4.5,2026-08-12
2026-08-24,8,4976.0,5.5,2026-08-12
2026-08-25,8,5156.3,6.0,2026-08-12
2026-08-26,8,5180.6,6.0,2026-08-12
2026-08-27,8,4818.8,5.5,2026-08-12
2026-08-28,8,4760.4,5.5,2026-08-12
2026-08-29,8,4639.5,5.5,2026-08-12
2026-08-30,8,3860.9,4.5,2026-08-12
2026-08-31,8,4940.9,5.5,2026-08-12
2026-09-01,8,5116.7,6.0,2026-08-12
2026-09-02,8,5171.1,6.0,2026-08-12
2026-09-03,8,5115.9,6.0,2026-08-12
2026-09-04,8,4615.5,5.5,2026-08-12
2026-09-05,8,4559.2,5.0,2026-08-12
2026-09-06,8,3773.3,4.5,2026-08-12
2026-09-07,8,4925.2,5.5,2026-08-12
2026-09-08,8,5140.3,6.0,2026-08-12
2026-09-09,8,5185.0,6.0,2026-08-12
2026-09-10,8,5119.9,6.0,2026-08-12
2026-09-11,8,4624.6,5.5,2026-08-12
2026-09-12,8,4554.3,5.0,2026-08-12
2026-09-13,8,3767.7,4.5,2026-08-12
2026-09-14,8,4920.5,5.5,2026-08-12
2026-09-15,8,5137.1,6.0,2026-08-12
2026-09-16,8,5182.5,6.0,2026-08-12
2026-09-17,8,5127.3,6.0,2026-08-12
2026-09-18,8,4629.6,5.5,2026-08-12
2026-09-19,8,4551.9,5.0,2026-08-12
2026-09-20,8,3764.0,4.5,2026-08-12
2026-09-21,8,4919.0,5.5,2026-08-12
2026-09-22,8,5135.5,6.0,2026-08-12
2026-09-23,8,5180.6,6.0,2026-08-12
2026-09-24,8,5116.7,6.0,2026-08-12
2026-09-25,8,4622.2,5.5,2026-08-12
2026-09-26,8,4553.5,5.0,2026-08-12
2026-09-27,8,3764.9,4.5,2026-08-12
2026-09-28,8,4918.9,5.5,2026-08-12
2026-09-29,8,5136.4,6.0,2026-08-12
2026-09-30,8,5180.5,6.0,2026-08-12
2026-10-01,8,5114.6,6.0,2026-08-12
2026-10-02,8,4604.7,5.5,2026-08-12
2026-10-03,8,4525.8,5.0,2026-08-12
2026-10-04,8,3696.6,4.0,2026-08-12
2026-10-05,8,4909.2,5.5,2026-08-12
2026-10-06,8,5157.1,6.0,2026-08-12
2026-10-07,8,5215.3,6.0,2026-08-12
2026-10-08,8,5158.5,6.0,2026-08-12
2026-10-09,8,4645.6,5.5,2026-08-12
2026-10-10,8,4548.1,5.0,2026-08-12
2026-10-11,8,3711.1,4.5,2026-08-12
2026-10-12,8,4918.5,5.5,2026-08-12
2026-07-15,9,-0.9,0.0,2026-08-12
2026-07-16,9,-11.5,0.0,2026-08-12
2026-07-17,9,-8.5,0.0,2026-08-12
2026-07-18,9,0.9,1.0,2026-08-12
2026-07-19,9,4.8,1.0,2026-08-12
2026-07-20,9,3.2,1.0,2026-08-12
2026-07-21,9,0.2,1.0,2026-08-12
2026-07-22,9,-4.1,0.0,2026-08-12
2026-07-23,9,-16.1,0.0,2026-08-12
2026-07-24,9,-14.9,0.0,2026-08-12
2026-07-25,9,-4.6,0.0,2026-08-12
2026-07-26,9,2.5,1.0,2026-08-12
2026-07-27,9,0.9,1.0,2026-08-12
2026-07-28,9,-1.8,0.0,2026-08-12
2026-07-29,9,-8.8,0.0,2026-08-12
2026-07-30,9,-19.2,0.0,2026-08-12
2026-07-31,9,-13.0,0.0,2026-08-12
2026-08-01,9,-6.8,0.0,2026-08-12
2026-08-02,9,-2.2,0.0,2026-08-12
2026-08-03,9,3.2,1.0,2026-08-12
2026-08-04,9,-2.7,0.0,2026-08-12
2026-08-05,9,-9.6,0.0,2026-08-12
2026-08-06,9,-18.1,0.0,2026-08-12
2026-08-07,9,-15.9,0.0,2026-08-12
2026-08-08,9,-9.3,0.0,2026-08-12
2026-08-09,9,2.1,1.0,2026-08-12
2026-08-10,9,5.7,1.0,2026-08-12
2026-08-11,9,6.4,1.0,2026-08-12
2026-08-12,9,-4.2,0.0,2026-08-12
2026-08-13,9,-14.7,0.0,2026-08-12
2026-08-14,9,-16.8,0.0,2026-08-12
2026-08-15,9,-0.3,0.0,2026-08-12
2026-08-16,9,8.3,1.0,2026-08-12
2026-08-17,9,7.4,1.0,2026-08-12
2026-08-18,9,4.6,1.0,2026-08-12
2026-08-19,9,-6.7,0.0,2026-08-12
2026-08-20,9,-14.0,0.0,2026-08-12
2026-08-21,9,-6.3,0.0,2026-08-12
2026-08-22,9,6.4,1.0,2026-08-12
2026-08-23,9,12.8,1.0,2026-08-12
2026-08-24,9,12.8,1.0,2026-08-12
2026-08-25,9,4.2,1.0,2026-08-12
2026-08-26,9,-0.6,0.0,2026-08-12
2026-08-27,9,-0.7,0.0,2026-08-12
2026-08-28,9,0.3,1.0,2026-08-12
2026-08-29,9,4.0,1.0,2026-08-12
2026-08-30,9,8.7,1.0,2026-08-12
2026-08-31,9,16.2,1.0,2026-08-12
2026-09-01,9,12.1,1.0,2026-08-12
2026-09-02,9,6.3,1.0,2026-08-12
2026-09-03,9,-3.8,0.0,2026-08-12
2026-09-04,9,-3.7,0.0,2026-08-12
2026-09-05,9,1.8,1.0,2026-08-12
2026-09-06,9,6.5,1.0,2026-08-12
2026-09-07,9,6.3,1.0,2026-08-12
2026-09-08,9,5.5,1.0,2026-08-12
2026-09-09,9,5.6,1.0,2026-08-12
2026-09-10,9,1.4,1.0,2026-08-12
2026-09-11,9,2.9,1.0,2026-08-12
2026-09-12,9,5.5,1.0,2026-08-12
2026-09-13,9,7.8,1.0,2026-08-12
2026-09-14,9,7.0,1.0,2026-08-12
2026-09-15,9,4.9,1.0,2026-08-12
2026-09-16,9,4.9,1.0,2026-08-12
2026-09-17,9,4.0,1.0,2026-08-12
2026-09-18,9,5.3,1.0,2026-08-12
2026-09-19,9,8.1,1.0,2026-08-12
2026-09-20,9,10.2,1.0,2026-08-12
2026-09-21,9,9.1,1.0,2026-08-12
2026-09-22,9,6.8,1.0,2026-08-12
2026-09-23,9,4.1,1.0,2026-08-12
2026-09-24,9,3.9,1.0,2026-08-12
2026-09-25,9,7.3,1.0,2026-08-12
2026-09-26,9,10.0,1.0,2026-08-12
2026-09-27,9,12.1,1.0,2026-08-12
2026-09-28,9,11.0,1.0,2026-08-12
2026-09-29,9,8.6,1.0,2026-08-12
2026-09-30,9,5.7,1.0,2026-08-12
2026-10-01,9,5.6,1.0,2026-08-12
2026-10-02,9,9.5,1.0,2026-08-12
2026-10-03,9,12.6,1.0,2026-08-12
2026-10-04,9,14.7,1.0,2026-08-12
2026-10-05,9,13.6,1.0,2026-08-12
2026-10-06,9,11.3,1.0,2026-08-12
2026-10-07,9,8.7,1.0,2026-08-12
2026-10-08,9,8.8,1.0,2026-08-12
2026-10-09,9,12.5,1.0,2026-08-12
2026-10-10,9,15.2,1.0,2026-08-12
2026-10-11,9,16.7,1.0,2026-08-12
2026-10-12,9,15.5,1.0,2026-08-12
2026-07-15,95,3046.8,3.5,2026-08-12
2026-07-16,95,3060.4,3.5,2026-08-12
2026-07-17,95,2542.1,3.0,2026-08-12
2026-07-18,95,2811.1,3.5,2026-08-12
2026-07-19,95,4065.4,5.0,2026-08-12
2026-07-20,95,3387.6,4.0,2026-08-12
2026-07-21,95,3205.9,4.0,2026-08-12
2026-07-22,95,3274.7,4.0,2026-08-12
2026-07-23,95,3282.5,4.0,2026-08-12
2026-07-24,95,2744.7,3.5,2026-08-12
2026-07-25,95,3013.0,3.5,2026-08-12
2026-07-26,95,4249.9,5.0,2026-08-12
2026-07-27,95,3526.1,4.5,2026-08-12
2026-07-28,95,3365.7,4.0,2026-08-12
2026-07-29,95,3418.5,4.0,2026-08-12
2026-07-30,95,3413.8,4.0,2026-08-12
2026-07-31,95,3301.8,4.0,2026-08-12
2026-08-01,95,3239.5,4.0,2026-08-12
2026-08-02,95,4331.0,5.5,2026-08-12
2026-08-03,95,3708.1,4.5,2026-08-12
2026-08-04,95,3576.7,4.5,2026-08-12
2026-08-05,95,3547.4,4.5,2026-08-12
2026-08-06,95,3478.8,4.0,2026-08-12
2026-08-07,95,2934.9,3.5,2026-08-12
2026-08-08,95,3165.8,4.0,2026-08-12
2026-08-09,95,4308.0,5.0,2026-08-12
2026-08-10,95,3603.6,4.5,2026-08-12
2026-08-11,95,3470.1,4.0,2026-08-12
2026-08-12,95,3442.4,4.0,2026-08-12
2026-08-13,95,3379.8,4.0,2026-08-12
2026-08-14,95,2860.3,3.5,2026-08-12
2026-08-15,95,3259.6,4.0,2026-08-12
2026-08-16,95,3945.4,5.0,2026-08-12
2026-08-17,95,3465.0,4.0,2026-08-12
2026-08-18,95,3488.1,4.0,2026-08-12
2026-08-19,95,3489.3,4.0,2026-08-12
2026-08-20,95,3404.2,4.0,2026-08-12
2026-08-21,95,3295.9,4.0,2026-08-12
2026-08-22,95,3363.5,4.0,2026-08-12
2026-08-23,95,3920.3,5.0,2026-08-12
2026-08-24,95,3541.9,4.5,2026-08-12
2026-08-25,95,3589.2,4.5,2026-08-12
2026-08-26,95,3569.4,4.5,2026-08-12
2026-08-27,95,3685.6,4.5,2026-08-12
2026-08-28,95,3202.0,4.0,2026-08-12
2026-08-29,95,3383.9,4.0,2026-08-12
2026-08-30,95,4438.2,5.5,2026-08-12
2026-08-31,95,3687.8,4.5,2026-08-12
2026-09-01,95,3534.2,4.5,2026-08-12
2026-09-02,95,3427.5,4.0,2026-08-12
2026-09-03,95,3295.9,4.0,2026-08-12
2026-09-04,95,2764.3,3.5,2026-08-12
2026-09-05,95,2904.3,3.5,2026-08-12
2026-09-06,95,3858.1,4.5,2026-08-12
2026-09-07,95,3256.8,4.0,2026-08-12
2026-09-08,95,3118.8,4.0,2026-08-12
2026-09-09,95,3048.0,3.5,2026-08-12
2026-09-10,95,2940.6,3.5,2026-08-12
2026-09-11,95,2450.3,3.0,2026-08-12
2026-09-12,95,2586.3,3.0,2026-08-12
2026-09-13,95,3519.5,4.5,2026-08-12
2026-09-14,95,2990.3,3.5,2026-08-12
2026-09-15,95,2828.2,3.5,2026-08-12
2026-09-16,95,2780.1,3.5,2026-08-12
2026-09-17,95,2706.9,3.5,2026-08-12
2026-09-18,95,2259.5,2.5,2026-08-12
2026-09-19,95,2383.7,3.0,2026-08-12
2026-09-20,95,3257.2,4.0,2026-08-12
2026-09-21,95,2775.0,3.5,2026-08-12
2026-09-22,95,2608.5,3.0,2026-08-12
2026-09-23,95,2577.4,3.0,2026-08-12
2026-09-24,95,2518.1,3.0,2026-08-12
2026-09-25,95,2096.9,2.5,2026-08-12
2026-09-26,95,2196.2,2.5,2026-08-12
2026-09-27,95,3006.1,3.5,2026-08-12
2026-09-28,95,2587.1,3.0,2026-08-12
2026-09-29,95,2418.5,3.0,2026-08-12
2026-09-30,95,2398.8,3.0,2026-08-12
2026-10-01,95,2360.6,3.0,2026-08-12
2026-10-02,95,1958.1,2.5,2026-08-12
2026-10-03,95,1980.6,2.5,2026-08-12
2026-10-04,95,2541.2,3.0,2026-08-12
2026-10-05,95,2215.0,2.5,2026-08-12
2026-10-06,95,2045.3,2.5,2026-08-12
2026-10-07,95,1997.2,2.5,2026-08-12
2026-10-08,95,1941.2,2.5,2026-08-12
2026-10-09,95,1671.3,2.0,2026-08-12
2026-10-10,95,1693.4,2.0,2026-08-12
2026-10-11,95,2037.0,2.5,2026-08-12
2026-10-12,95,1840.4,2.0,2026-08-12
2026-07-15,97,8671.6,10.5,2026-08-12
2026-07-16,97,9100.8,11.0,2026-08-12
2026-07-17,97,7937.1,9.5,2026-08-12
2026-07-18,97,9065.2,11.0,2026-08-12
2026-07-19,97,10465.9,12.5,2026-08-12
2026-07-20,97,9636.1,11.5,2026-08-12
2026-07-21,97,9801.2,11.5,2026-08-12
2026-07-22,97,9095.6,11.0,2026-08-12
2026-07-23,97,9478.1,11.5,2026-08-12
2026-07-24,97,8185.1,9.5,2026-08-12
2026-07-25,97,9389.0,11.0,2026-08-12
2026-07-26,97,11035.7,13.0,2026-08-12
2026-07-27,97,9949.9,12.0,2026-08-12
2026-07-28,97,10067.1,12.0,2026-08-12
2026-07-29,97,9353.6,11.0,2026-08-12
2026-07-30,97,9676.6,11.5,2026-08-12
2026-07-31,97,8462.4,10.0,2026-08-12
2026-08-01,97,9358.4,11.0,2026-08-12
2026-08-02,97,11543.2,13.5,2026-08-12
2026-08-03,97,10265.0,12.0,2026-08-12
2026-08-04,97,10332.8,12.5,2026-08-12
2026-08-05,97,9520.4,11.5,2026-08-12
2026-08-06,97,9770.5,11.5,2026-08-12
2026-08-07,97,7927.5,9.5,2026-08-12
2026-08-08,97,9359.7,11.0,2026-08-12
2026-08-09,97,11271.1,13.5,2026-08-12
2026-08-10,97,10244.2,12.0,2026-08-12
2026-08-11,97,10317.2,12.5,2026-08-12
2026-08-12,97,9545.8,11.5,2026-08-12
2026-08-13,97,9801.1,11.5,2026-08-12
2026-08-14,97,7945.7,9.5,2026-08-12
2026-08-15,97,9325.2,11.0,2026-08-12
2026-08-16,97,8194.4,10.0,2026-08-12
2026-08-17,97,9422.1,11.0,2026-08-12
2026-08-18,97,8755.5,10.5,2026-08-12
2026-08-19,97,9007.9,10.5,2026-08-12
2026-08-20,97,9390.1,11.0,2026-08-12
2026-08-21,97,7517.6,9.0,2026-08-12
2026-08-22,97,8393.7,10.0,2026-08-12
2026-08-23,97,7035.4,8.5,2026-08-12
2026-08-24,97,8454.2,10.0,2026-08-12
2026-08-25,97,7453.0,9.0,2026-08-12
2026-08-26,97,7956.7,9.5,2026-08-12
2026-08-27,97,8207.6,10.0,2026-08-12
2026-08-28,97,7096.7,8.5,2026-08-12
2026-08-29,97,7499.9,9.0,2026-08-12
2026-08-30,97,7914.5,9.5,2026-08-12
2026-08-31,97,8125.0,9.5,2026-08-12
2026-09-01,97,8032.8,9.5,2026-08-12
2026-09-02,97,7599.0,9.0,2026-08-12
2026-09-03,97,7896.0,9.5,2026-08-12
2026-09-04,97,6284.9,7.5,2026-08-12
2026-09-05,97,6319.1,7.5,2026-08-12
2026-09-06,97,5969.8,7.0,2026-08-12
2026-09-07,97,6663.6,8.0,2026-08-12
2026-09-08,97,6498.9,7.5,2026-08-12
2026-09-09,97,6093.5,7.5,2026-08-12
2026-09-10,97,6395.1,7.5,2026-08-12
2026-09-11,97,6010.7,7.0,2026-08-12
2026-09-12,97,5537.6,6.5,2026-08-12
2026-09-13,97,5594.0,6.5,2026-08-12
2026-09-14,97,6496.5,7.5,2026-08-12
2026-09-15,97,6283.7,7.5,2026-08-12
2026-09-16,97,5855.0,7.0,2026-08-12
2026-09-17,97,6077.7,7.0,2026-08-12
2026-09-18,97,5945.4,7.0,2026-08-12
2026-09-19,97,5479.3,6.5,2026-08-12
2026-09-20,97,5590.3,6.5,2026-08-12
2026-09-21,97,6617.3,8.0,2026-08-12
2026-09-22,97,6404.9,7.5,2026-08-12
2026-09-23,97,6036.8,7.0,2026-08-12
2026-09-24,97,6248.1,7.5,2026-08-12
2026-09-25,97,6009.8,7.0,2026-08-12
2026-09-26,97,5578.6,6.5,2026-08-12
2026-09-27,97,5696.7,7.0,2026-08-12
2026-09-28,97,6897.9,8.0,2026-08-12
2026-09-29,97,6904.1,8.0,2026-08-12
2026-09-30,97,6611.9,8.0,2026-08-12
2026-10-01,97,6886.9,8.0,2026-08-12
2026-10-02,97,6150.6,7.5,2026-08-12
2026-10-03,97,5660.1,6.5,2026-08-12
2026-10-04,97,5643.0,6.5,2026-08-12
2026-10-05,97,6908.1,8.0,2026-08-12
2026-10-06,97,6899.7,8.0,2026-08-12
2026-10-07,97,6520.9,8.0,2026-08-12
2026-10-08,97,6932.3,8.5,2026-08-12
2026-10-09,97,6380.7,7.5,2026-08-12
2026-10-10,97,5996.0,7.0,2026-08-12
2026-10-11,97,5797.2,7.0,2026-08-12
2026-10-12,97,7076.4,8.5,2026-08-12
2026-07-15,98,6022.0,6.5,2026-08-12
2026-07-16,98,6358.7,7.0,2026-08-12
2026-07-17,98,5930.3,6.5,2026-08-12
2026-07-18,98,5694.9,6.0,2026-08-12
2026-07-19,98,4095.8,4.5,2026-08-12
2026-07-20,98,6454.7,7.0,2026-08-12
2026-07-21,98,6311.5,7.0,2026-08-12
2026-07-22,98,5988.5,6.5,2026-08-12
2026-07-23,98,6289.6,7.0,2026-08-12
2026-07-24,98,5897.8,6.5,2026-08-12
2026-07-25,98,5655.2,6.0,2026-08-12
2026-07-26,98,4058.7,4.5,2026-08-12
2026-07-27,98,6397.1,7.0,2026-08-12
2026-07-28,98,6297.6,7.0,2026-08-12
2026-07-29,98,5941.4,6.5,2026-08-12
2026-07-30,98,6260.5,6.5,2026-08-12
2026-07-31,98,5434.1,6.0,2026-08-12
2026-08-01,98,6100.8,6.5,2026-08-12
2026-08-02,98,4195.5,4.5,2026-08-12
2026-08-03,98,6550.9,7.0,2026-08-12
2026-08-04,98,6320.5,7.0,2026-08-12
2026-08-05,98,5899.4,6.5,2026-08-12
2026-08-06,98,6188.1,6.5,2026-08-12
2026-08-07,98,5772.6,6.0,2026-08-12
2026-08-08,98,5536.9,6.0,2026-08-12
2026-08-09,98,3987.5,4.5,2026-08-12
2026-08-10,98,6348.8,7.0,2026-08-12
2026-08-11,98,6272.0,7.0,2026-08-12
2026-08-12,98,5911.6,6.5,2026-08-12
2026-08-13,98,6221.8,6.5,2026-08-12
2026-08-14,98,5798.8,6.0,2026-08-12
2026-08-15,98,5147.9,5.5,2026-08-12
2026-08-16,98,4494.9,5.0,2026-08-12
2026-08-17,98,6334.3,7.0,2026-08-12
2026-08-18,98,6348.8,7.0,2026-08-12
2026-08-19,98,5863.6,6.5,2026-08-12
2026-08-20,98,6189.1,6.5,2026-08-12
2026-08-21,98,5337.4,5.5,2026-08-12
2026-08-22,98,5625.1,6.0,2026-08-12
2026-08-23,98,4644.5,5.0,2026-08-12
2026-08-24,98,6505.6,7.0,2026-08-12
2026-08-25,98,6397.0,7.0,2026-08-12
2026-08-26,98,5880.5,6.5,2026-08-12
2026-08-27,98,5734.5,6.0,2026-08-12
2026-08-28,98,6178.5,6.5,2026-08-12
2026-08-29,98,5736.4,6.0,2026-08-12
2026-08-30,98,4125.2,4.5,2026-08-12
2026-08-31,98,6426.2,7.0,2026-08-12
2026-09-01,98,6270.7,7.0,2026-08-12
2026-09-02,98,5826.2,6.5,2026-08-12
2026-09-03,98,6117.9,6.5,2026-08-12
2026-09-04,98,5670.8,6.0,2026-08-12
2026-09-05,98,5416.8,6.0,2026-08-12
2026-09-06,98,3864.5,4.0,2026-08-12
2026-09-07,98,6201.5,6.5,2026-08-12
2026-09-08,98,6130.6,6.5,2026-08-12
2026-09-09,98,5765.2,6.0,2026-08-12
2026-09-10,98,6085.4,6.5,2026-08-12
2026-09-11,98,5648.8,6.0,2026-08-12
2026-09-12,98,5392.9,6.0,2026-08-12
2026-09-13,98,3857.3,4.0,2026-08-12
2026-09-14,98,6192.6,6.5,2026-08-12
2026-09-15,98,6122.6,6.5,2026-08-12
2026-09-16,98,5753.3,6.0,2026-08-12
2026-09-17,98,6045.5,6.5,2026-08-12
2026-09-18,98,5598.0,6.0,2026-08-12
2026-09-19,98,5342.5,6.0,2026-08-12
2026-09-20,98,3832.5,4.0,2026-08-12
2026-09-21,98,6167.2,6.5,2026-08-12
2026-09-22,98,6112.8,6.5,2026-08-12
2026-09-23,98,5746.5,6.0,2026-08-12
2026-09-24,98,6067.0,6.5,2026-08-12
2026-09-25,98,5632.2,6.0,2026-08-12
2026-09-26,98,5370.5,6.0,2026-08-12
2026-09-27,98,3842.4,4.0,2026-08-12
2026-09-28,98,6165.0,6.5,2026-08-12
2026-09-29,98,6105.7,6.5,2026-08-12
2026-09-30,98,5733.4,6.0,2026-08-12
2026-10-01,98,6059.2,6.5,2026-08-12
2026-10-02,98,5557.3,6.0,2026-08-12
2026-10-03,98,5285.4,5.5,2026-08-12
2026-10-04,98,3760.1,4.0,2026-08-12
2026-10-05,98,6035.4,6.5,2026-08-12
2026-10-06,98,5969.2,6.5,2026-08-12
2026-10-07,98,5591.6,6.0,2026-08-12
2026-10-08,98,5925.5,6.5,2026-08-12
2026-10-09,98,5483.4,6.0,2026-08-12
2026-10-10,98,5232.2,5.5,2026-08-12
2026-10-11,98,3739.6,4.0,2026-08-12
2026-10-12,98,6038.7,6.5,2026-08-12
2026-07-15,99,11.4,1.0,2026-08-12
2026-07-16,99,11.4,1.0,2026-08-12
2026-07-17,99,11.4,1.0,2026-08-12
2026-07-18,99,11.4,1.0,2026-08-12
2026-07-19,99,57.8,1.0,2026-08-12
2026-07-20,99,11.4,1.0,2026-08-12
2026-07-21,99,11.4,1.0,2026-08-12
2026-07-22,99,11.4,1.0,2026-08-12
2026-07-23,99,12.8,1.0,2026-08-12
2026-07-24,99,11.4,1.0,2026-08-12
2026-07-25,99,11.4,1.0,2026-08-12
2026-07-26,99,124.6,1.5,2026-08-12
2026-07-27,99,11.4,1.0,2026-08-12
2026-07-28,99,11.4,1.0,2026-08-12
2026-07-29,99,11.4,1.0,2026-08-12
2026-07-30,99,11.4,1.0,2026-08-12
2026-07-31,99,11.4,1.0,2026-08-12
2026-08-01,99,11.4,1.0,2026-08-12
2026-08-02,99,187.6,2.0,2026-08-12
2026-08-03,99,11.4,1.0,2026-08-12
2026-08-04,99,48.8,1.0,2026-08-12
2026-08-05,99,175.6,2.0,2026-08-12
2026-08-06,99,168.9,2.0,2026-08-12
2026-08-07,99,11.4,1.0,2026-08-12
2026-08-08,99,21.3,1.0,2026-08-12
2026-08-09,99,255.5,3.0,2026-08-12
2026-08-10,99,11.4,1.0,2026-08-12
2026-08-11,99,64.0,1.0,2026-08-12
2026-08-12,99,142.6,1.5,2026-08-12
2026-08-13,99,268.9,3.0,2026-08-12
2026-08-14,99,11.4,1.0,2026-08-12
2026-08-15,99,252.3,3.0,2026-08-12
2026-08-16,99,376.6,4.0,2026-08-12
2026-08-17,99,209.4,2.5,2026-08-12
2026-08-18,99,268.2,3.0,2026-08-12
2026-08-19,99,361.6,4.0,2026-08-12
2026-08-20,99,514.9,5.5,2026-08-12
2026-08-21,99,136.4,1.5,2026-08-12
2026-08-22,99,387.9,4.5,2026-08-12
2026-08-23,99,415.6,4.5,2026-08-12
2026-08-24,99,281.3,3.0,2026-08-12
2026-08-25,99,184.7,2.0,2026-08-12
2026-08-26,99,259.8,3.0,2026-08-12
2026-08-27,99,365.6,4.0,2026-08-12
2026-08-28,99,11.4,1.0,2026-08-12
2026-08-29,99,13.2,1.0,2026-08-12
2026-08-30,99,319.4,3.5,2026-08-12
2026-08-31,99,66.0,1.0,2026-08-12
2026-09-01,99,111.9,1.0,2026-08-12
2026-09-02,99,59.1,1.0,2026-08-12
2026-09-03,99,21.9,1.0,2026-08-12
2026-09-04,99,11.4,1.0,2026-08-12
2026-09-05,99,11.4,1.0,2026-08-12
2026-09-06,99,89.1,1.0,2026-08-12
2026-09-07,99,11.4,1.0,2026-08-12
2026-09-08,99,11.4,1.0,2026-08-12
2026-09-09,99,11.4,1.0,2026-08-12
2026-09-10,99,11.4,1.0,2026-08-12
2026-09-11,99,11.4,1.0,2026-08-12
2026-09-12,99,11.4,1.0,2026-08-12
2026-09-13,99,11.4,1.0,2026-08-12
2026-09-14,99,11.4,1.0,2026-08-12
2026-09-15,99,11.4,1.0,2026-08-12
2026-09-16,99,11.4,1.0,2026-08-12
2026-09-17,99,11.6,1.0,2026-08-12
2026-09-18,99,11.4,1.0,2026-08-12
2026-09-19,99,11.4,1.0,2026-08-12
2026-09-20,99,11.4,1.0,2026-08-12
2026-09-21,99,11.4,1.0,2026-08-12
2026-09-22,99,11.4,1.0,2026-08-12
2026-09-23,99,11.9,1.0,2026-08-12
2026-09-24,99,12.0,1.0,2026-08-12
2026-09-25,99,11.4,1.0,2026-08-12
2026-09-26,99,11.4,1.0,2026-08-12
2026-09-27,99,11.6,1.0,2026-08-12
2026-09-28,99,11.4,1.0,2026-08-12
2026-09-29,99,11.4,1.0,2026-08-12
2026-09-30,99,11.9,1.0,2026-08-12
2026-10-01,99,12.1,1.0,2026-08-12
2026-10-02,99,11.4,1.0,2026-08-12
2026-10-03,99,11.4,1.0,2026-08-12
2026-10-04,99,11.4,1.0,2026-08-12
2026-10-05,99,11.4,1.0,2026-08-12
2026-10-06,99,11.4,1.0,2026-08-12
2026-10-07,99,11.4,1.0,2026-08-12
2026-10-08,99,11.4,1.0,2026-08-12
2026-10-09,99,11.4,1.0,2026-08-12
2026-10-10,99,11.4,1.0,2026-08-12
2026-10-11,99,11.4,1.0,2026-08-12
2026-10-12,99,11.4,1.0,2026-08-12
2026-07-15,AE,114.2,1.0,2026-08-12
2026-07-16,AE,113.1,1.0,2026-08-12
2026-07-17,AE,108.1,1.0,2026-08-12
2026-07-18,AE,102.2,1.0,2026-08-12
2026-07-19,AE,107.0,1.0,2026-08-12
2026-07-20,AE,119.5,1.0,2026-08-12
2026-07-21,AE,125.3,1.0,2026-08-12
2026-07-22,AE,121.0,1.0,2026-08-12
2026-07-23,AE,119.5,1.0,2026-08-12
2026-07-24,AE,115.0,1.0,2026-08-12
2026-07-25,AE,108.1,1.0,2026-08-12
2026-07-26,AE,111.3,1.0,2026-08-12
2026-07-27,AE,121.0,1.0,2026-08-12
2026-07-28,AE,125.7,1.0,2026-08-12
2026-07-29,AE,121.5,1.0,2026-08-12
2026-07-30,AE,121.1,1.0,2026-08-12
2026-07-31,AE,125.8,1.0,2026-08-12
2026-08-01,AE,122.4,1.0,2026-08-12
2026-08-02,AE,121.8,1.0,2026-08-12
2026-08-03,AE,122.7,1.0,2026-08-12
2026-08-04,AE,120.7,1.0,2026-08-12
2026-08-05,AE,115.0,1.0,2026-08-12
2026-08-06,AE,116.8,1.0,2026-08-12
2026-08-07,AE,118.9,1.0,2026-08-12
2026-08-08,AE,119.0,1.0,2026-08-12
2026-08-09,AE,125.6,1.0,2026-08-12
2026-08-10,AE,133.0,1.0,2026-08-12
2026-08-11,AE,133.7,1.0,2026-08-12
2026-08-12,AE,126.7,1.0,2026-08-12
2026-08-13,AE,125.7,1.0,2026-08-12
2026-08-14,AE,123.0,1.0,2026-08-12
2026-08-15,AE,127.8,1.0,2026-08-12
2026-08-16,AE,133.5,1.0,2026-08-12
2026-08-17,AE,136.7,1.0,2026-08-12
2026-08-18,AE,132.6,1.0,2026-08-12
2026-08-19,AE,122.7,1.0,2026-08-12
2026-08-20,AE,120.7,1.0,2026-08-12
2026-08-21,AE,127.3,1.0,2026-08-12
2026-08-22,AE,136.1,1.0,2026-08-12
2026-08-23,AE,141.2,1.0,2026-08-12
2026-08-24,AE,139.7,1.0,2026-08-12
2026-08-25,AE,131.0,1.0,2026-08-12
2026-08-26,AE,118.3,1.0,2026-08-12
2026-08-27,AE,122.0,1.0,2026-08-12
2026-08-28,AE,123.0,1.0,2026-08-12
2026-08-29,AE,120.8,1.0,2026-08-12
2026-08-30,AE,124.6,1.0,2026-08-12
2026-08-31,AE,130.6,1.0,2026-08-12
2026-09-01,AE,131.8,1.0,2026-08-12
2026-09-02,AE,127.1,1.0,2026-08-12
2026-09-03,AE,130.2,1.0,2026-08-12
2026-09-04,AE,133.2,1.0,2026-08-12
2026-09-05,AE,133.0,1.0,2026-08-12
2026-09-06,AE,137.8,1.0,2026-08-12
2026-09-07,AE,142.4,1.0,2026-08-12
2026-09-08,AE,142.0,1.0,2026-08-12
2026-09-09,AE,135.1,1.0,2026-08-12
2026-09-10,AE,136.1,1.0,2026-08-12
2026-09-11,AE,136.8,1.0,2026-08-12
2026-09-12,AE,134.3,1.0,2026-08-12
2026-09-13,AE,138.3,1.0,2026-08-12
2026-09-14,AE,142.9,1.0,2026-08-12
2026-09-15,AE,143.8,1.0,2026-08-12
2026-09-16,AE,137.5,1.0,2026-08-12
2026-09-17,AE,138.0,1.0,2026-08-12
2026-09-18,AE,138.1,1.0,2026-08-12
2026-09-19,AE,135.6,1.0,2026-08-12
2026-09-20,AE,139.0,1.0,2026-08-12
2026-09-21,AE,142.8,1.0,2026-08-12
2026-09-22,AE,142.4,1.0,2026-08-12
2026-09-23,AE,136.2,1.0,2026-08-12
2026-09-24,AE,138.8,1.0,2026-08-12
2026-09-25,AE,140.2,1.0,2026-08-12
2026-09-26,AE,137.6,1.0,2026-08-12
2026-09-27,AE,140.9,1.0,2026-08-12
2026-09-28,AE,143.5,1.0,2026-08-12
2026-09-29,AE,142.0,1.0,2026-08-12
2026-09-30,AE,135.0,1.0,2026-08-12
2026-10-01,AE,136.6,1.0,2026-08-12
2026-10-02,AE,139.1,1.0,2026-08-12
2026-10-03,AE,140.6,1.0,2026-08-12
2026-10-04,AE,147.7,1.0,2026-08-12
2026-10-05,AE,153.0,1.0,2026-08-12
2026-10-06,AE,153.7,1.0,2026-08-12
2026-10-07,AE,146.9,1.0,2026-08-12
2026-10-08,AE,148.8,1.0,2026-08-12
2026-10-09,AE,150.2,1.0,2026-08-12
2026-10-10,AE,149.2,1.0,2026-08-12
2026-10-11,AE,152.9,1.0,2026-08-12
2026-10-12,AE,154.7,1.0,2026-08-12
