date,ligne,passagers_predits,bus_recommandes,date_generation
2026-07-15,1,305.8,1.0,2026-08-06
2026-07-16,1,296.2,1.0,2026-08-06
2026-07-17,1,216.7,1.0,2026-08-06
2026-07-18,1,119.0,1.0,2026-08-06
2026-07-19,1,75.4,1.0,2026-08-06
2026-07-20,1,114.4,1.0,2026-08-06
2026-07-21,1,184.8,1.0,2026-08-06
2026-07-22,1,197.6,1.0,2026-08-06
2026-07-23,1,175.4,1.0,2026-08-06
2026-07-24,1,106.6,1.0,2026-08-06
2026-07-25,1,35.3,1.0,2026-08-06
2026-07-26,1,13.0,1.0,2026-08-06
2026-07-27,1,47.7,1.0,2026-08-06
2026-07-28,1,100.5,1.0,2026-08-06
2026-07-29,1,108.4,1.0,2026-08-06
2026-07-30,1,85.3,1.0,2026-08-06
2026-07-31,1,32.9,1.0,2026-08-06
2026-08-01,1,-0.8,0.0,2026-08-06
2026-08-02,1,1.0,1.0,2026-08-06
2026-08-03,1,12.2,1.0,2026-08-06
2026-08-04,1,44.9,1.0,2026-08-06
2026-08-05,1,52.9,1.0,2026-08-06
2026-08-06,1,44.2,1.0,2026-08-06
2026-08-07,1,15.1,1.0,2026-08-06
2026-08-08,1,-6.3,0.0,2026-08-06
2026-08-09,1,-3.0,0.0,2026-08-06
2026-08-10,1,15.2,1.0,2026-08-06
2026-08-11,1,60.8,1.0,2026-08-06
2026-08-12,1,74.8,1.0,2026-08-06
2026-08-13,1,66.5,1.0,2026-08-06
2026-08-14,1,34.3,1.0,2026-08-06
2026-08-15,1,-1.6,0.0,2026-08-06
2026-08-16,1,-0.0,0.0,2026-08-06
2026-08-17,1,10.6,1.0,2026-08-06
2026-08-18,1,41.9,1.0,2026-08-06
2026-08-19,1,49.9,1.0,2026-08-06
2026-08-20,1,42.6,1.0,2026-08-06
2026-08-21,1,10.7,1.0,2026-08-06
2026-08-22,1,1.9,1.0,2026-08-06
2026-08-23,1,2.7,1.0,2026-08-06
2026-08-24,1,10.4,1.0,2026-08-06
2026-08-25,1,23.2,1.0,2026-08-06
2026-08-26,1,28.2,1.0,2026-08-06
2026-08-27,1,8.9,1.0,2026-08-06
2026-08-28,1,3.9,1.0,2026-08-06
2026-08-29,1,1.1,1.0,2026-08-06
2026-08-30,1,2.7,1.0,2026-08-06
2026-08-31,1,9.0,1.0,2026-08-06
2026-09-01,1,52.7,1.0,2026-08-06
2026-09-02,1,67.8,1.0,2026-08-06
2026-09-03,1,66.6,1.0,2026-08-06
2026-09-04,1,43.3,1.0,2026-08-06
2026-09-05,1,11.5,1.0,2026-08-06
2026-09-06,1,7.9,1.0,2026-08-06
2026-09-07,1,49.2,1.0,2026-08-06
2026-09-08,1,98.2,1.0,2026-08-06
2026-09-09,1,119.1,1.0,2026-08-06
2026-09-10,1,124.8,1.0,2026-08-06
2026-09-11,1,106.2,1.0,2026-08-06
2026-09-12,1,76.1,1.0,2026-08-06
2026-09-13,1,70.6,1.0,2026-08-06
2026-09-14,1,115.1,1.0,2026-08-06
2026-09-15,1,170.2,1.0,2026-08-06
2026-09-16,1,196.3,1.0,2026-08-06
2026-09-17,1,198.9,1.0,2026-08-06
2026-09-18,1,161.9,1.0,2026-08-06
2026-09-19,1,116.4,1.0,2026-08-06
2026-09-20,1,105.6,1.0,2026-08-06
2026-09-21,1,155.5,1.0,2026-08-06
2026-09-22,1,223.9,1.0,2026-08-06
2026-09-23,1,249.1,1.0,2026-08-06
2026-09-24,1,252.4,1.0,2026-08-06
2026-09-25,1,215.5,1.0,2026-08-06
2026-09-26,1,157.6,1.0,2026-08-06
2026-09-27,1,133.5,1.0,2026-08-06
2026-09-28,1,187.3,1.0,2026-08-06
2026-09-29,1,248.6,1.0,2026-08-06
2026-09-30,1,268.6,1.0,2026-08-06
2026-10-01,1,269.5,1.0,2026-08-06
2026-10-02,1,230.4,1.0,2026-08-06
2026-10-03,1,171.6,1.0,2026-08-06
2026-10-04,1,148.1,1.0,2026-08-06
2026-10-05,1,205.1,1.0,2026-08-06
2026-10-06,1,269.4,1.0,2026-08-06
2026-10-07,1,292.2,1.0,2026-08-06
2026-10-08,1,295.1,1.0,2026-08-06
2026-10-09,1,256.2,1.0,2026-08-06
2026-10-10,1,193.5,1.0,2026-08-06
2026-10-11,1,164.5,1.0,2026-08-06
2026-10-12,1,216.8,1.0,2026-08-06
2026-07-15,10,135.2,1.0,2026-08-06
2026-07-16,10,159.1,1.0,2026-08-06
2026-07-17,10,181.0,1.0,2026-08-06
2026-07-18,10,199.7,1.0,2026-08-06
2026-07-19,10,127.8,1.0,2026-08-06
2026-07-20,10,150.1,1.0,2026-08-06
2026-07-21,10,213.3,1.0,2026-08-06
2026-07-22,10,149.9,1.0,2026-08-06
2026-07-23,10,167.5,1.0,2026-08-06
2026-07-24,10,170.5,1.0,2026-08-06
2026-07-25,10,183.2,1.0,2026-08-06
2026-07-26,10,115.9,1.0,2026-08-06
2026-07-27,10,151.7,1.0,2026-08-06
2026-07-28,10,214.0,1.0,2026-08-06
2026-07-29,10,143.7,1.0,2026-08-06
2026-07-30,10,159.8,1.0,2026-08-06
2026-07-31,10,148.3,1.0,2026-08-06
2026-08-01,10,167.0,1.0,2026-08-06
2026-08-02,10,94.9,1.0,2026-08-06
2026-08-03,10,179.4,1.0,2026-08-06
2026-08-04,10,230.2,1.0,2026-08-06
2026-08-05,10,152.8,1.0,2026-08-06
2026-08-06,10,168.3,1.0,2026-08-06
2026-08-07,10,180.7,1.0,2026-08-06
2026-08-08,10,189.7,1.0,2026-08-06
2026-08-09,10,117.7,1.0,2026-08-06
2026-08-10,10,145.7,1.0,2026-08-06
2026-08-11,10,210.5,1.0,2026-08-06
2026-08-12,10,131.4,1.0,2026-08-06
2026-08-13,10,145.3,1.0,2026-08-06
2026-08-14,10,151.3,1.0,2026-08-06
2026-08-15,10,132.3,1.0,2026-08-06
2026-08-16,10,58.5,1.0,2026-08-06
2026-08-17,10,194.3,1.0,2026-08-06
2026-08-18,10,239.7,1.0,2026-08-06
2026-08-19,10,141.7,1.0,2026-08-06
2026-08-20,10,155.0,1.0,2026-08-06
2026-08-21,10,146.3,1.0,2026-08-06
2026-08-22,10,143.0,1.0,2026-08-06
2026-08-23,10,100.4,1.0,2026-08-06
2026-08-24,10,250.3,1.0,2026-08-06
2026-08-25,10,277.4,1.0,2026-08-06
2026-08-26,10,174.5,1.0,2026-08-06
2026-08-27,10,173.5,1.0,2026-08-06
2026-08-28,10,182.7,1.0,2026-08-06
2026-08-29,10,199.0,1.0,2026-08-06
2026-08-30,10,118.7,1.0,2026-08-06
2026-08-31,10,186.1,1.0,2026-08-06
2026-09-01,10,229.4,1.0,2026-08-06
2026-09-02,10,147.5,1.0,2026-08-06
2026-09-03,10,162.2,1.0,2026-08-06
2026-09-04,10,167.0,1.0,2026-08-06
2026-09-05,10,169.9,1.0,2026-08-06
2026-09-06,10,77.9,1.0,2026-08-06
2026-09-07,10,137.4,1.0,2026-08-06
2026-09-08,10,204.4,1.0,2026-08-06
2026-09-09,10,103.8,1.0,2026-08-06
2026-09-10,10,120.7,1.0,2026-08-06
2026-09-11,10,111.0,1.0,2026-08-06
2026-09-12,10,119.1,1.0,2026-08-06
2026-09-13,10,43.1,1.0,2026-08-06
2026-09-14,10,117.0,1.0,2026-08-06
2026-09-15,10,180.7,1.0,2026-08-06
2026-09-16,10,86.1,1.0,2026-08-06
2026-09-17,10,101.9,1.0,2026-08-06
2026-09-18,10,86.2,1.0,2026-08-06
2026-09-19,10,97.7,1.0,2026-08-06
2026-09-20,10,32.1,1.0,2026-08-06
2026-09-21,10,100.1,1.0,2026-08-06
2026-09-22,10,168.0,1.0,2026-08-06
2026-09-23,10,74.8,1.0,2026-08-06
2026-09-24,10,90.1,1.0,2026-08-06
2026-09-25,10,82.8,1.0,2026-08-06
2026-09-26,10,95.9,1.0,2026-08-06
2026-09-27,10,38.6,1.0,2026-08-06
2026-09-28,10,81.6,1.0,2026-08-06
2026-09-29,10,154.9,1.0,2026-08-06
2026-09-30,10,68.9,1.0,2026-08-06
2026-10-01,10,83.8,1.0,2026-08-06
2026-10-02,10,83.5,1.0,2026-08-06
2026-10-03,10,93.8,1.0,2026-08-06
2026-10-04,10,38.5,1.0,2026-08-06
2026-10-05,10,73.7,1.0,2026-08-06
2026-10-06,10,143.3,1.0,2026-08-06
2026-10-07,10,55.9,1.0,2026-08-06
2026-10-08,10,66.8,1.0,2026-08-06
2026-10-09,10,66.5,1.0,2026-08-06
2026-10-10,10,91.6,1.0,2026-08-06
2026-10-11,10,32.7,1.0,2026-08-06
2026-10-12,10,52.7,1.0,2026-08-06
2026-07-15,11,5473.8,6.5,2026-08-06
2026-07-16,11,5333.3,6.5,2026-08-06
2026-07-17,11,5127.0,6.0,2026-08-06
2026-07-18,11,4913.5,6.0,2026-08-06
2026-07-19,11,4965.9,6.0,2026-08-06
2026-07-20,11,5254.1,6.0,2026-08-06
2026-07-21,11,5383.5,6.5,2026-08-06
2026-07-22,11,5387.9,6.5,2026-08-06
2026-07-23,11,5180.1,6.0,2026-08-06
2026-07-24,11,4928.0,6.0,2026-08-06
2026-07-25,11,4695.8,5.5,2026-08-06
2026-07-26,11,4738.9,5.5,2026-08-06
2026-07-27,11,5017.2,6.0,2026-08-06
2026-07-28,11,5143.4,6.0,2026-08-06
2026-07-29,11,5146.0,6.0,2026-08-06
2026-07-30,11,4949.5,6.0,2026-08-06
2026-07-31,11,5038.2,6.0,2026-08-06
2026-08-01,11,4962.9,6.0,2026-08-06
2026-08-02,11,5067.6,6.0,2026-08-06
2026-08-03,11,5326.8,6.5,2026-08-06
2026-08-04,11,5387.3,6.5,2026-08-06
2026-08-05,11,5324.3,6.5,2026-08-06
2026-08-06,11,5061.5,6.0,2026-08-06
2026-08-07,11,4773.7,5.5,2026-08-06
2026-08-08,11,4540.3,5.5,2026-08-06
2026-08-09,11,4603.0,5.5,2026-08-06
2026-08-10,11,4921.0,6.0,2026-08-06
2026-08-11,11,5089.6,6.0,2026-08-06
2026-08-12,11,5115.9,6.0,2026-08-06
2026-08-13,11,4937.0,6.0,2026-08-06
2026-08-14,11,4717.4,5.5,2026-08-06
2026-08-15,11,4847.3,5.5,2026-08-06
2026-08-16,11,4996.3,6.0,2026-08-06
2026-08-17,11,5298.3,6.0,2026-08-06
2026-08-18,11,5388.5,6.5,2026-08-06
2026-08-19,11,5332.0,6.5,2026-08-06
2026-08-20,11,5066.8,6.0,2026-08-06
2026-08-21,11,5090.8,6.0,2026-08-06
2026-08-22,11,5265.0,6.0,2026-08-06
2026-08-23,11,5395.4,6.5,2026-08-06
2026-08-24,11,5635.1,6.5,2026-08-06
2026-08-25,11,5653.2,6.5,2026-08-06
2026-08-26,11,5541.2,6.5,2026-08-06
2026-08-27,11,5528.4,6.5,2026-08-06
2026-08-28,11,5337.4,6.5,2026-08-06
2026-08-29,11,5128.3,6.0,2026-08-06
2026-08-30,11,5127.1,6.0,2026-08-06
2026-08-31,11,5333.1,6.5,2026-08-06
2026-09-01,11,5367.9,6.5,2026-08-06
2026-09-02,11,5278.9,6.0,2026-08-06
2026-09-03,11,5002.9,6.0,2026-08-06
2026-09-04,11,4695.3,5.5,2026-08-06
2026-09-05,11,4426.9,5.0,2026-08-06
2026-09-06,11,4441.4,5.0,2026-08-06
2026-09-07,11,4716.0,5.5,2026-08-06
2026-09-08,11,4835.9,5.5,2026-08-06
2026-09-09,11,4799.4,5.5,2026-08-06
2026-09-10,11,4562.8,5.5,2026-08-06
2026-09-11,11,4276.8,5.0,2026-08-06
2026-09-12,11,4041.0,5.0,2026-08-06
2026-09-13,11,4118.9,5.0,2026-08-06
2026-09-14,11,4455.1,5.0,2026-08-06
2026-09-15,11,4642.1,5.5,2026-08-06
2026-09-16,11,4657.4,5.5,2026-08-06
2026-09-17,11,4440.8,5.0,2026-08-06
2026-09-18,11,4155.4,5.0,2026-08-06
2026-09-19,11,3918.4,4.5,2026-08-06
2026-09-20,11,4005.7,4.5,2026-08-06
2026-09-21,11,4360.7,5.0,2026-08-06
2026-09-22,11,4581.7,5.5,2026-08-06
2026-09-23,11,4622.9,5.5,2026-08-06
2026-09-24,11,4440.4,5.0,2026-08-06
2026-09-25,11,4184.3,5.0,2026-08-06
2026-09-26,11,3957.7,4.5,2026-08-06
2026-09-27,11,4037.8,5.0,2026-08-06
2026-09-28,11,4375.1,5.0,2026-08-06
2026-09-29,11,4574.5,5.5,2026-08-06
2026-09-30,11,4604.1,5.5,2026-08-06
2026-10-01,11,4418.8,5.0,2026-08-06
2026-10-02,11,4151.8,5.0,2026-08-06
2026-10-03,11,3920.4,4.5,2026-08-06
2026-10-04,11,3987.3,4.5,2026-08-06
2026-10-05,11,4291.4,5.0,2026-08-06
2026-10-06,11,4458.5,5.5,2026-08-06
2026-10-07,11,4458.3,5.5,2026-08-06
2026-10-08,11,4256.0,5.0,2026-08-06
2026-10-09,11,3997.2,4.5,2026-08-06
2026-10-10,11,3777.9,4.5,2026-08-06
2026-10-11,11,3866.7,4.5,2026-08-06
2026-10-12,11,4200.2,5.0,2026-08-06
2026-07-15,12,7774.9,13.0,2026-08-06
2026-07-16,12,8321.6,13.5,2026-08-06
2026-07-17,12,7408.5,12.0,2026-08-06
2026-07-18,12,6856.2,11.0,2026-08-06
2026-07-19,12,5299.8,8.5,2026-08-06
2026-07-20,12,9440.7,15.5,2026-08-06
2026-07-21,12,9477.1,15.5,2026-08-06
2026-07-22,12,9157.1,15.0,2026-08-06
2026-07-23,12,9604.2,16.0,2026-08-06
2026-07-24,12,8417.3,14.0,2026-08-06
2026-07-25,12,7510.2,12.5,2026-08-06
2026-07-26,12,5516.4,9.0,2026-08-06
2026-07-27,12,9509.1,15.5,2026-08-06
2026-07-28,12,9433.4,15.5,2026-08-06
2026-07-29,12,9141.2,15.0,2026-08-06
2026-07-30,12,9574.4,15.5,2026-08-06
2026-07-31,12,9704.4,16.0,2026-08-06
2026-08-01,12,8455.4,14.0,2026-08-06
2026-08-02,12,6046.6,10.0,2026-08-06
2026-08-03,12,9268.1,15.0,2026-08-06
2026-08-04,12,8970.6,14.5,2026-08-06
2026-08-05,12,8671.1,14.0,2026-08-06
2026-08-06,12,9164.2,15.0,2026-08-06
2026-08-07,12,8302.4,13.5,2026-08-06
2026-08-08,12,7618.1,12.5,2026-08-06
2026-08-09,12,5634.7,9.0,2026-08-06
2026-08-10,12,9963.0,16.5,2026-08-06
2026-08-11,12,9992.0,16.5,2026-08-06
2026-08-12,12,9619.6,16.0,2026-08-06
2026-08-13,12,9915.5,16.5,2026-08-06
2026-08-14,12,8763.4,14.5,2026-08-06
2026-08-15,12,8527.6,14.0,2026-08-06
2026-08-16,12,6467.5,10.5,2026-08-06
2026-08-17,12,10733.7,17.5,2026-08-06
2026-08-18,12,10431.1,17.0,2026-08-06
2026-08-19,12,9930.0,16.5,2026-08-06
2026-08-20,12,10098.4,16.5,2026-08-06
2026-08-21,12,10279.7,17.0,2026-08-06
2026-08-22,12,11099.3,18.0,2026-08-06
2026-08-23,12,7500.8,12.5,2026-08-06
2026-08-24,12,11290.6,18.5,2026-08-06
2026-08-25,12,10490.3,17.0,2026-08-06
2026-08-26,12,9789.3,16.0,2026-08-06
2026-08-27,12,10379.4,17.0,2026-08-06
2026-08-28,12,9291.2,15.0,2026-08-06
2026-08-29,12,8190.0,13.5,2026-08-06
2026-08-30,12,6006.1,10.0,2026-08-06
2026-08-31,12,9388.8,15.5,2026-08-06
2026-09-01,12,9288.4,15.0,2026-08-06
2026-09-02,12,9043.9,15.0,2026-08-06
2026-09-03,12,9480.4,15.5,2026-08-06
2026-09-04,12,8684.7,14.0,2026-08-06
2026-09-05,12,7841.1,13.0,2026-08-06
2026-09-06,12,5647.0,9.5,2026-08-06
2026-09-07,12,10632.5,17.5,2026-08-06
2026-09-08,12,10872.3,18.0,2026-08-06
2026-09-09,12,10489.0,17.0,2026-08-06
2026-09-10,12,10871.4,18.0,2026-08-06
2026-09-11,12,9915.1,16.5,2026-08-06
2026-09-12,12,8449.6,14.0,2026-08-06
2026-09-13,12,5726.9,9.5,2026-08-06
2026-09-14,12,10952.3,18.0,2026-08-06
2026-09-15,12,11126.7,18.5,2026-08-06
2026-09-16,12,10666.2,17.5,2026-08-06
2026-09-17,12,10808.3,17.5,2026-08-06
2026-09-18,12,9812.5,16.0,2026-08-06
2026-09-19,12,8435.3,14.0,2026-08-06
2026-09-20,12,5666.4,9.5,2026-08-06
2026-09-21,12,10836.5,18.0,2026-08-06
2026-09-22,12,11014.3,18.0,2026-08-06
2026-09-23,12,10587.5,17.5,2026-08-06
2026-09-24,12,10954.9,18.0,2026-08-06
2026-09-25,12,9989.7,16.5,2026-08-06
2026-09-26,12,8419.8,14.0,2026-08-06
2026-09-27,12,5703.3,9.5,2026-08-06
2026-09-28,12,11110.5,18.0,2026-08-06
2026-09-29,12,11259.4,18.5,2026-08-06
2026-09-30,12,10714.2,17.5,2026-08-06
2026-10-01,12,10994.8,18.0,2026-08-06
2026-10-02,12,9932.3,16.5,2026-08-06
2026-10-03,12,8404.2,14.0,2026-08-06
2026-10-04,12,5535.6,9.0,2026-08-06
2026-10-05,12,11328.9,18.5,2026-08-06
2026-10-06,12,11610.1,19.0,2026-08-06
2026-10-07,12,11039.7,18.0,2026-08-06
2026-10-08,12,11496.1,19.0,2026-08-06
2026-10-09,12,10733.3,17.5,2026-08-06
2026-10-10,12,8915.4,14.5,2026-08-06
2026-10-11,12,5665.4,9.5,2026-08-06
2026-10-12,12,12062.1,20.0,2026-08-06
2026-07-15,13,452.1,1.0,2026-08-06
2026-07-16,13,453.6,1.0,2026-08-06
2026-07-17,13,415.5,1.0,2026-08-06
2026-07-18,13,389.9,1.0,2026-08-06
2026-07-19,13,374.1,1.0,2026-08-06
2026-07-20,13,415.1,1.0,2026-08-06
2026-07-21,13,454.4,1.0,2026-08-06
2026-07-22,13,439.7,1.0,2026-08-06
2026-07-23,13,439.9,1.0,2026-08-06
2026-07-24,13,401.4,1.0,2026-08-06
2026-07-25,13,376.4,1.0,2026-08-06
2026-07-26,13,361.0,1.0,2026-08-06
2026-07-27,13,399.5,1.0,2026-08-06
2026-07-28,13,438.6,1.0,2026-08-06
2026-07-29,13,424.6,1.0,2026-08-06
2026-07-30,13,423.5,1.0,2026-08-06
2026-07-31,13,382.3,1.0,2026-08-06
2026-08-01,13,371.5,1.0,2026-08-06
2026-08-02,13,368.1,1.0,2026-08-06
2026-08-03,13,413.4,1.0,2026-08-06
2026-08-04,13,457.0,1.0,2026-08-06
2026-08-05,13,441.0,1.0,2026-08-06
2026-08-06,13,434.5,1.0,2026-08-06
2026-08-07,13,391.5,1.0,2026-08-06
2026-08-08,13,361.8,1.0,2026-08-06
2026-08-09,13,346.0,1.0,2026-08-06
2026-08-10,13,383.3,1.0,2026-08-06
2026-08-11,13,420.6,1.0,2026-08-06
2026-08-12,13,406.3,1.0,2026-08-06
2026-08-13,13,401.5,1.0,2026-08-06
2026-08-14,13,362.8,1.0,2026-08-06
2026-08-15,13,324.9,1.0,2026-08-06
2026-08-16,13,323.1,1.0,2026-08-06
2026-08-17,13,367.6,1.0,2026-08-06
2026-08-18,13,412.0,1.0,2026-08-06
2026-08-19,13,403.5,1.0,2026-08-06
2026-08-20,13,400.3,1.0,2026-08-06
2026-08-21,13,358.5,1.0,2026-08-06
2026-08-22,13,332.6,1.0,2026-08-06
2026-08-23,13,340.7,1.0,2026-08-06
2026-08-24,13,392.5,1.0,2026-08-06
2026-08-25,13,442.2,1.0,2026-08-06
2026-08-26,13,431.9,1.0,2026-08-06
2026-08-27,13,404.9,1.0,2026-08-06
2026-08-28,13,387.3,1.0,2026-08-06
2026-08-29,13,381.5,1.0,2026-08-06
2026-08-30,13,379.3,1.0,2026-08-06
2026-08-31,13,419.2,1.0,2026-08-06
2026-09-01,13,451.5,1.0,2026-08-06
2026-09-02,13,428.3,1.0,2026-08-06
2026-09-03,13,418.1,1.0,2026-08-06
2026-09-04,13,376.9,1.0,2026-08-06
2026-09-05,13,350.1,1.0,2026-08-06
2026-09-06,13,336.1,1.0,2026-08-06
2026-09-07,13,369.9,1.0,2026-08-06
2026-09-08,13,403.5,1.0,2026-08-06
2026-09-09,13,387.3,1.0,2026-08-06
2026-09-10,13,380.4,1.0,2026-08-06
2026-09-11,13,341.4,1.0,2026-08-06
2026-09-12,13,314.0,1.0,2026-08-06
2026-09-13,13,303.1,1.0,2026-08-06
2026-09-14,13,337.6,1.0,2026-08-06
2026-09-15,13,373.2,1.0,2026-08-06
2026-09-16,13,361.5,1.0,2026-08-06
2026-09-17,13,355.6,1.0,2026-08-06
2026-09-18,13,317.4,1.0,2026-08-06
2026-09-19,13,291.6,1.0,2026-08-06
2026-09-20,13,285.4,1.0,2026-08-06
2026-09-21,13,323.9,1.0,2026-08-06
2026-09-22,13,361.3,1.0,2026-08-06
2026-09-23,13,350.5,1.0,2026-08-06
2026-09-24,13,343.0,1.0,2026-08-06
2026-09-25,13,306.2,1.0,2026-08-06
2026-09-26,13,280.1,1.0,2026-08-06
2026-09-27,13,274.4,1.0,2026-08-06
2026-09-28,13,311.6,1.0,2026-08-06
2026-09-29,13,346.7,1.0,2026-08-06
2026-09-30,13,336.3,1.0,2026-08-06
2026-10-01,13,328.9,1.0,2026-08-06
2026-10-02,13,292.9,1.0,2026-08-06
2026-10-03,13,268.6,1.0,2026-08-06
2026-10-04,13,264.5,1.0,2026-08-06
2026-10-05,13,301.0,1.0,2026-08-06
2026-10-06,13,336.1,1.0,2026-08-06
2026-10-07,13,326.8,1.0,2026-08-06
2026-10-08,13,319.0,1.0,2026-08-06
2026-10-09,13,282.4,1.0,2026-08-06
2026-10-10,13,255.6,1.0,2026-08-06
2026-10-11,13,249.5,1.0,2026-08-06
2026-10-12,13,281.7,1.0,2026-08-06
2026-07-15,14,394.9,1.0,2026-08-06
2026-07-16,14,418.7,1.0,2026-08-06
2026-07-17,14,389.5,1.0,2026-08-06
2026-07-18,14,395.5,1.0,2026-08-06
2026-07-19,14,374.6,1.0,2026-08-06
2026-07-20,14,472.5,1.0,2026-08-06
2026-07-21,14,494.2,1.0,2026-08-06
2026-07-22,14,396.2,1.0,2026-08-06
2026-07-23,14,423.3,1.0,2026-08-06
2026-07-24,14,394.0,1.0,2026-08-06
2026-07-25,14,400.4,1.0,2026-08-06
2026-07-26,14,376.5,1.0,2026-08-06
2026-07-27,14,479.6,1.0,2026-08-06
2026-07-28,14,502.0,1.0,2026-08-06
2026-07-29,14,398.6,1.0,2026-08-06
2026-07-30,14,430.4,1.0,2026-08-06
2026-07-31,14,405.9,1.0,2026-08-06
2026-08-01,14,370.4,1.0,2026-08-06
2026-08-02,14,373.0,1.0,2026-08-06
2026-08-03,14,499.3,1.0,2026-08-06
2026-08-04,14,531.9,1.0,2026-08-06
2026-08-05,14,406.3,1.0,2026-08-06
2026-08-06,14,443.6,1.0,2026-08-06
2026-08-07,14,402.9,1.0,2026-08-06
2026-08-08,14,406.6,1.0,2026-08-06
2026-08-09,14,382.0,1.0,2026-08-06
2026-08-10,14,495.7,1.0,2026-08-06
2026-08-11,14,516.2,1.0,2026-08-06
2026-08-12,14,403.4,1.0,2026-08-06
2026-08-13,14,440.0,1.0,2026-08-06
2026-08-14,14,408.3,1.0,2026-08-06
2026-08-15,14,399.7,1.0,2026-08-06
2026-08-16,14,348.0,1.0,2026-08-06
2026-08-17,14,441.6,1.0,2026-08-06
2026-08-18,14,484.9,1.0,2026-08-06
2026-08-19,14,404.8,1.0,2026-08-06
2026-08-20,14,439.8,1.0,2026-08-06
2026-08-21,14,417.2,1.0,2026-08-06
2026-08-22,14,366.0,1.0,2026-08-06
2026-08-23,14,342.9,1.0,2026-08-06
2026-08-24,14,445.9,1.0,2026-08-06
2026-08-25,14,503.3,1.0,2026-08-06
2026-08-26,14,413.3,1.0,2026-08-06
2026-08-27,14,472.6,1.0,2026-08-06
2026-08-28,14,401.4,1.0,2026-08-06
2026-08-29,14,412.3,1.0,2026-08-06
2026-08-30,14,394.3,1.0,2026-08-06
2026-08-31,14,522.6,1.0,2026-08-06
2026-09-01,14,529.9,1.0,2026-08-06
2026-09-02,14,400.4,1.0,2026-08-06
2026-09-03,14,434.4,1.0,2026-08-06
2026-09-04,14,404.0,1.0,2026-08-06
2026-09-05,14,411.5,1.0,2026-08-06
2026-09-06,14,387.8,1.0,2026-08-06
2026-09-07,14,501.8,1.0,2026-08-06
2026-09-08,14,516.3,1.0,2026-08-06
2026-09-09,14,404.4,1.0,2026-08-06
2026-09-10,14,437.0,1.0,2026-08-06
2026-09-11,14,408.6,1.0,2026-08-06
2026-09-12,14,414.6,1.0,2026-08-06
2026-09-13,14,389.4,1.0,2026-08-06
2026-09-14,14,502.3,1.0,2026-08-06
2026-09-15,14,517.5,1.0,2026-08-06
2026-09-16,14,405.7,1.0,2026-08-06
2026-09-17,14,441.5,1.0,2026-08-06
2026-09-18,14,414.2,1.0,2026-08-06
2026-09-19,14,420.4,1.0,2026-08-06
2026-09-20,14,395.7,1.0,2026-08-06
2026-09-21,14,513.5,1.0,2026-08-06
2026-09-22,14,527.1,1.0,2026-08-06
2026-09-23,14,410.0,1.0,2026-08-06
2026-09-24,14,449.5,1.0,2026-08-06
2026-09-25,14,416.9,1.0,2026-08-06
2026-09-26,14,422.2,1.0,2026-08-06
2026-09-27,14,396.8,1.0,2026-08-06
2026-09-28,14,518.7,1.0,2026-08-06
2026-09-29,14,532.5,1.0,2026-08-06
2026-09-30,14,411.3,1.0,2026-08-06
2026-10-01,14,453.3,1.0,2026-08-06
2026-10-02,14,416.1,1.0,2026-08-06
2026-10-03,14,421.0,1.0,2026-08-06
2026-10-04,14,395.6,1.0,2026-08-06
2026-10-05,14,515.3,1.0,2026-08-06
2026-10-06,14,526.8,1.0,2026-08-06
2026-10-07,14,414.3,1.0,2026-08-06
2026-10-08,14,451.7,1.0,2026-08-06
2026-10-09,14,415.7,1.0,2026-08-06
2026-10-10,14,420.8,1.0,2026-08-06
2026-10-11,14,392.6,1.0,2026-08-06
2026-10-12,14,508.1,1.0,2026-08-06
2026-07-15,15,190.0,1.0,2026-08-06
2026-07-16,15,196.9,1.0,2026-08-06
2026-07-17,15,172.9,1.0,2026-08-06
2026-07-18,15,166.7,1.0,2026-08-06
2026-07-19,15,-12.2,0.0,2026-08-06
2026-07-20,15,229.1,1.0,2026-08-06
2026-07-21,15,233.2,1.0,2026-08-06
2026-07-22,15,181.1,1.0,2026-08-06
2026-07-23,15,194.8,1.0,2026-08-06
2026-07-24,15,167.8,1.0,2026-08-06
2026-07-25,15,160.8,1.0,2026-08-06
2026-07-26,15,-14.4,0.0,2026-08-06
2026-07-27,15,218.9,1.0,2026-08-06
2026-07-28,15,225.9,1.0,2026-08-06
2026-07-29,15,173.0,1.0,2026-08-06
2026-07-30,15,192.7,1.0,2026-08-06
2026-07-31,15,157.1,1.0,2026-08-06
2026-08-01,15,178.4,1.0,2026-08-06
2026-08-02,15,-11.5,0.0,2026-08-06
2026-08-03,15,241.3,1.0,2026-08-06
2026-08-04,15,240.2,1.0,2026-08-06
2026-08-05,15,188.3,1.0,2026-08-06
2026-08-06,15,195.8,1.0,2026-08-06
2026-08-07,15,169.1,1.0,2026-08-06
2026-08-08,15,167.5,1.0,2026-08-06
2026-08-09,15,-11.1,0.0,2026-08-06
2026-08-10,15,233.4,1.0,2026-08-06
2026-08-11,15,233.0,1.0,2026-08-06
2026-08-12,15,181.8,1.0,2026-08-06
2026-08-13,15,189.9,1.0,2026-08-06
2026-08-14,15,165.5,1.0,2026-08-06
2026-08-15,15,97.8,1.0,2026-08-06
2026-08-16,15,-3.3,0.0,2026-08-06
2026-08-17,15,241.7,1.0,2026-08-06
2026-08-18,15,230.4,1.0,2026-08-06
2026-08-19,15,172.4,1.0,2026-08-06
2026-08-20,15,195.4,1.0,2026-08-06
2026-08-21,15,153.6,1.0,2026-08-06
2026-08-22,15,118.1,1.0,2026-08-06
2026-08-23,15,1.0,1.0,2026-08-06
2026-08-24,15,256.0,1.0,2026-08-06
2026-08-25,15,244.2,1.0,2026-08-06
2026-08-26,15,186.2,1.0,2026-08-06
2026-08-27,15,194.3,1.0,2026-08-06
2026-08-28,15,173.8,1.0,2026-08-06
2026-08-29,15,198.9,1.0,2026-08-06
2026-08-30,15,-0.5,0.0,2026-08-06
2026-08-31,15,244.6,1.0,2026-08-06
2026-09-01,15,234.8,1.0,2026-08-06
2026-09-02,15,173.7,1.0,2026-08-06
2026-09-03,15,192.6,1.0,2026-08-06
2026-09-04,15,160.4,1.0,2026-08-06
2026-09-05,15,158.5,1.0,2026-08-06
2026-09-06,15,-13.3,0.0,2026-08-06
2026-09-07,15,226.3,1.0,2026-08-06
2026-09-08,15,226.7,1.0,2026-08-06
2026-09-09,15,179.4,1.0,2026-08-06
2026-09-10,15,189.3,1.0,2026-08-06
2026-09-11,15,159.9,1.0,2026-08-06
2026-09-12,15,160.7,1.0,2026-08-06
2026-09-13,15,-7.5,0.0,2026-08-06
2026-09-14,15,223.3,1.0,2026-08-06
2026-09-15,15,224.7,1.0,2026-08-06
2026-09-16,15,176.7,1.0,2026-08-06
2026-09-17,15,185.2,1.0,2026-08-06
2026-09-18,15,158.3,1.0,2026-08-06
2026-09-19,15,158.7,1.0,2026-08-06
2026-09-20,15,-6.9,0.0,2026-08-06
2026-09-21,15,226.7,1.0,2026-08-06
2026-09-22,15,230.8,1.0,2026-08-06
2026-09-23,15,185.1,1.0,2026-08-06
2026-09-24,15,195.1,1.0,2026-08-06
2026-09-25,15,161.6,1.0,2026-08-06
2026-09-26,15,163.2,1.0,2026-08-06
2026-09-27,15,-4.3,0.0,2026-08-06
2026-09-28,15,232.4,1.0,2026-08-06
2026-09-29,15,231.3,1.0,2026-08-06
2026-09-30,15,182.9,1.0,2026-08-06
2026-10-01,15,188.9,1.0,2026-08-06
2026-10-02,15,156.6,1.0,2026-08-06
2026-10-03,15,156.4,1.0,2026-08-06
2026-10-04,15,-5.8,0.0,2026-08-06
2026-10-05,15,221.1,1.0,2026-08-06
2026-10-06,15,220.2,1.0,2026-08-06
2026-10-07,15,175.0,1.0,2026-08-06
2026-10-08,15,184.1,1.0,2026-08-06
2026-10-09,15,151.5,1.0,2026-08-06
2026-10-10,15,155.8,1.0,2026-08-06
2026-10-11,15,-4.8,0.0,2026-08-06
2026-10-12,15,216.3,1.0,2026-08-06
2026-07-15,16,7112.0,12.0,2026-08-06
2026-07-16,16,7004.2,11.5,2026-08-06
2026-07-17,16,6168.1,10.0,2026-08-06
2026-07-18,16,5784.9,9.5,2026-08-06
2026-07-19,16,5062.6,8.5,2026-08-06
2026-07-20,16,6799.0,11.5,2026-08-06
2026-07-21,16,7432.2,12.5,2026-08-06
2026-07-22,16,7121.5,12.0,2026-08-06
2026-07-23,16,7108.6,12.0,2026-08-06
2026-07-24,16,6262.8,10.5,2026-08-06
2026-07-25,16,5878.3,9.5,2026-08-06
2026-07-26,16,5162.2,8.5,2026-08-06
2026-07-27,16,6899.0,11.5,2026-08-06
2026-07-28,16,7512.1,12.5,2026-08-06
2026-07-29,16,7187.0,12.0,2026-08-06
2026-07-30,16,7120.9,12.0,2026-08-06
2026-07-31,16,6874.8,11.5,2026-08-06
2026-08-01,16,6643.8,11.0,2026-08-06
2026-08-02,16,6089.6,10.0,2026-08-06
2026-08-03,16,7357.2,12.0,2026-08-06
2026-08-04,16,7663.5,12.5,2026-08-06
2026-08-05,16,7295.1,12.0,2026-08-06
2026-08-06,16,7116.6,12.0,2026-08-06
2026-08-07,16,6245.7,10.5,2026-08-06
2026-08-08,16,6008.4,10.0,2026-08-06
2026-08-09,16,5546.4,9.0,2026-08-06
2026-08-10,16,7215.3,12.0,2026-08-06
2026-08-11,16,7667.7,12.5,2026-08-06
2026-08-12,16,7327.6,12.0,2026-08-06
2026-08-13,16,7147.9,12.0,2026-08-06
2026-08-14,16,6321.1,10.5,2026-08-06
2026-08-15,16,6016.2,10.0,2026-08-06
2026-08-16,16,6079.8,10.0,2026-08-06
2026-08-17,16,7389.7,12.0,2026-08-06
2026-08-18,16,7656.1,12.5,2026-08-06
2026-08-19,16,7376.4,12.0,2026-08-06
2026-08-20,16,7217.6,12.0,2026-08-06
2026-08-21,16,6993.3,11.5,2026-08-06
2026-08-22,16,6915.1,11.5,2026-08-06
2026-08-23,16,6574.3,11.0,2026-08-06
2026-08-24,16,7211.8,12.0,2026-08-06
2026-08-25,16,7352.0,12.0,2026-08-06
2026-08-26,16,7141.6,12.0,2026-08-06
2026-08-27,16,6968.3,11.5,2026-08-06
2026-08-28,16,6282.4,10.5,2026-08-06
2026-08-29,16,6398.4,10.5,2026-08-06
2026-08-30,16,6218.8,10.5,2026-08-06
2026-08-31,16,7398.2,12.0,2026-08-06
2026-09-01,16,7665.3,12.5,2026-08-06
2026-09-02,16,7334.4,12.0,2026-08-06
2026-09-03,16,7076.8,11.5,2026-08-06
2026-09-04,16,6303.9,10.5,2026-08-06
2026-09-05,16,5853.9,9.5,2026-08-06
2026-09-06,16,5291.6,9.0,2026-08-06
2026-09-07,16,7046.4,11.5,2026-08-06
2026-09-08,16,7412.8,12.5,2026-08-06
2026-09-09,16,7157.4,12.0,2026-08-06
2026-09-10,16,7051.7,11.5,2026-08-06
2026-09-11,16,6474.1,10.5,2026-08-06
2026-09-12,16,5738.1,9.5,2026-08-06
2026-09-13,16,4827.2,8.0,2026-08-06
2026-09-14,16,6695.7,11.0,2026-08-06
2026-09-15,16,7190.6,12.0,2026-08-06
2026-09-16,16,7044.5,11.5,2026-08-06
2026-09-17,16,7033.8,11.5,2026-08-06
2026-09-18,16,6435.0,10.5,2026-08-06
2026-09-19,16,5661.6,9.5,2026-08-06
2026-09-20,16,4735.8,8.0,2026-08-06
2026-09-21,16,6858.7,11.5,2026-08-06
2026-09-22,16,7423.2,12.5,2026-08-06
2026-09-23,16,7231.9,12.0,2026-08-06
2026-09-24,16,7278.8,12.0,2026-08-06
2026-09-25,16,6690.5,11.0,2026-08-06
2026-09-26,16,5918.3,10.0,2026-08-06
2026-09-27,16,4919.1,8.0,2026-08-06
2026-09-28,16,7311.4,12.0,2026-08-06
2026-09-29,16,7809.3,13.0,2026-08-06
2026-09-30,16,7494.1,12.5,2026-08-06
2026-10-01,16,7457.3,12.5,2026-08-06
2026-10-02,16,6835.6,11.5,2026-08-06
2026-10-03,16,5894.1,10.0,2026-08-06
2026-10-04,16,4598.2,7.5,2026-08-06
2026-10-05,16,7399.6,12.0,2026-08-06
2026-10-06,16,7848.0,13.0,2026-08-06
2026-10-07,16,7621.6,12.5,2026-08-06
2026-10-08,16,7616.4,12.5,2026-08-06
2026-10-09,16,7182.8,12.0,2026-08-06
2026-10-10,16,6056.8,10.0,2026-08-06
2026-10-11,16,4514.1,7.5,2026-08-06
2026-10-12,16,7667.2,12.5,2026-08-06
2026-07-15,2,4043.3,4.0,2026-08-06
2026-07-16,2,4115.4,4.5,2026-08-06
2026-07-17,2,3749.8,4.0,2026-08-06
2026-07-18,2,3538.8,3.5,2026-08-06
2026-07-19,2,3293.6,3.5,2026-08-06
2026-07-20,2,4191.6,4.5,2026-08-06
2026-07-21,2,4366.3,4.5,2026-08-06
2026-07-22,2,4334.7,4.5,2026-08-06
2026-07-23,2,4421.4,4.5,2026-08-06
2026-07-24,2,4024.9,4.0,2026-08-06
2026-07-25,2,3797.7,4.0,2026-08-06
2026-07-26,2,3524.3,3.5,2026-08-06
2026-07-27,2,4390.3,4.5,2026-08-06
2026-07-28,2,4544.2,4.5,2026-08-06
2026-07-29,2,4499.9,4.5,2026-08-06
2026-07-30,2,4555.5,4.5,2026-08-06
2026-07-31,2,4144.7,4.5,2026-08-06
2026-08-01,2,4085.8,4.0,2026-08-06
2026-08-02,2,3878.0,4.0,2026-08-06
2026-08-03,2,4745.8,5.0,2026-08-06
2026-08-04,2,4830.3,5.0,2026-08-06
2026-08-05,2,4749.0,5.0,2026-08-06
2026-08-06,2,4781.3,5.0,2026-08-06
2026-08-07,2,4317.4,4.5,2026-08-06
2026-08-08,2,4062.1,4.0,2026-08-06
2026-08-09,2,3771.1,4.0,2026-08-06
2026-08-10,2,4622.3,5.0,2026-08-06
2026-08-11,2,4723.4,5.0,2026-08-06
2026-08-12,2,4644.3,5.0,2026-08-06
2026-08-13,2,4684.4,5.0,2026-08-06
2026-08-14,2,4230.6,4.5,2026-08-06
2026-08-15,2,3982.1,4.0,2026-08-06
2026-08-16,2,3835.3,4.0,2026-08-06
2026-08-17,2,4684.0,5.0,2026-08-06
2026-08-18,2,4792.6,5.0,2026-08-06
2026-08-19,2,4728.2,5.0,2026-08-06
2026-08-20,2,4769.8,5.0,2026-08-06
2026-08-21,2,4329.4,4.5,2026-08-06
2026-08-22,2,4241.9,4.5,2026-08-06
2026-08-23,2,4154.4,4.5,2026-08-06
2026-08-24,2,4985.8,5.0,2026-08-06
2026-08-25,2,5042.9,5.0,2026-08-06
2026-08-26,2,4954.0,5.0,2026-08-06
2026-08-27,2,4683.9,5.0,2026-08-06
2026-08-28,2,4567.6,4.5,2026-08-06
2026-08-29,2,4408.6,4.5,2026-08-06
2026-08-30,2,4189.5,4.5,2026-08-06
2026-08-31,2,5008.1,5.0,2026-08-06
2026-09-01,2,5032.0,5.0,2026-08-06
2026-09-02,2,4911.9,5.0,2026-08-06
2026-09-03,2,4893.8,5.0,2026-08-06
2026-09-04,2,4376.2,4.5,2026-08-06
2026-09-05,2,4097.7,4.0,2026-08-06
2026-09-06,2,3769.6,4.0,2026-08-06
2026-09-07,2,4601.7,5.0,2026-08-06
2026-09-08,2,4692.7,5.0,2026-08-06
2026-09-09,2,4602.8,5.0,2026-08-06
2026-09-10,2,4613.4,5.0,2026-08-06
2026-09-11,2,4137.2,4.5,2026-08-06
2026-09-12,2,3862.4,4.0,2026-08-06
2026-09-13,2,3547.2,3.5,2026-08-06
2026-09-14,2,4416.9,4.5,2026-08-06
2026-09-15,2,4548.7,4.5,2026-08-06
2026-09-16,2,4480.5,4.5,2026-08-06
2026-09-17,2,4532.3,4.5,2026-08-06
2026-09-18,2,4070.4,4.0,2026-08-06
2026-09-19,2,3777.3,4.0,2026-08-06
2026-09-20,2,3456.7,3.5,2026-08-06
2026-09-21,2,4328.7,4.5,2026-08-06
2026-09-22,2,4476.3,4.5,2026-08-06
2026-09-23,2,4419.5,4.5,2026-08-06
2026-09-24,2,4456.4,4.5,2026-08-06
2026-09-25,2,4008.2,4.0,2026-08-06
2026-09-26,2,3742.1,4.0,2026-08-06
2026-09-27,2,3435.2,3.5,2026-08-06
2026-09-28,2,4312.3,4.5,2026-08-06
2026-09-29,2,4457.2,4.5,2026-08-06
2026-09-30,2,4396.6,4.5,2026-08-06
2026-10-01,2,4433.6,4.5,2026-08-06
2026-10-02,2,3962.0,4.0,2026-08-06
2026-10-03,2,3679.2,4.0,2026-08-06
2026-10-04,2,3349.1,3.5,2026-08-06
2026-10-05,2,4223.9,4.5,2026-08-06
2026-10-06,2,4358.9,4.5,2026-08-06
2026-10-07,2,4279.0,4.5,2026-08-06
2026-10-08,2,4306.6,4.5,2026-08-06
2026-10-09,2,3863.7,4.0,2026-08-06
2026-10-10,2,3599.3,3.5,2026-08-06
2026-10-11,2,3281.3,3.5,2026-08-06
2026-10-12,2,4171.2,4.5,2026-08-06
2026-07-15,20,3590.4,4.0,2026-08-06
2026-07-16,20,4095.6,4.5,2026-08-06
2026-07-17,20,3739.6,4.0,2026-08-06
2026-07-18,20,3486.6,4.0,2026-08-06
2026-07-19,20,3164.0,3.5,2026-08-06
2026-07-20,20,3596.8,4.0,2026-08-06
2026-07-21,20,3828.6,4.0,2026-08-06
2026-07-22,20,3317.4,3.5,2026-08-06
2026-07-23,20,3708.3,4.0,2026-08-06
2026-07-24,20,3466.0,4.0,2026-08-06
2026-07-25,20,3232.8,3.5,2026-08-06
2026-07-26,20,2915.1,3.0,2026-08-06
2026-07-27,20,3570.7,4.0,2026-08-06
2026-07-28,20,3713.0,4.0,2026-08-06
2026-07-29,20,3240.3,3.5,2026-08-06
2026-07-30,20,3582.4,4.0,2026-08-06
2026-07-31,20,3375.7,3.5,2026-08-06
2026-08-01,20,3085.1,3.5,2026-08-06
2026-08-02,20,2833.9,3.0,2026-08-06
2026-08-03,20,3650.6,4.0,2026-08-06
2026-08-04,20,3752.0,4.0,2026-08-06
2026-08-05,20,3272.9,3.5,2026-08-06
2026-08-06,20,3592.3,4.0,2026-08-06
2026-08-07,20,3373.1,3.5,2026-08-06
2026-08-08,20,3147.1,3.5,2026-08-06
2026-08-09,20,2837.9,3.0,2026-08-06
2026-08-10,20,3610.5,4.0,2026-08-06
2026-08-11,20,3701.6,4.0,2026-08-06
2026-08-12,20,3241.4,3.5,2026-08-06
2026-08-13,20,3527.9,4.0,2026-08-06
2026-08-14,20,3339.4,3.5,2026-08-06
2026-08-15,20,3434.7,3.5,2026-08-06
2026-08-16,20,2910.2,3.0,2026-08-06
2026-08-17,20,3684.9,4.0,2026-08-06
2026-08-18,20,3745.2,4.0,2026-08-06
2026-08-19,20,3283.9,3.5,2026-08-06
2026-08-20,20,3579.6,4.0,2026-08-06
2026-08-21,20,3458.4,4.0,2026-08-06
2026-08-22,20,3540.8,4.0,2026-08-06
2026-08-23,20,2991.1,3.5,2026-08-06
2026-08-24,20,3783.4,4.0,2026-08-06
2026-08-25,20,3817.8,4.0,2026-08-06
2026-08-26,20,3345.7,3.5,2026-08-06
2026-08-27,20,3603.3,4.0,2026-08-06
2026-08-28,20,3404.9,3.5,2026-08-06
2026-08-29,20,3234.4,3.5,2026-08-06
2026-08-30,20,2927.6,3.0,2026-08-06
2026-08-31,20,3706.5,4.0,2026-08-06
2026-09-01,20,3768.2,4.0,2026-08-06
2026-09-02,20,3276.1,3.5,2026-08-06
2026-09-03,20,3541.5,4.0,2026-08-06
2026-09-04,20,3347.4,3.5,2026-08-06
2026-09-05,20,3117.2,3.5,2026-08-06
2026-09-06,20,2816.2,3.0,2026-08-06
2026-09-07,20,3609.4,4.0,2026-08-06
2026-09-08,20,3668.6,4.0,2026-08-06
2026-09-09,20,3219.0,3.5,2026-08-06
2026-09-10,20,3467.2,4.0,2026-08-06
2026-09-11,20,3302.9,3.5,2026-08-06
2026-09-12,20,3092.0,3.5,2026-08-06
2026-09-13,20,2798.7,3.0,2026-08-06
2026-09-14,20,3606.4,4.0,2026-08-06
2026-09-15,20,3667.3,4.0,2026-08-06
2026-09-16,20,3223.5,3.5,2026-08-06
2026-09-17,20,3481.1,4.0,2026-08-06
2026-09-18,20,3313.3,3.5,2026-08-06
2026-09-19,20,3104.5,3.5,2026-08-06
2026-09-20,20,2809.3,3.0,2026-08-06
2026-09-21,20,3618.4,4.0,2026-08-06
2026-09-22,20,3674.4,4.0,2026-08-06
2026-09-23,20,3232.8,3.5,2026-08-06
2026-09-24,20,3478.6,4.0,2026-08-06
2026-09-25,20,3316.6,3.5,2026-08-06
2026-09-26,20,3104.8,3.5,2026-08-06
2026-09-27,20,2809.6,3.0,2026-08-06
2026-09-28,20,3618.6,4.0,2026-08-06
2026-09-29,20,3673.1,4.0,2026-08-06
2026-09-30,20,3231.0,3.5,2026-08-06
2026-10-01,20,3472.6,4.0,2026-08-06
2026-10-02,20,3278.5,3.5,2026-08-06
2026-10-03,20,3068.4,3.5,2026-08-06
2026-10-04,20,2765.4,3.0,2026-08-06
2026-10-05,20,3563.8,4.0,2026-08-06
2026-10-06,20,3598.1,4.0,2026-08-06
2026-10-07,20,3173.4,3.5,2026-08-06
2026-10-08,20,3371.2,3.5,2026-08-06
2026-10-09,20,3238.1,3.5,2026-08-06
2026-10-10,20,3032.8,3.5,2026-08-06
2026-10-11,20,2741.0,3.0,2026-08-06
2026-10-12,20,3544.4,4.0,2026-08-06
2026-07-15,21,5183.6,5.0,2026-08-06
2026-07-16,21,5591.5,5.5,2026-08-06
2026-07-17,21,5063.4,5.0,2026-08-06
2026-07-18,21,4866.4,4.5,2026-08-06
2026-07-19,21,3930.6,4.0,2026-08-06
2026-07-20,21,5430.5,5.5,2026-08-06
2026-07-21,21,5346.2,5.0,2026-08-06
2026-07-22,21,4815.2,4.5,2026-08-06
2026-07-23,21,5095.3,5.0,2026-08-06
2026-07-24,21,4651.9,4.5,2026-08-06
2026-07-25,21,4493.1,4.5,2026-08-06
2026-07-26,21,3703.8,3.5,2026-08-06
2026-07-27,21,5294.1,5.0,2026-08-06
2026-07-28,21,5227.6,5.0,2026-08-06
2026-07-29,21,4738.8,4.5,2026-08-06
2026-07-30,21,5004.5,5.0,2026-08-06
2026-07-31,21,4750.5,4.5,2026-08-06
2026-08-01,21,4809.4,4.5,2026-08-06
2026-08-02,21,4142.7,4.0,2026-08-06
2026-08-03,21,5785.1,5.5,2026-08-06
2026-08-04,21,5668.1,5.5,2026-08-06
2026-08-05,21,5110.0,5.0,2026-08-06
2026-08-06,21,5488.2,5.5,2026-08-06
2026-08-07,21,5008.1,5.0,2026-08-06
2026-08-08,21,4803.9,4.5,2026-08-06
2026-08-09,21,4020.1,4.0,2026-08-06
2026-08-10,21,5685.3,5.5,2026-08-06
2026-08-11,21,5592.4,5.5,2026-08-06
2026-08-12,21,5077.3,5.0,2026-08-06
2026-08-13,21,5459.8,5.5,2026-08-06
2026-08-14,21,4981.3,5.0,2026-08-06
2026-08-15,21,4639.4,4.5,2026-08-06
2026-08-16,21,4237.9,4.0,2026-08-06
2026-08-17,21,5789.6,5.5,2026-08-06
2026-08-18,21,5715.7,5.5,2026-08-06
2026-08-19,21,5159.5,5.0,2026-08-06
2026-08-20,21,5549.8,5.5,2026-08-06
2026-08-21,21,5063.9,5.0,2026-08-06
2026-08-22,21,5135.3,5.0,2026-08-06
2026-08-23,21,4524.3,4.5,2026-08-06
2026-08-24,21,6012.9,6.0,2026-08-06
2026-08-25,21,5867.2,5.5,2026-08-06
2026-08-26,21,5276.2,5.0,2026-08-06
2026-08-27,21,5616.7,5.5,2026-08-06
2026-08-28,21,5418.0,5.5,2026-08-06
2026-08-29,21,5144.3,5.0,2026-08-06
2026-08-30,21,4348.4,4.0,2026-08-06
2026-08-31,21,6012.4,6.0,2026-08-06
2026-09-01,21,5855.6,5.5,2026-08-06
2026-09-02,21,5279.7,5.0,2026-08-06
2026-09-03,21,5693.1,5.5,2026-08-06
2026-09-04,21,5148.7,5.0,2026-08-06
2026-09-05,21,4910.6,5.0,2026-08-06
2026-09-06,21,4020.7,4.0,2026-08-06
2026-09-07,21,5939.5,6.0,2026-08-06
2026-09-08,21,5736.6,5.5,2026-08-06
2026-09-09,21,5196.8,5.0,2026-08-06
2026-09-10,21,5607.2,5.5,2026-08-06
2026-09-11,21,5097.5,5.0,2026-08-06
2026-09-12,21,4862.6,4.5,2026-08-06
2026-09-13,21,3963.5,4.0,2026-08-06
2026-09-14,21,5891.4,5.5,2026-08-06
2026-09-15,21,5678.4,5.5,2026-08-06
2026-09-16,21,5150.0,5.0,2026-08-06
2026-09-17,21,5627.3,5.5,2026-08-06
2026-09-18,21,5131.1,5.0,2026-08-06
2026-09-19,21,4859.8,4.5,2026-08-06
2026-09-20,21,3965.3,4.0,2026-08-06
2026-09-21,21,5887.8,5.5,2026-08-06
2026-09-22,21,5687.8,5.5,2026-08-06
2026-09-23,21,5157.6,5.0,2026-08-06
2026-09-24,21,5544.1,5.5,2026-08-06
2026-09-25,21,5026.9,5.0,2026-08-06
2026-09-26,21,4808.3,4.5,2026-08-06
2026-09-27,21,3942.4,4.0,2026-08-06
2026-09-28,21,5881.6,5.5,2026-08-06
2026-09-29,21,5675.8,5.5,2026-08-06
2026-09-30,21,5144.0,5.0,2026-08-06
2026-10-01,21,5528.1,5.5,2026-08-06
2026-10-02,21,4968.3,5.0,2026-08-06
2026-10-03,21,4721.2,4.5,2026-08-06
2026-10-04,21,3810.5,3.5,2026-08-06
2026-10-05,21,5953.4,6.0,2026-08-06
2026-10-06,21,5674.2,5.5,2026-08-06
2026-10-07,21,5143.3,5.0,2026-08-06
2026-10-08,21,5555.9,5.5,2026-08-06
2026-10-09,21,5049.8,5.0,2026-08-06
2026-10-10,21,4755.1,4.5,2026-08-06
2026-10-11,21,3810.6,3.5,2026-08-06
2026-10-12,21,6004.1,6.0,2026-08-06
2026-07-15,23,3726.1,3.5,2026-08-06
2026-07-16,23,4055.7,3.5,2026-08-06
2026-07-17,23,3706.8,3.5,2026-08-06
2026-07-18,23,3526.7,3.0,2026-08-06
2026-07-19,23,3185.3,3.0,2026-08-06
2026-07-20,23,4310.8,4.0,2026-08-06
2026-07-21,23,4408.4,4.0,2026-08-06
2026-07-22,23,3880.9,3.5,2026-08-06
2026-07-23,23,4211.6,4.0,2026-08-06
2026-07-24,23,3799.9,3.5,2026-08-06
2026-07-25,23,3576.6,3.5,2026-08-06
2026-07-26,23,3206.3,3.0,2026-08-06
2026-07-27,23,4308.5,4.0,2026-08-06
2026-07-28,23,4411.1,4.0,2026-08-06
2026-07-29,23,3876.2,3.5,2026-08-06
2026-07-30,23,4218.9,4.0,2026-08-06
2026-07-31,23,3805.4,3.5,2026-08-06
2026-08-01,23,3751.8,3.5,2026-08-06
2026-08-02,23,3293.3,3.0,2026-08-06
2026-08-03,23,4352.8,4.0,2026-08-06
2026-08-04,23,4424.5,4.0,2026-08-06
2026-08-05,23,3865.0,3.5,2026-08-06
2026-08-06,23,4246.1,4.0,2026-08-06
2026-08-07,23,3842.4,3.5,2026-08-06
2026-08-08,23,3643.4,3.5,2026-08-06
2026-08-09,23,3260.3,3.0,2026-08-06
2026-08-10,23,4496.4,4.0,2026-08-06
2026-08-11,23,4603.5,4.0,2026-08-06
2026-08-12,23,4006.9,3.5,2026-08-06
2026-08-13,23,4359.1,4.0,2026-08-06
2026-08-14,23,3901.4,3.5,2026-08-06
2026-08-15,23,3678.3,3.5,2026-08-06
2026-08-16,23,3348.6,3.0,2026-08-06
2026-08-17,23,4430.3,4.0,2026-08-06
2026-08-18,23,4461.6,4.0,2026-08-06
2026-08-19,23,3862.4,3.5,2026-08-06
2026-08-20,23,4236.5,4.0,2026-08-06
2026-08-21,23,3817.3,3.5,2026-08-06
2026-08-22,23,3854.2,3.5,2026-08-06
2026-08-23,23,3403.9,3.0,2026-08-06
2026-08-24,23,4355.3,4.0,2026-08-06
2026-08-25,23,4349.8,4.0,2026-08-06
2026-08-26,23,3767.7,3.5,2026-08-06
2026-08-27,23,3883.8,3.5,2026-08-06
2026-08-28,23,3890.2,3.5,2026-08-06
2026-08-29,23,3716.2,3.5,2026-08-06
2026-08-30,23,3288.0,3.0,2026-08-06
2026-08-31,23,4395.1,4.0,2026-08-06
2026-09-01,23,4497.6,4.0,2026-08-06
2026-09-02,23,3926.9,3.5,2026-08-06
2026-09-03,23,4334.8,4.0,2026-08-06
2026-09-04,23,3938.3,3.5,2026-08-06
2026-09-05,23,3728.3,3.5,2026-08-06
2026-09-06,23,3320.4,3.0,2026-08-06
2026-09-07,23,4768.8,4.5,2026-08-06
2026-09-08,23,4871.8,4.5,2026-08-06
2026-09-09,23,4207.7,4.0,2026-08-06
2026-09-10,23,4562.2,4.0,2026-08-06
2026-09-11,23,4064.4,3.5,2026-08-06
2026-09-12,23,3801.2,3.5,2026-08-06
2026-09-13,23,3333.9,3.0,2026-08-06
2026-09-14,23,4803.0,4.5,2026-08-06
2026-09-15,23,4889.6,4.5,2026-08-06
2026-09-16,23,4221.1,4.0,2026-08-06
2026-09-17,23,4590.1,4.0,2026-08-06
2026-09-18,23,4085.6,3.5,2026-08-06
2026-09-19,23,3795.8,3.5,2026-08-06
2026-09-20,23,3328.7,3.0,2026-08-06
2026-09-21,23,4821.5,4.5,2026-08-06
2026-09-22,23,4925.1,4.5,2026-08-06
2026-09-23,23,4247.7,4.0,2026-08-06
2026-09-24,23,4589.8,4.0,2026-08-06
2026-09-25,23,4091.8,3.5,2026-08-06
2026-09-26,23,3818.3,3.5,2026-08-06
2026-09-27,23,3346.7,3.0,2026-08-06
2026-09-28,23,4869.6,4.5,2026-08-06
2026-09-29,23,4968.1,4.5,2026-08-06
2026-09-30,23,4280.2,4.0,2026-08-06
2026-10-01,23,4621.0,4.0,2026-08-06
2026-10-02,23,4046.1,3.5,2026-08-06
2026-10-03,23,3779.0,3.5,2026-08-06
2026-10-04,23,3280.5,3.0,2026-08-06
2026-10-05,23,4968.6,4.5,2026-08-06
2026-10-06,23,5078.3,4.5,2026-08-06
2026-10-07,23,4387.6,4.0,2026-08-06
2026-10-08,23,4721.0,4.5,2026-08-06
2026-10-09,23,4221.9,4.0,2026-08-06
2026-10-10,23,3933.0,3.5,2026-08-06
2026-10-11,23,3364.9,3.0,2026-08-06
2026-10-12,23,5130.3,4.5,2026-08-06
2026-07-15,24,526.0,1.0,2026-08-06
2026-07-16,24,538.9,1.0,2026-08-06
2026-07-17,24,522.5,1.0,2026-08-06
2026-07-18,24,705.0,1.0,2026-08-06
2026-07-19,24,897.9,1.0,2026-08-06
2026-07-20,24,530.2,1.0,2026-08-06
2026-07-21,24,580.5,1.0,2026-08-06
2026-07-22,24,719.2,1.0,2026-08-06
2026-07-23,24,753.6,1.0,2026-08-06
2026-07-24,24,758.9,1.0,2026-08-06
2026-07-25,24,1001.3,1.0,2026-08-06
2026-07-26,24,1189.8,1.0,2026-08-06
2026-07-27,24,884.5,1.0,2026-08-06
2026-07-28,24,964.4,1.0,2026-08-06
2026-07-29,24,1087.1,1.0,2026-08-06
2026-07-30,24,1070.2,1.0,2026-08-06
2026-07-31,24,962.1,1.0,2026-08-06
2026-08-01,24,1126.7,1.0,2026-08-06
2026-08-02,24,1223.4,1.0,2026-08-06
2026-08-03,24,878.9,1.0,2026-08-06
2026-08-04,24,966.9,1.0,2026-08-06
2026-08-05,24,1042.1,1.0,2026-08-06
2026-08-06,24,1035.5,1.0,2026-08-06
2026-08-07,24,985.2,1.0,2026-08-06
2026-08-08,24,1183.7,1.0,2026-08-06
2026-08-09,24,1326.4,1.0,2026-08-06
2026-08-10,24,919.3,1.0,2026-08-06
2026-08-11,24,1041.5,1.0,2026-08-06
2026-08-12,24,1113.1,1.0,2026-08-06
2026-08-13,24,1075.3,1.0,2026-08-06
2026-08-14,24,1021.1,1.0,2026-08-06
2026-08-15,24,997.1,1.0,2026-08-06
2026-08-16,24,1083.8,1.0,2026-08-06
2026-08-17,24,840.4,1.0,2026-08-06
2026-08-18,24,936.5,1.0,2026-08-06
2026-08-19,24,1037.9,1.0,2026-08-06
2026-08-20,24,1029.7,1.0,2026-08-06
2026-08-21,24,990.2,1.0,2026-08-06
2026-08-22,24,932.7,1.0,2026-08-06
2026-08-23,24,1025.2,1.0,2026-08-06
2026-08-24,24,846.9,1.0,2026-08-06
2026-08-25,24,908.2,1.0,2026-08-06
2026-08-26,24,1016.4,1.0,2026-08-06
2026-08-27,24,1017.0,1.0,2026-08-06
2026-08-28,24,968.8,1.0,2026-08-06
2026-08-29,24,1194.3,1.0,2026-08-06
2026-08-30,24,1310.6,1.0,2026-08-06
2026-08-31,24,933.0,1.0,2026-08-06
2026-09-01,24,1020.0,1.0,2026-08-06
2026-09-02,24,1033.9,1.0,2026-08-06
2026-09-03,24,981.8,1.0,2026-08-06
2026-09-04,24,872.2,1.0,2026-08-06
2026-09-05,24,1025.3,1.0,2026-08-06
2026-09-06,24,1162.5,1.0,2026-08-06
2026-09-07,24,696.0,1.0,2026-08-06
2026-09-08,24,738.5,1.0,2026-08-06
2026-09-09,24,780.9,1.0,2026-08-06
2026-09-10,24,765.2,1.0,2026-08-06
2026-09-11,24,678.0,1.0,2026-08-06
2026-09-12,24,879.1,1.0,2026-08-06
2026-09-13,24,1045.4,1.0,2026-08-06
2026-09-14,24,606.4,1.0,2026-08-06
2026-09-15,24,630.1,1.0,2026-08-06
2026-09-16,24,698.6,1.0,2026-08-06
2026-09-17,24,764.9,1.0,2026-08-06
2026-09-18,24,684.2,1.0,2026-08-06
2026-09-19,24,878.0,1.0,2026-08-06
2026-09-20,24,1035.5,1.0,2026-08-06
2026-09-21,24,599.0,1.0,2026-08-06
2026-09-22,24,621.1,1.0,2026-08-06
2026-09-23,24,672.3,1.0,2026-08-06
2026-09-24,24,674.1,1.0,2026-08-06
2026-09-25,24,593.5,1.0,2026-08-06
2026-09-26,24,790.3,1.0,2026-08-06
2026-09-27,24,960.3,1.0,2026-08-06
2026-09-28,24,540.1,1.0,2026-08-06
2026-09-29,24,554.6,1.0,2026-08-06
2026-09-30,24,619.8,1.0,2026-08-06
2026-10-01,24,623.0,1.0,2026-08-06
2026-10-02,24,522.6,1.0,2026-08-06
2026-10-03,24,685.3,1.0,2026-08-06
2026-10-04,24,852.3,1.0,2026-08-06
2026-10-05,24,414.6,1.0,2026-08-06
2026-10-06,24,399.3,1.0,2026-08-06
2026-10-07,24,439.2,1.0,2026-08-06
2026-10-08,24,428.9,1.0,2026-08-06
2026-10-09,24,348.4,1.0,2026-08-06
2026-10-10,24,508.1,1.0,2026-08-06
2026-10-11,24,689.6,1.0,2026-08-06
2026-10-12,24,294.0,1.0,2026-08-06
2026-07-15,26,4158.8,6.5,2026-08-06
2026-07-16,26,4080.5,6.0,2026-08-06
2026-07-17,26,3852.6,6.0,2026-08-06
2026-07-18,26,3735.1,5.5,2026-08-06
2026-07-19,26,3766.2,5.5,2026-08-06
2026-07-20,26,4059.2,6.0,2026-08-06
2026-07-21,26,4221.1,6.5,2026-08-06
2026-07-22,26,4056.7,6.0,2026-08-06
2026-07-23,26,3969.0,6.0,2026-08-06
2026-07-24,26,3749.6,5.5,2026-08-06
2026-07-25,26,3637.5,5.5,2026-08-06
2026-07-26,26,3671.2,5.5,2026-08-06
2026-07-27,26,3966.3,6.0,2026-08-06
2026-07-28,26,4133.7,6.5,2026-08-06
2026-07-29,26,3979.2,6.0,2026-08-06
2026-07-30,26,3903.2,6.0,2026-08-06
2026-07-31,26,3896.4,6.0,2026-08-06
2026-08-01,26,3858.1,6.0,2026-08-06
2026-08-02,26,3882.8,6.0,2026-08-06
2026-08-03,26,4153.4,6.5,2026-08-06
2026-08-04,26,4285.8,6.5,2026-08-06
2026-08-05,26,4100.6,6.0,2026-08-06
2026-08-06,26,4011.1,6.0,2026-08-06
2026-08-07,26,3792.7,6.0,2026-08-06
2026-08-08,26,3690.9,5.5,2026-08-06
2026-08-09,26,3729.9,5.5,2026-08-06
2026-08-10,26,4031.5,6.0,2026-08-06
2026-08-11,26,4196.9,6.5,2026-08-06
2026-08-12,26,4034.0,6.0,2026-08-06
2026-08-13,26,3954.1,6.0,2026-08-06
2026-08-14,26,3749.5,5.5,2026-08-06
2026-08-15,26,3809.8,6.0,2026-08-06
2026-08-16,26,3899.8,6.0,2026-08-06
2026-08-17,26,4190.2,6.5,2026-08-06
2026-08-18,26,4328.1,6.5,2026-08-06
2026-08-19,26,4133.2,6.5,2026-08-06
2026-08-20,26,4035.9,6.0,2026-08-06
2026-08-21,26,4010.2,6.0,2026-08-06
2026-08-22,26,4103.4,6.0,2026-08-06
2026-08-23,26,4152.1,6.5,2026-08-06
2026-08-24,26,4398.0,6.5,2026-08-06
2026-08-25,26,4486.3,7.0,2026-08-06
2026-08-26,26,4249.6,6.5,2026-08-06
2026-08-27,26,4230.3,6.5,2026-08-06
2026-08-28,26,4087.2,6.0,2026-08-06
2026-08-29,26,3969.8,6.0,2026-08-06
2026-08-30,26,3958.3,6.0,2026-08-06
2026-08-31,26,4218.1,6.5,2026-08-06
2026-09-01,26,4342.3,6.5,2026-08-06
2026-09-02,26,4134.5,6.5,2026-08-06
2026-09-03,26,4036.9,6.0,2026-08-06
2026-09-04,26,3812.8,6.0,2026-08-06
2026-09-05,26,3702.8,5.5,2026-08-06
2026-09-06,26,3728.4,5.5,2026-08-06
2026-09-07,26,4011.5,6.0,2026-08-06
2026-09-08,26,4166.2,6.5,2026-08-06
2026-09-09,26,3999.6,6.0,2026-08-06
2026-09-10,26,3920.7,6.0,2026-08-06
2026-09-11,26,3715.7,5.5,2026-08-06
2026-09-12,26,3618.5,5.5,2026-08-06
2026-09-13,26,3656.9,5.5,2026-08-06
2026-09-14,26,3953.3,6.0,2026-08-06
2026-09-15,26,4121.7,6.5,2026-08-06
2026-09-16,26,3969.2,6.0,2026-08-06
2026-09-17,26,3898.0,6.0,2026-08-06
2026-09-18,26,3691.7,5.5,2026-08-06
2026-09-19,26,3592.8,5.5,2026-08-06
2026-09-20,26,3635.1,5.5,2026-08-06
2026-09-21,26,3935.7,6.0,2026-08-06
2026-09-22,26,4110.8,6.5,2026-08-06
2026-09-23,26,3966.4,6.0,2026-08-06
2026-09-24,26,3897.1,6.0,2026-08-06
2026-09-25,26,3697.7,5.5,2026-08-06
2026-09-26,26,3602.6,5.5,2026-08-06
2026-09-27,26,3644.4,5.5,2026-08-06
2026-09-28,26,3943.0,6.0,2026-08-06
2026-09-29,26,4114.4,6.5,2026-08-06
2026-09-30,26,3966.4,6.0,2026-08-06
2026-10-01,26,3897.7,6.0,2026-08-06
2026-10-02,26,3681.0,5.5,2026-08-06
2026-10-03,26,3576.2,5.5,2026-08-06
2026-10-04,26,3604.9,5.5,2026-08-06
2026-10-05,26,3889.2,6.0,2026-08-06
2026-10-06,26,4042.5,6.0,2026-08-06
2026-10-07,26,3882.4,6.0,2026-08-06
2026-10-08,26,3808.1,6.0,2026-08-06
2026-10-09,26,3609.9,5.5,2026-08-06
2026-10-10,26,3513.0,5.5,2026-08-06
2026-10-11,26,3546.2,5.5,2026-08-06
2026-10-12,26,3833.1,6.0,2026-08-06
2026-07-15,27,508.1,1.0,2026-08-06
2026-07-16,27,557.3,1.0,2026-08-06
2026-07-17,27,407.9,1.0,2026-08-06
2026-07-18,27,294.4,1.0,2026-08-06
2026-07-19,27,64.5,1.0,2026-08-06
2026-07-20,27,235.2,1.0,2026-08-06
2026-07-21,27,190.8,1.0,2026-08-06
2026-07-22,27,127.5,1.0,2026-08-06
2026-07-23,27,76.2,1.0,2026-08-06
2026-07-24,27,34.6,1.0,2026-08-06
2026-07-25,27,20.1,1.0,2026-08-06
2026-07-26,27,9.4,1.0,2026-08-06
2026-07-27,27,85.7,1.0,2026-08-06
2026-07-28,27,136.2,1.0,2026-08-06
2026-07-29,27,72.2,1.0,2026-08-06
2026-07-30,27,33.1,1.0,2026-08-06
2026-07-31,27,14.0,1.0,2026-08-06
2026-08-01,27,-3.5,0.0,2026-08-06
2026-08-02,27,-18.6,0.0,2026-08-06
2026-08-03,27,-25.6,0.0,2026-08-06
2026-08-04,27,-0.2,0.0,2026-08-06
2026-08-05,27,4.8,1.0,2026-08-06
2026-08-06,27,6.7,1.0,2026-08-06
2026-08-07,27,-1.2,0.0,2026-08-06
2026-08-08,27,-15.5,0.0,2026-08-06
2026-08-09,27,-27.2,0.0,2026-08-06
2026-08-10,27,-14.0,0.0,2026-08-06
2026-08-11,27,2.3,1.0,2026-08-06
2026-08-12,27,9.7,1.0,2026-08-06
2026-08-13,27,14.2,1.0,2026-08-06
2026-08-14,27,12.0,1.0,2026-08-06
2026-08-15,27,-11.9,0.0,2026-08-06
2026-08-16,27,20.2,1.0,2026-08-06
2026-08-17,27,133.8,1.0,2026-08-06
2026-08-18,27,169.9,1.0,2026-08-06
2026-08-19,27,48.8,1.0,2026-08-06
2026-08-20,27,31.3,1.0,2026-08-06
2026-08-21,27,-1.1,0.0,2026-08-06
2026-08-22,27,5.8,1.0,2026-08-06
2026-08-23,27,17.9,1.0,2026-08-06
2026-08-24,27,143.5,1.0,2026-08-06
2026-08-25,27,153.2,1.0,2026-08-06
2026-08-26,27,34.8,1.0,2026-08-06
2026-08-27,27,-9.0,0.0,2026-08-06
2026-08-28,27,32.6,1.0,2026-08-06
2026-08-29,27,17.1,1.0,2026-08-06
2026-08-30,27,-11.1,0.0,2026-08-06
2026-08-31,27,94.9,1.0,2026-08-06
2026-09-01,27,87.9,1.0,2026-08-06
2026-09-02,27,19.6,1.0,2026-08-06
2026-09-03,27,12.1,1.0,2026-08-06
2026-09-04,27,19.3,1.0,2026-08-06
2026-09-05,27,11.7,1.0,2026-08-06
2026-09-06,27,-10.6,0.0,2026-08-06
2026-09-07,27,203.0,1.0,2026-08-06
2026-09-08,27,331.0,1.0,2026-08-06
2026-09-09,27,303.3,1.0,2026-08-06
2026-09-10,27,464.8,1.0,2026-08-06
2026-09-11,27,405.1,1.0,2026-08-06
2026-09-12,27,313.7,1.0,2026-08-06
2026-09-13,27,28.4,1.0,2026-08-06
2026-09-14,27,724.8,1.0,2026-08-06
2026-09-15,27,842.9,1.0,2026-08-06
2026-09-16,27,724.5,1.0,2026-08-06
2026-09-17,27,767.3,1.0,2026-08-06
2026-09-18,27,633.3,1.0,2026-08-06
2026-09-19,27,500.9,1.0,2026-08-06
2026-09-20,27,-26.8,0.0,2026-08-06
2026-09-21,27,817.5,1.0,2026-08-06
2026-09-22,27,912.7,1.0,2026-08-06
2026-09-23,27,772.6,1.0,2026-08-06
2026-09-24,27,932.1,1.0,2026-08-06
2026-09-25,27,690.0,1.0,2026-08-06
2026-09-26,27,568.1,1.0,2026-08-06
2026-09-27,27,-6.8,0.0,2026-08-06
2026-09-28,27,893.9,1.0,2026-08-06
2026-09-29,27,1021.6,1.0,2026-08-06
2026-09-30,27,868.5,1.0,2026-08-06
2026-10-01,27,1007.5,1.0,2026-08-06
2026-10-02,27,715.8,1.0,2026-08-06
2026-10-03,27,572.2,1.0,2026-08-06
2026-10-04,27,-28.6,0.0,2026-08-06
2026-10-05,27,869.3,1.0,2026-08-06
2026-10-06,27,1012.5,1.0,2026-08-06
2026-10-07,27,820.9,1.0,2026-08-06
2026-10-08,27,976.3,1.0,2026-08-06
2026-10-09,27,703.0,1.0,2026-08-06
2026-10-10,27,552.1,1.0,2026-08-06
2026-10-11,27,-24.0,0.0,2026-08-06
2026-10-12,27,899.9,1.0,2026-08-06
2026-07-15,3,4621.2,6.0,2026-08-06
2026-07-16,3,4764.8,6.5,2026-08-06
2026-07-17,3,4552.8,6.0,2026-08-06
2026-07-18,3,4059.5,5.5,2026-08-06
2026-07-19,3,2663.0,3.5,2026-08-06
2026-07-20,3,5368.3,7.0,2026-08-06
2026-07-21,3,5240.9,7.0,2026-08-06
2026-07-22,3,5153.1,7.0,2026-08-06
2026-07-23,3,5290.3,7.0,2026-08-06
2026-07-24,3,4969.9,6.5,2026-08-06
2026-07-25,3,4426.8,6.0,2026-08-06
2026-07-26,3,2947.3,4.0,2026-08-06
2026-07-27,3,5712.7,7.5,2026-08-06
2026-07-28,3,5500.2,7.5,2026-08-06
2026-07-29,3,5421.3,7.0,2026-08-06
2026-07-30,3,5534.5,7.5,2026-08-06
2026-07-31,3,5469.0,7.0,2026-08-06
2026-08-01,3,5101.0,6.5,2026-08-06
2026-08-02,3,3497.4,4.5,2026-08-06
2026-08-03,3,6103.2,8.0,2026-08-06
2026-08-04,3,5763.1,7.5,2026-08-06
2026-08-05,3,5713.6,7.5,2026-08-06
2026-08-06,3,5800.3,7.5,2026-08-06
2026-08-07,3,5442.4,7.0,2026-08-06
2026-08-08,3,4923.4,6.5,2026-08-06
2026-08-09,3,3473.2,4.5,2026-08-06
2026-08-10,3,6212.5,8.0,2026-08-06
2026-08-11,3,5831.2,7.5,2026-08-06
2026-08-12,3,5795.0,7.5,2026-08-06
2026-08-13,3,5885.7,8.0,2026-08-06
2026-08-14,3,5522.9,7.5,2026-08-06
2026-08-15,3,5735.9,7.5,2026-08-06
2026-08-16,3,4382.9,6.0,2026-08-06
2026-08-17,3,6329.3,8.5,2026-08-06
2026-08-18,3,6062.2,8.0,2026-08-06
2026-08-19,3,5991.1,8.0,2026-08-06
2026-08-20,3,6061.0,8.0,2026-08-06
2026-08-21,3,6126.7,8.0,2026-08-06
2026-08-22,3,6394.4,8.5,2026-08-06
2026-08-23,3,4866.1,6.5,2026-08-06
2026-08-24,3,6520.1,8.5,2026-08-06
2026-08-25,3,6210.6,8.0,2026-08-06
2026-08-26,3,6146.1,8.0,2026-08-06
2026-08-27,3,6364.6,8.5,2026-08-06
2026-08-28,3,5996.0,8.0,2026-08-06
2026-08-29,3,5456.2,7.0,2026-08-06
2026-08-30,3,4183.1,5.5,2026-08-06
2026-08-31,3,6575.2,8.5,2026-08-06
2026-09-01,3,6104.7,8.0,2026-08-06
2026-09-02,3,6128.1,8.0,2026-08-06
2026-09-03,3,6193.5,8.0,2026-08-06
2026-09-04,3,5833.8,7.5,2026-08-06
2026-09-05,3,5314.3,7.0,2026-08-06
2026-09-06,3,3924.8,5.0,2026-08-06
2026-09-07,3,6622.4,8.5,2026-08-06
2026-09-08,3,6103.2,8.0,2026-08-06
2026-09-09,3,6120.6,8.0,2026-08-06
2026-09-10,3,6192.1,8.0,2026-08-06
2026-09-11,3,5829.3,7.5,2026-08-06
2026-09-12,3,5302.5,7.0,2026-08-06
2026-09-13,3,3895.9,5.0,2026-08-06
2026-09-14,3,6629.1,9.0,2026-08-06
2026-09-15,3,6112.5,8.0,2026-08-06
2026-09-16,3,6125.4,8.0,2026-08-06
2026-09-17,3,6179.5,8.0,2026-08-06
2026-09-18,3,5825.1,7.5,2026-08-06
2026-09-19,3,5302.7,7.0,2026-08-06
2026-09-20,3,3896.3,5.0,2026-08-06
2026-09-21,3,6625.4,8.5,2026-08-06
2026-09-22,3,6110.2,8.0,2026-08-06
2026-09-23,3,6120.0,8.0,2026-08-06
2026-09-24,3,6192.2,8.0,2026-08-06
2026-09-25,3,5824.3,7.5,2026-08-06
2026-09-26,3,5294.2,7.0,2026-08-06
2026-09-27,3,3873.2,5.0,2026-08-06
2026-09-28,3,6619.8,8.5,2026-08-06
2026-09-29,3,6102.2,8.0,2026-08-06
2026-09-30,3,6110.0,8.0,2026-08-06
2026-10-01,3,6188.4,8.0,2026-08-06
2026-10-02,3,5840.2,7.5,2026-08-06
2026-10-03,3,5278.0,7.0,2026-08-06
2026-10-04,3,3751.6,5.0,2026-08-06
2026-10-05,3,6729.6,9.0,2026-08-06
2026-10-06,3,6152.3,8.0,2026-08-06
2026-10-07,3,6164.8,8.0,2026-08-06
2026-10-08,3,6253.9,8.5,2026-08-06
2026-10-09,3,5897.0,8.0,2026-08-06
2026-10-10,3,5292.4,7.0,2026-08-06
2026-10-11,3,3746.4,5.0,2026-08-06
2026-10-12,3,6763.2,9.0,2026-08-06
2026-07-15,31,3469.8,6.5,2026-08-06
2026-07-16,31,3457.4,6.5,2026-08-06
2026-07-17,31,3041.6,5.5,2026-08-06
2026-07-18,31,2980.2,5.5,2026-08-06
2026-07-19,31,2651.7,5.0,2026-08-06
2026-07-20,31,3467.4,6.5,2026-08-06
2026-07-21,31,3612.3,6.5,2026-08-06
2026-07-22,31,3551.9,6.5,2026-08-06
2026-07-23,31,3578.8,6.5,2026-08-06
2026-07-24,31,3130.5,5.5,2026-08-06
2026-07-25,31,3074.3,5.5,2026-08-06
2026-07-26,31,2706.2,5.0,2026-08-06
2026-07-27,31,3532.5,6.5,2026-08-06
2026-07-28,31,3665.1,6.5,2026-08-06
2026-07-29,31,3581.2,6.5,2026-08-06
2026-07-30,31,3604.4,6.5,2026-08-06
2026-07-31,31,3442.2,6.5,2026-08-06
2026-08-01,31,3263.2,6.0,2026-08-06
2026-08-02,31,2872.5,5.5,2026-08-06
2026-08-03,31,3712.7,7.0,2026-08-06
2026-08-04,31,3812.0,7.0,2026-08-06
2026-08-05,31,3707.4,7.0,2026-08-06
2026-08-06,31,3727.5,7.0,2026-08-06
2026-08-07,31,3246.9,6.0,2026-08-06
2026-08-08,31,3170.6,6.0,2026-08-06
2026-08-09,31,2754.3,5.0,2026-08-06
2026-08-10,31,3596.8,6.5,2026-08-06
2026-08-11,31,3728.6,7.0,2026-08-06
2026-08-12,31,3650.2,6.5,2026-08-06
2026-08-13,31,3687.7,7.0,2026-08-06
2026-08-14,31,3226.8,6.0,2026-08-06
2026-08-15,31,3211.2,6.0,2026-08-06
2026-08-16,31,2733.1,5.0,2026-08-06
2026-08-17,31,3587.2,6.5,2026-08-06
2026-08-18,31,3698.6,7.0,2026-08-06
2026-08-19,31,3650.7,6.5,2026-08-06
2026-08-20,31,3724.0,7.0,2026-08-06
2026-08-21,31,3554.9,6.5,2026-08-06
2026-08-22,31,3421.4,6.5,2026-08-06
2026-08-23,31,2929.2,5.5,2026-08-06
2026-08-24,31,3786.9,7.0,2026-08-06
2026-08-25,31,3848.0,7.0,2026-08-06
2026-08-26,31,3775.2,7.0,2026-08-06
2026-08-27,31,3811.9,7.0,2026-08-06
2026-08-28,31,3423.1,6.5,2026-08-06
2026-08-29,31,3399.2,6.0,2026-08-06
2026-08-30,31,2941.1,5.5,2026-08-06
2026-08-31,31,3818.5,7.0,2026-08-06
2026-09-01,31,3893.2,7.0,2026-08-06
2026-09-02,31,3780.7,7.0,2026-08-06
2026-09-03,31,3821.8,7.0,2026-08-06
2026-09-04,31,3343.0,6.0,2026-08-06
2026-09-05,31,3255.9,6.0,2026-08-06
2026-09-06,31,2804.8,5.0,2026-08-06
2026-09-07,31,3697.2,7.0,2026-08-06
2026-09-08,31,3813.4,7.0,2026-08-06
2026-09-09,31,3736.0,7.0,2026-08-06
2026-09-10,31,3795.9,7.0,2026-08-06
2026-09-11,31,3345.0,6.0,2026-08-06
2026-09-12,31,3257.3,6.0,2026-08-06
2026-09-13,31,2804.8,5.0,2026-08-06
2026-09-14,31,3709.9,7.0,2026-08-06
2026-09-15,31,3822.0,7.0,2026-08-06
2026-09-16,31,3748.5,7.0,2026-08-06
2026-09-17,31,3820.5,7.0,2026-08-06
2026-09-18,31,3359.0,6.0,2026-08-06
2026-09-19,31,3262.8,6.0,2026-08-06
2026-09-20,31,2803.9,5.0,2026-08-06
2026-09-21,31,3704.1,7.0,2026-08-06
2026-09-22,31,3815.7,7.0,2026-08-06
2026-09-23,31,3745.1,7.0,2026-08-06
2026-09-24,31,3809.8,7.0,2026-08-06
2026-09-25,31,3359.2,6.0,2026-08-06
2026-09-26,31,3270.0,6.0,2026-08-06
2026-09-27,31,2810.3,5.0,2026-08-06
2026-09-28,31,3716.7,7.0,2026-08-06
2026-09-29,31,3826.6,7.0,2026-08-06
2026-09-30,31,3750.7,7.0,2026-08-06
2026-10-01,31,3806.0,7.0,2026-08-06
2026-10-02,31,3342.3,6.0,2026-08-06
2026-10-03,31,3245.9,6.0,2026-08-06
2026-10-04,31,2799.2,5.0,2026-08-06
2026-10-05,31,3753.1,7.0,2026-08-06
2026-10-06,31,3860.1,7.0,2026-08-06
2026-10-07,31,3797.1,7.0,2026-08-06
2026-10-08,31,3882.1,7.0,2026-08-06
2026-10-09,31,3457.3,6.5,2026-08-06
2026-10-10,31,3344.9,6.0,2026-08-06
2026-10-11,31,2860.1,5.0,2026-08-06
2026-10-12,31,3841.2,7.0,2026-08-06
2026-07-15,32,2310.0,5.0,2026-08-06
2026-07-16,32,2246.6,5.0,2026-08-06
2026-07-17,32,2032.5,4.5,2026-08-06
2026-07-18,32,2309.1,5.0,2026-08-06
2026-07-19,32,2552.3,5.5,2026-08-06
2026-07-20,32,2168.4,5.0,2026-08-06
2026-07-21,32,2212.6,5.0,2026-08-06
2026-07-22,32,2140.9,5.0,2026-08-06
2026-07-23,32,2074.3,4.5,2026-08-06
2026-07-24,32,1862.1,4.0,2026-08-06
2026-07-25,32,2122.7,4.5,2026-08-06
2026-07-26,32,2372.1,5.5,2026-08-06
2026-07-27,32,2030.0,4.5,2026-08-06
2026-07-28,32,2080.2,4.5,2026-08-06
2026-07-29,32,2015.0,4.5,2026-08-06
2026-07-30,32,1966.0,4.5,2026-08-06
2026-07-31,32,1927.0,4.5,2026-08-06
2026-08-01,32,2118.6,4.5,2026-08-06
2026-08-02,32,2380.0,5.5,2026-08-06
2026-08-03,32,2039.1,4.5,2026-08-06
2026-08-04,32,2110.2,4.5,2026-08-06
2026-08-05,32,2052.1,4.5,2026-08-06
2026-08-06,32,1997.9,4.5,2026-08-06
2026-08-07,32,1794.3,4.0,2026-08-06
2026-08-08,32,2048.2,4.5,2026-08-06
2026-08-09,32,2301.6,5.0,2026-08-06
2026-08-10,32,1993.5,4.5,2026-08-06
2026-08-11,32,2065.8,4.5,2026-08-06
2026-08-12,32,2017.9,4.5,2026-08-06
2026-08-13,32,1963.8,4.5,2026-08-06
2026-08-14,32,1765.6,4.0,2026-08-06
2026-08-15,32,1892.9,4.0,2026-08-06
2026-08-16,32,2203.0,5.0,2026-08-06
2026-08-17,32,1899.5,4.0,2026-08-06
2026-08-18,32,1999.6,4.5,2026-08-06
2026-08-19,32,1972.2,4.5,2026-08-06
2026-08-20,32,1954.3,4.5,2026-08-06
2026-08-21,32,1941.8,4.5,2026-08-06
2026-08-22,32,1973.5,4.5,2026-08-06
2026-08-23,32,2303.0,5.0,2026-08-06
2026-08-24,32,1998.9,4.5,2026-08-06
2026-08-25,32,2106.9,4.5,2026-08-06
2026-08-26,32,2095.1,4.5,2026-08-06
2026-08-27,32,2128.6,5.0,2026-08-06
2026-08-28,32,2001.4,4.5,2026-08-06
2026-08-29,32,2318.4,5.0,2026-08-06
2026-08-30,32,2586.4,6.0,2026-08-06
2026-08-31,32,2209.8,5.0,2026-08-06
2026-09-01,32,2272.8,5.0,2026-08-06
2026-09-02,32,2163.3,5.0,2026-08-06
2026-09-03,32,2085.6,4.5,2026-08-06
2026-09-04,32,1850.7,4.0,2026-08-06
2026-09-05,32,2066.6,4.5,2026-08-06
2026-09-06,32,2286.9,5.0,2026-08-06
2026-09-07,32,1957.6,4.5,2026-08-06
2026-09-08,32,1990.5,4.5,2026-08-06
2026-09-09,32,1898.3,4.0,2026-08-06
2026-09-10,32,1826.0,4.0,2026-08-06
2026-09-11,32,1588.1,3.5,2026-08-06
2026-09-12,32,1757.0,4.0,2026-08-06
2026-09-13,32,1941.9,4.5,2026-08-06
2026-09-14,32,1696.7,4.0,2026-08-06
2026-09-15,32,1737.5,4.0,2026-08-06
2026-09-16,32,1656.9,3.5,2026-08-06
2026-09-17,32,1586.0,3.5,2026-08-06
2026-09-18,32,1353.6,3.0,2026-08-06
2026-09-19,32,1487.3,3.5,2026-08-06
2026-09-20,32,1622.8,3.5,2026-08-06
2026-09-21,32,1451.2,3.0,2026-08-06
2026-09-22,32,1484.4,3.5,2026-08-06
2026-09-23,32,1424.5,3.0,2026-08-06
2026-09-24,32,1370.3,3.0,2026-08-06
2026-09-25,32,1154.7,2.5,2026-08-06
2026-09-26,32,1246.5,3.0,2026-08-06
2026-09-27,32,1325.2,3.0,2026-08-06
2026-09-28,32,1228.2,2.5,2026-08-06
2026-09-29,32,1260.0,3.0,2026-08-06
2026-09-30,32,1216.0,2.5,2026-08-06
2026-10-01,32,1172.4,2.5,2026-08-06
2026-10-02,32,954.0,2.0,2026-08-06
2026-10-03,32,976.0,2.0,2026-08-06
2026-10-04,32,914.2,2.0,2026-08-06
2026-10-05,32,896.2,2.0,2026-08-06
2026-10-06,32,894.1,2.0,2026-08-06
2026-10-07,32,848.0,2.0,2026-08-06
2026-10-08,32,798.3,2.0,2026-08-06
2026-10-09,32,647.0,1.5,2026-08-06
2026-10-10,32,636.3,1.5,2026-08-06
2026-10-11,32,571.5,1.5,2026-08-06
2026-10-12,32,729.2,1.5,2026-08-06
2026-07-15,33,2242.4,6.0,2026-08-06
2026-07-16,33,2216.2,6.0,2026-08-06
2026-07-17,33,2022.9,5.5,2026-08-06
2026-07-18,33,2161.7,5.5,2026-08-06
2026-07-19,33,2224.9,6.0,2026-08-06
2026-07-20,33,2385.6,6.5,2026-08-06
2026-07-21,33,2269.6,6.0,2026-08-06
2026-07-22,33,2270.3,6.0,2026-08-06
2026-07-23,33,2254.1,6.0,2026-08-06
2026-07-24,33,2017.4,5.5,2026-08-06
2026-07-25,33,2177.8,5.5,2026-08-06
2026-07-26,33,2238.9,6.0,2026-08-06
2026-07-27,33,2397.4,6.5,2026-08-06
2026-07-28,33,2290.6,6.0,2026-08-06
2026-07-29,33,2290.0,6.0,2026-08-06
2026-07-30,33,2269.8,6.0,2026-08-06
2026-07-31,33,2178.3,5.5,2026-08-06
2026-08-01,33,2327.1,6.0,2026-08-06
2026-08-02,33,2360.4,6.0,2026-08-06
2026-08-03,33,2485.3,6.5,2026-08-06
2026-08-04,33,2353.4,6.0,2026-08-06
2026-08-05,33,2356.4,6.0,2026-08-06
2026-08-06,33,2319.6,6.0,2026-08-06
2026-08-07,33,2067.0,5.5,2026-08-06
2026-08-08,33,2231.5,6.0,2026-08-06
2026-08-09,33,2278.6,6.0,2026-08-06
2026-08-10,33,2426.4,6.5,2026-08-06
2026-08-11,33,2312.4,6.0,2026-08-06
2026-08-12,33,2315.6,6.0,2026-08-06
2026-08-13,33,2287.8,6.0,2026-08-06
2026-08-14,33,2039.7,5.5,2026-08-06
2026-08-15,33,2086.4,5.5,2026-08-06
2026-08-16,33,2211.4,6.0,2026-08-06
2026-08-17,33,2392.1,6.5,2026-08-06
2026-08-18,33,2283.4,6.0,2026-08-06
2026-08-19,33,2292.0,6.0,2026-08-06
2026-08-20,33,2257.3,6.0,2026-08-06
2026-08-21,33,2175.9,5.5,2026-08-06
2026-08-22,33,2193.6,6.0,2026-08-06
2026-08-23,33,2292.2,6.0,2026-08-06
2026-08-24,33,2446.1,6.5,2026-08-06
2026-08-25,33,2300.2,6.0,2026-08-06
2026-08-26,33,2297.9,6.0,2026-08-06
2026-08-27,33,2226.8,6.0,2026-08-06
2026-08-28,33,2063.7,5.5,2026-08-06
2026-08-29,33,2227.7,6.0,2026-08-06
2026-08-30,33,2250.2,6.0,2026-08-06
2026-08-31,33,2400.4,6.5,2026-08-06
2026-09-01,33,2272.4,6.0,2026-08-06
2026-09-02,33,2246.1,6.0,2026-08-06
2026-09-03,33,2189.0,6.0,2026-08-06
2026-09-04,33,1961.4,5.0,2026-08-06
2026-09-05,33,2048.5,5.5,2026-08-06
2026-09-06,33,2054.2,5.5,2026-08-06
2026-09-07,33,2247.9,6.0,2026-08-06
2026-09-08,33,2128.3,5.5,2026-08-06
2026-09-09,33,2105.4,5.5,2026-08-06
2026-09-10,33,2045.8,5.5,2026-08-06
2026-09-11,33,1856.5,5.0,2026-08-06
2026-09-12,33,1905.6,5.0,2026-08-06
2026-09-13,33,1931.1,5.0,2026-08-06
2026-09-14,33,2141.7,5.5,2026-08-06
2026-09-15,33,2048.5,5.5,2026-08-06
2026-09-16,33,2022.6,5.5,2026-08-06
2026-09-17,33,1969.0,5.0,2026-08-06
2026-09-18,33,1800.7,4.5,2026-08-06
2026-09-19,33,1856.1,5.0,2026-08-06
2026-09-20,33,1883.4,5.0,2026-08-06
2026-09-21,33,2113.6,5.5,2026-08-06
2026-09-22,33,2032.2,5.5,2026-08-06
2026-09-23,33,2014.0,5.5,2026-08-06
2026-09-24,33,1974.6,5.0,2026-08-06
2026-09-25,33,1844.3,5.0,2026-08-06
2026-09-26,33,1869.4,5.0,2026-08-06
2026-09-27,33,1871.0,5.0,2026-08-06
2026-09-28,33,2138.7,5.5,2026-08-06
2026-09-29,33,2037.7,5.5,2026-08-06
2026-09-30,33,2020.4,5.5,2026-08-06
2026-10-01,33,1985.6,5.0,2026-08-06
2026-10-02,33,1828.0,5.0,2026-08-06
2026-10-03,33,1850.3,5.0,2026-08-06
2026-10-04,33,1822.0,5.0,2026-08-06
2026-10-05,33,2117.2,5.5,2026-08-06
2026-10-06,33,2002.8,5.5,2026-08-06
2026-10-07,33,1988.2,5.0,2026-08-06
2026-10-08,33,1953.6,5.0,2026-08-06
2026-10-09,33,1830.3,5.0,2026-08-06
2026-10-10,33,1866.5,5.0,2026-08-06
2026-10-11,33,1842.3,5.0,2026-08-06
2026-10-12,33,2157.0,5.5,2026-08-06
2026-07-15,35,5458.8,7.0,2026-08-06
2026-07-16,35,5887.6,7.5,2026-08-06
2026-07-17,35,5231.2,6.5,2026-08-06
2026-07-18,35,4735.0,6.0,2026-08-06
2026-07-19,35,3935.5,5.0,2026-08-06
2026-07-20,35,6278.7,8.0,2026-08-06
2026-07-21,35,6563.4,8.5,2026-08-06
2026-07-22,35,5844.9,7.5,2026-08-06
2026-07-23,35,6387.4,8.0,2026-08-06
2026-07-24,35,5643.0,7.5,2026-08-06
2026-07-25,35,5010.6,6.5,2026-08-06
2026-07-26,35,3963.7,5.0,2026-08-06
2026-07-27,35,6504.8,8.5,2026-08-06
2026-07-28,35,6756.0,8.5,2026-08-06
2026-07-29,35,5966.4,7.5,2026-08-06
2026-07-30,35,6482.6,8.5,2026-08-06
2026-07-31,35,5871.6,7.5,2026-08-06
2026-08-01,35,5519.5,7.0,2026-08-06
2026-08-02,35,4129.3,5.5,2026-08-06
2026-08-03,35,7241.8,9.5,2026-08-06
2026-08-04,35,7452.6,9.5,2026-08-06
2026-08-05,35,6459.7,8.5,2026-08-06
2026-08-06,35,6955.4,9.0,2026-08-06
2026-08-07,35,6019.9,8.0,2026-08-06
2026-08-08,35,5132.8,6.5,2026-08-06
2026-08-09,35,3863.5,5.0,2026-08-06
2026-08-10,35,6592.4,8.5,2026-08-06
2026-08-11,35,6756.3,8.5,2026-08-06
2026-08-12,35,5920.2,7.5,2026-08-06
2026-08-13,35,6433.3,8.5,2026-08-06
2026-08-14,35,5680.3,7.5,2026-08-06
2026-08-15,35,5203.5,6.5,2026-08-06
2026-08-16,35,4211.4,5.5,2026-08-06
2026-08-17,35,7190.7,9.5,2026-08-06
2026-08-18,35,7448.3,9.5,2026-08-06
2026-08-19,35,6440.7,8.5,2026-08-06
2026-08-20,35,6943.9,9.0,2026-08-06
2026-08-21,35,6233.9,8.0,2026-08-06
2026-08-22,35,6229.9,8.0,2026-08-06
2026-08-23,35,4594.1,6.0,2026-08-06
2026-08-24,35,8144.7,10.5,2026-08-06
2026-08-25,35,8355.8,11.0,2026-08-06
2026-08-26,35,7133.6,9.0,2026-08-06
2026-08-27,35,7101.0,9.0,2026-08-06
2026-08-28,35,6666.6,8.5,2026-08-06
2026-08-29,35,5569.9,7.0,2026-08-06
2026-08-30,35,3935.9,5.0,2026-08-06
2026-08-31,35,7142.8,9.0,2026-08-06
2026-09-01,35,7323.9,9.5,2026-08-06
2026-09-02,35,6400.5,8.0,2026-08-06
2026-09-03,35,7002.2,9.0,2026-08-06
2026-09-04,35,6192.3,8.0,2026-08-06
2026-09-05,35,5330.9,7.0,2026-08-06
2026-09-06,35,3850.9,5.0,2026-08-06
2026-09-07,35,7328.8,9.5,2026-08-06
2026-09-08,35,7478.2,9.5,2026-08-06
2026-09-09,35,6529.9,8.5,2026-08-06
2026-09-10,35,7219.2,9.5,2026-08-06
2026-09-11,35,6401.4,8.0,2026-08-06
2026-09-12,35,5476.4,7.0,2026-08-06
2026-09-13,35,3878.4,5.0,2026-08-06
2026-09-14,35,7527.7,9.5,2026-08-06
2026-09-15,35,7653.7,10.0,2026-08-06
2026-09-16,35,6642.6,8.5,2026-08-06
2026-09-17,35,7219.0,9.5,2026-08-06
2026-09-18,35,6294.8,8.0,2026-08-06
2026-09-19,35,5356.3,7.0,2026-08-06
2026-09-20,35,3843.2,5.0,2026-08-06
2026-09-21,35,7249.5,9.5,2026-08-06
2026-09-22,35,7391.7,9.5,2026-08-06
2026-09-23,35,6427.8,8.5,2026-08-06
2026-09-24,35,7070.7,9.0,2026-08-06
2026-09-25,35,6242.2,8.0,2026-08-06
2026-09-26,35,5353.3,7.0,2026-08-06
2026-09-27,35,3861.7,5.0,2026-08-06
2026-09-28,35,7338.5,9.5,2026-08-06
2026-09-29,35,7458.2,9.5,2026-08-06
2026-09-30,35,6478.7,8.5,2026-08-06
2026-10-01,35,7127.7,9.0,2026-08-06
2026-10-02,35,6309.0,8.0,2026-08-06
2026-10-03,35,5448.4,7.0,2026-08-06
2026-10-04,35,3881.9,5.0,2026-08-06
2026-10-05,35,7891.0,10.0,2026-08-06
2026-10-06,35,7979.1,10.5,2026-08-06
2026-10-07,35,6961.8,9.0,2026-08-06
2026-10-08,35,7719.7,10.0,2026-08-06
2026-10-09,35,6857.2,9.0,2026-08-06
2026-10-10,35,5840.8,7.5,2026-08-06
2026-10-11,35,3910.1,5.0,2026-08-06
2026-10-12,35,8298.9,10.5,2026-08-06
2026-07-15,36,4852.5,11.5,2026-08-06
2026-07-16,36,5278.9,12.5,2026-08-06
2026-07-17,36,4389.2,10.5,2026-08-06
2026-07-18,36,4556.1,10.5,2026-08-06
2026-07-19,36,4010.3,9.5,2026-08-06
2026-07-20,36,4752.7,11.0,2026-08-06
2026-07-21,36,4820.1,11.5,2026-08-06
2026-07-22,36,4489.8,10.5,2026-08-06
2026-07-23,36,4906.2,11.5,2026-08-06
2026-07-24,36,4116.2,9.5,2026-08-06
2026-07-25,36,4288.6,10.0,2026-08-06
2026-07-26,36,3831.1,9.0,2026-08-06
2026-07-27,36,4657.1,11.0,2026-08-06
2026-07-28,36,4774.5,11.0,2026-08-06
2026-07-29,36,4467.2,10.5,2026-08-06
2026-07-30,36,4894.5,11.5,2026-08-06
2026-07-31,36,4225.0,10.0,2026-08-06
2026-08-01,36,4946.5,11.5,2026-08-06
2026-08-02,36,4331.9,10.0,2026-08-06
2026-08-03,36,5074.8,12.0,2026-08-06
2026-08-04,36,5045.3,12.0,2026-08-06
2026-08-05,36,4614.8,11.0,2026-08-06
2026-08-06,36,4978.1,11.5,2026-08-06
2026-08-07,36,4185.7,10.0,2026-08-06
2026-08-08,36,4352.6,10.0,2026-08-06
2026-08-09,36,3795.7,9.0,2026-08-06
2026-08-10,36,4686.6,11.0,2026-08-06
2026-08-11,36,4775.7,11.0,2026-08-06
2026-08-12,36,4430.6,10.5,2026-08-06
2026-08-13,36,4805.8,11.0,2026-08-06
2026-08-14,36,4121.5,9.5,2026-08-06
2026-08-15,36,3813.0,9.0,2026-08-06
2026-08-16,36,4024.5,9.5,2026-08-06
2026-08-17,36,4822.1,11.5,2026-08-06
2026-08-18,36,4865.8,11.5,2026-08-06
2026-08-19,36,4465.7,10.5,2026-08-06
2026-08-20,36,4854.4,11.5,2026-08-06
2026-08-21,36,4324.8,10.0,2026-08-06
2026-08-22,36,4567.8,10.5,2026-08-06
2026-08-23,36,4421.6,10.5,2026-08-06
2026-08-24,36,5187.5,12.0,2026-08-06
2026-08-25,36,5109.6,12.0,2026-08-06
2026-08-26,36,4665.8,11.0,2026-08-06
2026-08-27,36,4739.5,11.0,2026-08-06
2026-08-28,36,4595.6,10.5,2026-08-06
2026-08-29,36,4717.5,11.0,2026-08-06
2026-08-30,36,4205.0,10.0,2026-08-06
2026-08-31,36,5168.8,12.0,2026-08-06
2026-09-01,36,5247.5,12.5,2026-08-06
2026-09-02,36,4856.6,11.5,2026-08-06
2026-09-03,36,5235.9,12.0,2026-08-06
2026-09-04,36,4477.5,10.5,2026-08-06
2026-09-05,36,4554.5,10.5,2026-08-06
2026-09-06,36,3665.2,8.5,2026-08-06
2026-09-07,36,4939.4,11.5,2026-08-06
2026-09-08,36,4953.3,11.5,2026-08-06
2026-09-09,36,4540.6,10.5,2026-08-06
2026-09-10,36,4828.2,11.5,2026-08-06
2026-09-11,36,4291.9,10.0,2026-08-06
2026-09-12,36,4312.8,10.0,2026-08-06
2026-09-13,36,3318.3,8.0,2026-08-06
2026-09-14,36,4856.7,11.5,2026-08-06
2026-09-15,36,4906.4,11.5,2026-08-06
2026-09-16,36,4413.6,10.5,2026-08-06
2026-09-17,36,4610.8,11.0,2026-08-06
2026-09-18,36,4263.1,10.0,2026-08-06
2026-09-19,36,4219.3,10.0,2026-08-06
2026-09-20,36,3160.5,7.5,2026-08-06
2026-09-21,36,4909.6,11.5,2026-08-06
2026-09-22,36,5024.0,11.5,2026-08-06
2026-09-23,36,4475.2,10.5,2026-08-06
2026-09-24,36,4662.3,11.0,2026-08-06
2026-09-25,36,4399.7,10.5,2026-08-06
2026-09-26,36,4330.0,10.0,2026-08-06
2026-09-27,36,3184.0,7.5,2026-08-06
2026-09-28,36,5150.0,12.0,2026-08-06
2026-09-29,36,5338.3,12.5,2026-08-06
2026-09-30,36,4779.8,11.0,2026-08-06
2026-10-01,36,4975.2,11.5,2026-08-06
2026-10-02,36,4632.5,11.0,2026-08-06
2026-10-03,36,4469.4,10.5,2026-08-06
2026-10-04,36,3188.4,7.5,2026-08-06
2026-10-05,36,5214.9,12.0,2026-08-06
2026-10-06,36,5363.9,12.5,2026-08-06
2026-10-07,36,4744.9,11.0,2026-08-06
2026-10-08,36,4902.4,11.5,2026-08-06
2026-10-09,36,4631.3,11.0,2026-08-06
2026-10-10,36,4462.7,10.5,2026-08-06
2026-10-11,36,3213.6,7.5,2026-08-06
2026-10-12,36,5329.6,12.5,2026-08-06
2026-07-15,37,324.9,1.0,2026-08-06
2026-07-16,37,375.7,1.0,2026-08-06
2026-07-17,37,374.2,1.0,2026-08-06
2026-07-18,37,301.2,1.0,2026-08-06
2026-07-19,37,12.9,1.0,2026-08-06
2026-07-20,37,369.3,1.0,2026-08-06
2026-07-21,37,447.6,1.0,2026-08-06
2026-07-22,37,375.5,1.0,2026-08-06
2026-07-23,37,417.2,1.0,2026-08-06
2026-07-24,37,403.3,1.0,2026-08-06
2026-07-25,37,312.1,1.0,2026-08-06
2026-07-26,37,12.2,1.0,2026-08-06
2026-07-27,37,366.6,1.0,2026-08-06
2026-07-28,37,441.2,1.0,2026-08-06
2026-07-29,37,371.3,1.0,2026-08-06
2026-07-30,37,416.9,1.0,2026-08-06
2026-07-31,37,438.4,1.0,2026-08-06
2026-08-01,37,374.4,1.0,2026-08-06
2026-08-02,37,13.5,1.0,2026-08-06
2026-08-03,37,432.3,1.0,2026-08-06
2026-08-04,37,507.4,1.0,2026-08-06
2026-08-05,37,417.0,1.0,2026-08-06
2026-08-06,37,443.2,1.0,2026-08-06
2026-08-07,37,422.4,1.0,2026-08-06
2026-08-08,37,328.7,1.0,2026-08-06
2026-08-09,37,10.7,1.0,2026-08-06
2026-08-10,37,381.0,1.0,2026-08-06
2026-08-11,37,459.4,1.0,2026-08-06
2026-08-12,37,395.2,1.0,2026-08-06
2026-08-13,37,447.6,1.0,2026-08-06
2026-08-14,37,446.3,1.0,2026-08-06
2026-08-15,37,418.4,1.0,2026-08-06
2026-08-16,37,180.1,1.0,2026-08-06
2026-08-17,37,469.5,1.0,2026-08-06
2026-08-18,37,522.8,1.0,2026-08-06
2026-08-19,37,415.3,1.0,2026-08-06
2026-08-20,37,433.9,1.0,2026-08-06
2026-08-21,37,434.4,1.0,2026-08-06
2026-08-22,37,455.6,1.0,2026-08-06
2026-08-23,37,203.7,1.0,2026-08-06
2026-08-24,37,489.6,1.0,2026-08-06
2026-08-25,37,535.9,1.0,2026-08-06
2026-08-26,37,426.0,1.0,2026-08-06
2026-08-27,37,429.2,1.0,2026-08-06
2026-08-28,37,443.2,1.0,2026-08-06
2026-08-29,37,362.8,1.0,2026-08-06
2026-08-30,37,9.7,1.0,2026-08-06
2026-08-31,37,425.8,1.0,2026-08-06
2026-09-01,37,507.0,1.0,2026-08-06
2026-09-02,37,428.8,1.0,2026-08-06
2026-09-03,37,469.6,1.0,2026-08-06
2026-09-04,37,462.9,1.0,2026-08-06
2026-09-05,37,377.7,1.0,2026-08-06
2026-09-06,37,11.2,1.0,2026-08-06
2026-09-07,37,424.6,1.0,2026-08-06
2026-09-08,37,509.4,1.0,2026-08-06
2026-09-09,37,408.0,1.0,2026-08-06
2026-09-10,37,474.5,1.0,2026-08-06
2026-09-11,37,475.2,1.0,2026-08-06
2026-09-12,37,386.5,1.0,2026-08-06
2026-09-13,37,11.1,1.0,2026-08-06
2026-09-14,37,436.7,1.0,2026-08-06
2026-09-15,37,515.1,1.0,2026-08-06
2026-09-16,37,407.1,1.0,2026-08-06
2026-09-17,37,455.0,1.0,2026-08-06
2026-09-18,37,454.2,1.0,2026-08-06
2026-09-19,37,389.4,1.0,2026-08-06
2026-09-20,37,10.9,1.0,2026-08-06
2026-09-21,37,436.6,1.0,2026-08-06
2026-09-22,37,513.1,1.0,2026-08-06
2026-09-23,37,403.4,1.0,2026-08-06
2026-09-24,37,473.9,1.0,2026-08-06
2026-09-25,37,477.1,1.0,2026-08-06
2026-09-26,37,396.9,1.0,2026-08-06
2026-09-27,37,10.7,1.0,2026-08-06
2026-09-28,37,434.6,1.0,2026-08-06
2026-09-29,37,509.5,1.0,2026-08-06
2026-09-30,37,397.7,1.0,2026-08-06
2026-10-01,37,468.6,1.0,2026-08-06
2026-10-02,37,471.5,1.0,2026-08-06
2026-10-03,37,385.7,1.0,2026-08-06
2026-10-04,37,9.4,1.0,2026-08-06
2026-10-05,37,433.0,1.0,2026-08-06
2026-10-06,37,500.4,1.0,2026-08-06
2026-10-07,37,379.1,1.0,2026-08-06
2026-10-08,37,466.1,1.0,2026-08-06
2026-10-09,37,473.9,1.0,2026-08-06
2026-10-10,37,386.0,1.0,2026-08-06
2026-10-11,37,9.6,1.0,2026-08-06
2026-10-12,37,441.2,1.0,2026-08-06
2026-07-15,38,2779.0,5.0,2026-08-06
2026-07-16,38,3251.5,6.0,2026-08-06
2026-07-17,38,3016.4,5.5,2026-08-06
2026-07-18,38,2926.2,5.5,2026-08-06
2026-07-19,38,2619.2,5.0,2026-08-06
2026-07-20,38,3368.8,6.5,2026-08-06
2026-07-21,38,3545.1,6.5,2026-08-06
2026-07-22,38,2697.0,5.0,2026-08-06
2026-07-23,38,3116.1,6.0,2026-08-06
2026-07-24,38,2937.1,5.5,2026-08-06
2026-07-25,38,2863.3,5.5,2026-08-06
2026-07-26,38,2562.5,5.0,2026-08-06
2026-07-27,38,3264.1,6.0,2026-08-06
2026-07-28,38,3431.2,6.5,2026-08-06
2026-07-29,38,2625.4,5.0,2026-08-06
2026-07-30,38,3012.0,5.5,2026-08-06
2026-07-31,38,3095.3,6.0,2026-08-06
2026-08-01,38,2971.7,5.5,2026-08-06
2026-08-02,38,2572.8,5.0,2026-08-06
2026-08-03,38,3511.6,6.5,2026-08-06
2026-08-04,38,3743.3,7.0,2026-08-06
2026-08-05,38,2721.0,5.0,2026-08-06
2026-08-06,38,3141.1,6.0,2026-08-06
2026-08-07,38,2925.0,5.5,2026-08-06
2026-08-08,38,2774.5,5.0,2026-08-06
2026-08-09,38,2472.4,4.5,2026-08-06
2026-08-10,38,3234.9,6.0,2026-08-06
2026-08-11,38,3369.5,6.5,2026-08-06
2026-08-12,38,2544.6,4.5,2026-08-06
2026-08-13,38,2898.6,5.5,2026-08-06
2026-08-14,38,2770.2,5.0,2026-08-06
2026-08-15,38,2668.7,5.0,2026-08-06
2026-08-16,38,2430.7,4.5,2026-08-06
2026-08-17,38,3115.1,6.0,2026-08-06
2026-08-18,38,3311.8,6.0,2026-08-06
2026-08-19,38,2531.4,4.5,2026-08-06
2026-08-20,38,2883.3,5.5,2026-08-06
2026-08-21,38,2984.9,5.5,2026-08-06
2026-08-22,38,2921.8,5.5,2026-08-06
2026-08-23,38,2485.4,4.5,2026-08-06
2026-08-24,38,3236.7,6.0,2026-08-06
2026-08-25,38,3551.0,6.5,2026-08-06
2026-08-26,38,2671.9,5.0,2026-08-06
2026-08-27,38,3021.6,5.5,2026-08-06
2026-08-28,38,3027.6,5.5,2026-08-06
2026-08-29,38,2764.1,5.0,2026-08-06
2026-08-30,38,2443.4,4.5,2026-08-06
2026-08-31,38,3222.7,6.0,2026-08-06
2026-09-01,38,3335.0,6.0,2026-08-06
2026-09-02,38,2491.2,4.5,2026-08-06
2026-09-03,38,2835.4,5.5,2026-08-06
2026-09-04,38,2731.1,5.0,2026-08-06
2026-09-05,38,2626.2,5.0,2026-08-06
2026-09-06,38,2356.4,4.5,2026-08-06
2026-09-07,38,3011.5,5.5,2026-08-06
2026-09-08,38,3122.8,6.0,2026-08-06
2026-09-09,38,2440.5,4.5,2026-08-06
2026-09-10,38,2725.9,5.0,2026-08-06
2026-09-11,38,2694.7,5.0,2026-08-06
2026-09-12,38,2642.7,5.0,2026-08-06
2026-09-13,38,2366.1,4.5,2026-08-06
2026-09-14,38,2986.6,5.5,2026-08-06
2026-09-15,38,3125.3,6.0,2026-08-06
2026-09-16,38,2468.5,4.5,2026-08-06
2026-09-17,38,2780.1,5.0,2026-08-06
2026-09-18,38,2745.7,5.0,2026-08-06
2026-09-19,38,2685.2,5.0,2026-08-06
2026-09-20,38,2406.1,4.5,2026-08-06
2026-09-21,38,3037.4,5.5,2026-08-06
2026-09-22,38,3187.1,6.0,2026-08-06
2026-09-23,38,2511.0,4.5,2026-08-06
2026-09-24,38,2823.3,5.5,2026-08-06
2026-09-25,38,2775.7,5.0,2026-08-06
2026-09-26,38,2705.5,5.0,2026-08-06
2026-09-27,38,2426.4,4.5,2026-08-06
2026-09-28,38,3067.5,5.5,2026-08-06
2026-09-29,38,3210.8,6.0,2026-08-06
2026-09-30,38,2518.8,4.5,2026-08-06
2026-10-01,38,2836.1,5.5,2026-08-06
2026-10-02,38,2802.8,5.0,2026-08-06
2026-10-03,38,2712.2,5.0,2026-08-06
2026-10-04,38,2433.4,4.5,2026-08-06
2026-10-05,38,3113.9,6.0,2026-08-06
2026-10-06,38,3236.2,6.0,2026-08-06
2026-10-07,38,2566.1,5.0,2026-08-06
2026-10-08,38,2838.6,5.5,2026-08-06
2026-10-09,38,2821.6,5.5,2026-08-06
2026-10-10,38,2704.8,5.0,2026-08-06
2026-10-11,38,2396.3,4.5,2026-08-06
2026-10-12,38,3075.0,5.5,2026-08-06
2026-07-15,39,286.0,1.0,2026-08-06
2026-07-16,39,308.3,1.0,2026-08-06
2026-07-17,39,288.5,1.0,2026-08-06
2026-07-18,39,484.5,1.0,2026-08-06
2026-07-19,39,15.0,1.0,2026-08-06
2026-07-20,39,284.2,1.0,2026-08-06
2026-07-21,39,320.8,1.0,2026-08-06
2026-07-22,39,313.0,1.0,2026-08-06
2026-07-23,39,336.1,1.0,2026-08-06
2026-07-24,39,310.6,1.0,2026-08-06
2026-07-25,39,504.9,1.0,2026-08-06
2026-07-26,39,14.6,1.0,2026-08-06
2026-07-27,39,289.6,1.0,2026-08-06
2026-07-28,39,331.0,1.0,2026-08-06
2026-07-29,39,322.8,1.0,2026-08-06
2026-07-30,39,346.3,1.0,2026-08-06
2026-07-31,39,331.5,1.0,2026-08-06
2026-08-01,39,528.1,1.0,2026-08-06
2026-08-02,39,15.8,1.0,2026-08-06
2026-08-03,39,312.4,1.0,2026-08-06
2026-08-04,39,354.3,1.0,2026-08-06
2026-08-05,39,345.3,1.0,2026-08-06
2026-08-06,39,367.5,1.0,2026-08-06
2026-08-07,39,349.0,1.0,2026-08-06
2026-08-08,39,548.8,1.0,2026-08-06
2026-08-09,39,14.1,1.0,2026-08-06
2026-08-10,39,323.8,1.0,2026-08-06
2026-08-11,39,375.0,1.0,2026-08-06
2026-08-12,39,372.5,1.0,2026-08-06
2026-08-13,39,394.4,1.0,2026-08-06
2026-08-14,39,373.6,1.0,2026-08-06
2026-08-15,39,396.8,1.0,2026-08-06
2026-08-16,39,123.8,1.0,2026-08-06
2026-08-17,39,398.1,1.0,2026-08-06
2026-08-18,39,440.1,1.0,2026-08-06
2026-08-19,39,401.7,1.0,2026-08-06
2026-08-20,39,411.6,1.0,2026-08-06
2026-08-21,39,374.1,1.0,2026-08-06
2026-08-22,39,405.4,1.0,2026-08-06
2026-08-23,39,141.1,1.0,2026-08-06
2026-08-24,39,399.2,1.0,2026-08-06
2026-08-25,39,437.0,1.0,2026-08-06
2026-08-26,39,397.1,1.0,2026-08-06
2026-08-27,39,341.9,1.0,2026-08-06
2026-08-28,39,380.0,1.0,2026-08-06
2026-08-29,39,566.4,1.0,2026-08-06
2026-08-30,39,15.0,1.0,2026-08-06
2026-08-31,39,335.8,1.0,2026-08-06
2026-09-01,39,379.7,1.0,2026-08-06
2026-09-02,39,370.7,1.0,2026-08-06
2026-09-03,39,392.9,1.0,2026-08-06
2026-09-04,39,377.2,1.0,2026-08-06
2026-09-05,39,587.6,1.0,2026-08-06
2026-09-06,39,13.1,1.0,2026-08-06
2026-09-07,39,354.4,1.0,2026-08-06
2026-09-08,39,439.0,1.0,2026-08-06
2026-09-09,39,388.2,1.0,2026-08-06
2026-09-10,39,456.5,1.0,2026-08-06
2026-09-11,39,400.0,1.0,2026-08-06
2026-09-12,39,611.6,1.0,2026-08-06
2026-09-13,39,12.7,1.0,2026-08-06
2026-09-14,39,417.1,1.0,2026-08-06
2026-09-15,39,495.5,1.0,2026-08-06
2026-09-16,39,410.2,1.0,2026-08-06
2026-09-17,39,455.8,1.0,2026-08-06
2026-09-18,39,412.7,1.0,2026-08-06
2026-09-19,39,643.8,1.0,2026-08-06
2026-09-20,39,11.5,1.0,2026-08-06
2026-09-21,39,405.3,1.0,2026-08-06
2026-09-22,39,476.8,1.0,2026-08-06
2026-09-23,39,401.3,1.0,2026-08-06
2026-09-24,39,491.5,1.0,2026-08-06
2026-09-25,39,415.0,1.0,2026-08-06
2026-09-26,39,626.6,1.0,2026-08-06
2026-09-27,39,12.0,1.0,2026-08-06
2026-09-28,39,417.6,1.0,2026-08-06
2026-09-29,39,496.8,1.0,2026-08-06
2026-09-30,39,402.7,1.0,2026-08-06
2026-10-01,39,497.8,1.0,2026-08-06
2026-10-02,39,406.4,1.0,2026-08-06
2026-10-03,39,627.0,1.0,2026-08-06
2026-10-04,39,11.8,1.0,2026-08-06
2026-10-05,39,424.1,1.0,2026-08-06
2026-10-06,39,498.0,1.0,2026-08-06
2026-10-07,39,398.1,1.0,2026-08-06
2026-10-08,39,506.5,1.0,2026-08-06
2026-10-09,39,403.2,1.0,2026-08-06
2026-10-10,39,629.6,1.0,2026-08-06
2026-10-11,39,11.7,1.0,2026-08-06
2026-10-12,39,424.0,1.0,2026-08-06
2026-07-15,40,3371.2,7.0,2026-08-06
2026-07-16,40,3557.8,7.5,2026-08-06
2026-07-17,40,3193.4,7.0,2026-08-06
2026-07-18,40,3077.0,6.5,2026-08-06
2026-07-19,40,2698.6,6.0,2026-08-06
2026-07-20,40,3873.9,8.5,2026-08-06
2026-07-21,40,3625.5,7.5,2026-08-06
2026-07-22,40,3342.3,7.0,2026-08-06
2026-07-23,40,3521.1,7.5,2026-08-06
2026-07-24,40,3158.0,6.5,2026-08-06
2026-07-25,40,3044.1,6.5,2026-08-06
2026-07-26,40,2678.0,5.5,2026-08-06
2026-07-27,40,3849.8,8.0,2026-08-06
2026-07-28,40,3614.3,7.5,2026-08-06
2026-07-29,40,3338.8,7.0,2026-08-06
2026-07-30,40,3523.1,7.5,2026-08-06
2026-07-31,40,3227.3,7.0,2026-08-06
2026-08-01,40,3162.5,7.0,2026-08-06
2026-08-02,40,2767.4,6.0,2026-08-06
2026-08-03,40,3992.6,8.5,2026-08-06
2026-08-04,40,3725.8,8.0,2026-08-06
2026-08-05,40,3437.2,7.5,2026-08-06
2026-08-06,40,3626.7,7.5,2026-08-06
2026-08-07,40,3231.3,7.0,2026-08-06
2026-08-08,40,3103.6,6.5,2026-08-06
2026-08-09,40,2680.5,5.5,2026-08-06
2026-08-10,40,3900.4,8.5,2026-08-06
2026-08-11,40,3620.6,7.5,2026-08-06
2026-08-12,40,3337.8,7.0,2026-08-06
2026-08-13,40,3522.0,7.5,2026-08-06
2026-08-14,40,3165.2,7.0,2026-08-06
2026-08-15,40,3129.8,6.5,2026-08-06
2026-08-16,40,2821.4,6.0,2026-08-06
2026-08-17,40,3920.3,8.5,2026-08-06
2026-08-18,40,3687.6,8.0,2026-08-06
2026-08-19,40,3418.8,7.5,2026-08-06
2026-08-20,40,3623.2,7.5,2026-08-06
2026-08-21,40,3302.9,7.0,2026-08-06
2026-08-22,40,3301.6,7.0,2026-08-06
2026-08-23,40,2945.6,6.5,2026-08-06
2026-08-24,40,4073.7,8.5,2026-08-06
2026-08-25,40,3804.5,8.0,2026-08-06
2026-08-26,40,3522.7,7.5,2026-08-06
2026-08-27,40,3549.2,7.5,2026-08-06
2026-08-28,40,3398.1,7.5,2026-08-06
2026-08-29,40,3297.8,7.0,2026-08-06
2026-08-30,40,2880.2,6.0,2026-08-06
2026-08-31,40,4102.8,9.0,2026-08-06
2026-09-01,40,3759.3,8.0,2026-08-06
2026-09-02,40,3423.1,7.5,2026-08-06
2026-09-03,40,3595.4,7.5,2026-08-06
2026-09-04,40,3183.3,7.0,2026-08-06
2026-09-05,40,3037.2,6.5,2026-08-06
2026-09-06,40,2605.0,5.5,2026-08-06
2026-09-07,40,3909.9,8.5,2026-08-06
2026-09-08,40,3600.3,7.5,2026-08-06
2026-09-09,40,3310.1,7.0,2026-08-06
2026-09-10,40,3501.6,7.5,2026-08-06
2026-09-11,40,3150.1,6.5,2026-08-06
2026-09-12,40,3021.4,6.5,2026-08-06
2026-09-13,40,2623.3,5.5,2026-08-06
2026-09-14,40,3924.0,8.5,2026-08-06
2026-09-15,40,3615.8,7.5,2026-08-06
2026-09-16,40,3318.6,7.0,2026-08-06
2026-09-17,40,3513.4,7.5,2026-08-06
2026-09-18,40,3165.8,7.0,2026-08-06
2026-09-19,40,3036.6,6.5,2026-08-06
2026-09-20,40,2639.3,5.5,2026-08-06
2026-09-21,40,3929.3,8.5,2026-08-06
2026-09-22,40,3621.0,7.5,2026-08-06
2026-09-23,40,3316.2,7.0,2026-08-06
2026-09-24,40,3497.0,7.5,2026-08-06
2026-09-25,40,3142.0,6.5,2026-08-06
2026-09-26,40,3012.6,6.5,2026-08-06
2026-09-27,40,2625.5,5.5,2026-08-06
2026-09-28,40,3921.0,8.5,2026-08-06
2026-09-29,40,3617.4,7.5,2026-08-06
2026-09-30,40,3316.7,7.0,2026-08-06
2026-10-01,40,3496.9,7.5,2026-08-06
2026-10-02,40,3152.0,6.5,2026-08-06
2026-10-03,40,3009.5,6.5,2026-08-06
2026-10-04,40,2604.9,5.5,2026-08-06
2026-10-05,40,3960.3,8.5,2026-08-06
2026-10-06,40,3609.1,7.5,2026-08-06
2026-10-07,40,3282.0,7.0,2026-08-06
2026-10-08,40,3449.8,7.5,2026-08-06
2026-10-09,40,3098.0,6.5,2026-08-06
2026-10-10,40,2933.9,6.5,2026-08-06
2026-10-11,40,2544.9,5.5,2026-08-06
2026-10-12,40,3930.6,8.5,2026-08-06
2026-07-15,41,4688.8,13.5,2026-08-06
2026-07-16,41,5642.4,16.0,2026-08-06
2026-07-17,41,4876.6,14.0,2026-08-06
2026-07-18,41,4320.7,12.5,2026-08-06
2026-07-19,41,3752.6,10.5,2026-08-06
2026-07-20,41,6386.0,18.0,2026-08-06
2026-07-21,41,5424.6,15.5,2026-08-06
2026-07-22,41,4824.5,14.0,2026-08-06
2026-07-23,41,5817.9,16.5,2026-08-06
2026-07-24,41,4983.5,14.0,2026-08-06
2026-07-25,41,4374.4,12.5,2026-08-06
2026-07-26,41,3759.7,10.5,2026-08-06
2026-07-27,41,6420.1,18.5,2026-08-06
2026-07-28,41,5444.0,15.5,2026-08-06
2026-07-29,41,4847.3,14.0,2026-08-06
2026-07-30,41,5855.8,16.5,2026-08-06
2026-07-31,41,5051.0,14.5,2026-08-06
2026-08-01,41,4968.1,14.0,2026-08-06
2026-08-02,41,4108.8,11.5,2026-08-06
2026-08-03,41,6605.2,19.0,2026-08-06
2026-08-04,41,5692.6,16.5,2026-08-06
2026-08-05,41,5016.5,14.5,2026-08-06
2026-08-06,41,6011.7,17.0,2026-08-06
2026-08-07,41,5044.2,14.5,2026-08-06
2026-08-08,41,4322.3,12.5,2026-08-06
2026-08-09,41,3639.3,10.5,2026-08-06
2026-08-10,41,6460.4,18.5,2026-08-06
2026-08-11,41,5382.2,15.5,2026-08-06
2026-08-12,41,4735.2,13.5,2026-08-06
2026-08-13,41,5781.0,16.5,2026-08-06
2026-08-14,41,4948.0,14.0,2026-08-06
2026-08-15,41,4525.5,13.0,2026-08-06
2026-08-16,41,4192.9,12.0,2026-08-06
2026-08-17,41,6419.5,18.5,2026-08-06
2026-08-18,41,5599.8,16.0,2026-08-06
2026-08-19,41,4947.2,14.0,2026-08-06
2026-08-20,41,5982.1,17.0,2026-08-06
2026-08-21,41,5037.4,14.5,2026-08-06
2026-08-22,41,5295.9,15.0,2026-08-06
2026-08-23,41,4519.7,13.0,2026-08-06
2026-08-24,41,6521.7,18.5,2026-08-06
2026-08-25,41,5776.8,16.5,2026-08-06
2026-08-26,41,5063.9,14.5,2026-08-06
2026-08-27,41,5611.5,16.0,2026-08-06
2026-08-28,41,5406.3,15.5,2026-08-06
2026-08-29,41,4582.7,13.0,2026-08-06
2026-08-30,41,3895.6,11.0,2026-08-06
2026-08-31,41,6581.3,19.0,2026-08-06
2026-09-01,41,5565.3,16.0,2026-08-06
2026-09-02,41,4889.9,14.0,2026-08-06
2026-09-03,41,5913.0,17.0,2026-08-06
2026-09-04,41,4997.4,14.5,2026-08-06
2026-09-05,41,4226.8,12.0,2026-08-06
2026-09-06,41,3567.9,10.0,2026-08-06
2026-09-07,41,6504.2,18.5,2026-08-06
2026-09-08,41,5330.1,15.0,2026-08-06
2026-09-09,41,4618.6,13.0,2026-08-06
2026-09-10,41,5697.0,16.5,2026-08-06
2026-09-11,41,4893.9,14.0,2026-08-06
2026-09-12,41,4182.5,12.0,2026-08-06
2026-09-13,41,3593.6,10.5,2026-08-06
2026-09-14,41,6567.7,19.0,2026-08-06
2026-09-15,41,5400.7,15.5,2026-08-06
2026-09-16,41,4706.2,13.5,2026-08-06
2026-09-17,41,5803.5,16.5,2026-08-06
2026-09-18,41,4987.6,14.0,2026-08-06
2026-09-19,41,4265.2,12.0,2026-08-06
2026-09-20,41,3649.6,10.5,2026-08-06
2026-09-21,41,6614.8,19.0,2026-08-06
2026-09-22,41,5456.6,15.5,2026-08-06
2026-09-23,41,4759.0,13.5,2026-08-06
2026-09-24,41,5836.8,16.5,2026-08-06
2026-09-25,41,4997.7,14.5,2026-08-06
2026-09-26,41,4266.2,12.0,2026-08-06
2026-09-27,41,3638.9,10.5,2026-08-06
2026-09-28,41,6608.2,19.0,2026-08-06
2026-09-29,41,5449.9,15.5,2026-08-06
2026-09-30,41,4754.1,13.5,2026-08-06
2026-10-01,41,5835.2,16.5,2026-08-06
2026-10-02,41,4997.3,14.5,2026-08-06
2026-10-03,41,4243.2,12.0,2026-08-06
2026-10-04,41,3617.7,10.5,2026-08-06
2026-10-05,41,6662.5,19.0,2026-08-06
2026-10-06,41,5435.3,15.5,2026-08-06
2026-10-07,41,4678.3,13.5,2026-08-06
2026-10-08,41,5763.1,16.5,2026-08-06
2026-10-09,41,4946.6,14.0,2026-08-06
2026-10-10,41,4144.2,12.0,2026-08-06
2026-10-11,41,3549.5,10.0,2026-08-06
2026-10-12,41,6632.3,19.0,2026-08-06
2026-07-15,42,5276.1,17.0,2026-08-06
2026-07-16,42,5706.2,18.5,2026-08-06
2026-07-17,42,5175.5,17.0,2026-08-06
2026-07-18,42,5541.1,18.0,2026-08-06
2026-07-19,42,6209.0,20.5,2026-08-06
2026-07-20,42,5658.0,18.5,2026-08-06
2026-07-21,42,5488.9,18.0,2026-08-06
2026-07-22,42,4962.1,16.0,2026-08-06
2026-07-23,42,5248.1,17.0,2026-08-06
2026-07-24,42,4805.7,15.5,2026-08-06
2026-07-25,42,5118.6,16.5,2026-08-06
2026-07-26,42,5838.9,19.0,2026-08-06
2026-07-27,42,5501.7,18.0,2026-08-06
2026-07-28,42,5341.6,17.5,2026-08-06
2026-07-29,42,4871.6,16.0,2026-08-06
2026-07-30,42,5136.1,17.0,2026-08-06
2026-07-31,42,5222.3,17.0,2026-08-06
2026-08-01,42,5345.2,17.5,2026-08-06
2026-08-02,42,5955.1,19.5,2026-08-06
2026-08-03,42,5915.6,19.5,2026-08-06
2026-08-04,42,5767.5,19.0,2026-08-06
2026-08-05,42,5331.2,17.5,2026-08-06
2026-08-06,42,5689.5,18.5,2026-08-06
2026-08-07,42,5204.9,17.0,2026-08-06
2026-08-08,42,5469.2,18.0,2026-08-06
2026-08-09,42,6020.5,19.5,2026-08-06
2026-08-10,42,5561.2,18.0,2026-08-06
2026-08-11,42,5305.0,17.5,2026-08-06
2026-08-12,42,4760.4,15.5,2026-08-06
2026-08-13,42,4948.7,16.0,2026-08-06
2026-08-14,42,4567.7,15.0,2026-08-06
2026-08-15,42,5000.4,16.5,2026-08-06
2026-08-16,42,5409.3,17.5,2026-08-06
2026-08-17,42,5444.2,18.0,2026-08-06
2026-08-18,42,5452.6,18.0,2026-08-06
2026-08-19,42,5051.8,16.5,2026-08-06
2026-08-20,42,5344.0,17.5,2026-08-06
2026-08-21,42,5521.8,18.0,2026-08-06
2026-08-22,42,5693.8,18.5,2026-08-06
2026-08-23,42,5920.7,19.5,2026-08-06
2026-08-24,42,5942.8,19.5,2026-08-06
2026-08-25,42,5838.7,19.0,2026-08-06
2026-08-26,42,5360.1,17.5,2026-08-06
2026-08-27,42,6163.8,20.0,2026-08-06
2026-08-28,42,5518.7,18.0,2026-08-06
2026-08-29,42,5688.5,18.5,2026-08-06
2026-08-30,42,6338.5,20.5,2026-08-06
2026-08-31,42,5989.9,19.5,2026-08-06
2026-09-01,42,5693.5,18.5,2026-08-06
2026-09-02,42,5105.3,16.5,2026-08-06
2026-09-03,42,5339.9,17.5,2026-08-06
2026-09-04,42,4841.6,16.0,2026-08-06
2026-09-05,42,5094.5,16.5,2026-08-06
2026-09-06,42,5697.3,18.5,2026-08-06
2026-09-07,42,5477.3,18.0,2026-08-06
2026-09-08,42,5252.3,17.0,2026-08-06
2026-09-09,42,4737.8,15.5,2026-08-06
2026-09-10,42,4882.8,16.0,2026-08-06
2026-09-11,42,4525.0,15.0,2026-08-06
2026-09-12,42,4768.6,15.5,2026-08-06
2026-09-13,42,5414.5,17.5,2026-08-06
2026-09-14,42,5386.0,17.5,2026-08-06
2026-09-15,42,5225.3,17.0,2026-08-06
2026-09-16,42,4791.5,15.5,2026-08-06
2026-09-17,42,4979.0,16.5,2026-08-06
2026-09-18,42,4683.4,15.5,2026-08-06
2026-09-19,42,5033.1,16.5,2026-08-06
2026-09-20,42,5667.7,18.5,2026-08-06
2026-09-21,42,5552.0,18.0,2026-08-06
2026-09-22,42,5349.8,17.5,2026-08-06
2026-09-23,42,4902.3,16.0,2026-08-06
2026-09-24,42,5137.9,17.0,2026-08-06
2026-09-25,42,4838.6,16.0,2026-08-06
2026-09-26,42,5210.7,17.0,2026-08-06
2026-09-27,42,5820.2,19.0,2026-08-06
2026-09-28,42,5617.5,18.5,2026-08-06
2026-09-29,42,5396.8,17.5,2026-08-06
2026-09-30,42,4932.5,16.0,2026-08-06
2026-10-01,42,5168.7,17.0,2026-08-06
2026-10-02,42,4808.6,15.5,2026-08-06
2026-10-03,42,5159.7,17.0,2026-08-06
2026-10-04,42,5719.8,18.5,2026-08-06
2026-10-05,42,5589.6,18.0,2026-08-06
2026-10-06,42,5343.7,17.5,2026-08-06
2026-10-07,42,4884.1,16.0,2026-08-06
2026-10-08,42,5076.5,16.5,2026-08-06
2026-10-09,42,4789.6,15.5,2026-08-06
2026-10-10,42,5148.0,17.0,2026-08-06
2026-10-11,42,5685.2,18.5,2026-08-06
2026-10-12,42,5586.1,18.0,2026-08-06
2026-07-15,43,1436.7,2.5,2026-08-06
2026-07-16,43,1157.4,2.0,2026-08-06
2026-07-17,43,987.4,2.0,2026-08-06
2026-07-18,43,885.8,1.5,2026-08-06
2026-07-19,43,998.0,2.0,2026-08-06
2026-07-20,43,1454.7,2.5,2026-08-06
2026-07-21,43,1116.6,2.0,2026-08-06
2026-07-22,43,1334.4,2.5,2026-08-06
2026-07-23,43,1069.7,2.0,2026-08-06
2026-07-24,43,935.1,1.5,2026-08-06
2026-07-25,43,858.0,1.5,2026-08-06
2026-07-26,43,987.5,2.0,2026-08-06
2026-07-27,43,1464.1,2.5,2026-08-06
2026-07-28,43,1137.1,2.0,2026-08-06
2026-07-29,43,1361.8,2.5,2026-08-06
2026-07-30,43,1089.0,2.0,2026-08-06
2026-07-31,43,1083.9,2.0,2026-08-06
2026-08-01,43,940.0,2.0,2026-08-06
2026-08-02,43,1058.5,2.0,2026-08-06
2026-08-03,43,1498.3,3.0,2026-08-06
2026-08-04,43,1216.9,2.5,2026-08-06
2026-08-05,43,1418.3,2.5,2026-08-06
2026-08-06,43,1108.4,2.0,2026-08-06
2026-08-07,43,945.2,2.0,2026-08-06
2026-08-08,43,865.4,1.5,2026-08-06
2026-08-09,43,1000.5,2.0,2026-08-06
2026-08-10,43,1483.2,3.0,2026-08-06
2026-08-11,43,1141.2,2.0,2026-08-06
2026-08-12,43,1357.5,2.5,2026-08-06
2026-08-13,43,1070.3,2.0,2026-08-06
2026-08-14,43,927.6,1.5,2026-08-06
2026-08-15,43,955.9,2.0,2026-08-06
2026-08-16,43,1044.5,2.0,2026-08-06
2026-08-17,43,1516.4,3.0,2026-08-06
2026-08-18,43,1181.2,2.0,2026-08-06
2026-08-19,43,1353.5,2.5,2026-08-06
2026-08-20,43,1026.9,2.0,2026-08-06
2026-08-21,43,1025.3,2.0,2026-08-06
2026-08-22,43,979.7,2.0,2026-08-06
2026-08-23,43,1074.3,2.0,2026-08-06
2026-08-24,43,1483.5,3.0,2026-08-06
2026-08-25,43,1271.6,2.5,2026-08-06
2026-08-26,43,1429.9,2.5,2026-08-06
2026-08-27,43,1122.2,2.0,2026-08-06
2026-08-28,43,982.0,2.0,2026-08-06
2026-08-29,43,934.1,1.5,2026-08-06
2026-08-30,43,1119.3,2.0,2026-08-06
2026-08-31,43,1583.3,3.0,2026-08-06
2026-09-01,43,1353.2,2.5,2026-08-06
2026-09-02,43,1626.4,3.0,2026-08-06
2026-09-03,43,1296.6,2.5,2026-08-06
2026-09-04,43,1024.2,2.0,2026-08-06
2026-09-05,43,935.4,2.0,2026-08-06
2026-09-06,43,1064.9,2.0,2026-08-06
2026-09-07,43,1518.0,3.0,2026-08-06
2026-09-08,43,1146.6,2.0,2026-08-06
2026-09-09,43,1374.4,2.5,2026-08-06
2026-09-10,43,1057.5,2.0,2026-08-06
2026-09-11,43,919.8,1.5,2026-08-06
2026-09-12,43,855.5,1.5,2026-08-06
2026-09-13,43,998.7,2.0,2026-08-06
2026-09-14,43,1487.1,3.0,2026-08-06
2026-09-15,43,1123.4,2.0,2026-08-06
2026-09-16,43,1330.0,2.5,2026-08-06
2026-09-17,43,1039.4,2.0,2026-08-06
2026-09-18,43,903.9,1.5,2026-08-06
2026-09-19,43,836.6,1.5,2026-08-06
2026-09-20,43,948.4,2.0,2026-08-06
2026-09-21,43,1431.6,2.5,2026-08-06
2026-09-22,43,1060.0,2.0,2026-08-06
2026-09-23,43,1242.1,2.5,2026-08-06
2026-09-24,43,961.6,2.0,2026-08-06
2026-09-25,43,863.4,1.5,2026-08-06
2026-09-26,43,800.1,1.5,2026-08-06
2026-09-27,43,933.0,1.5,2026-08-06
2026-09-28,43,1439.3,2.5,2026-08-06
2026-09-29,43,1080.1,2.0,2026-08-06
2026-09-30,43,1256.7,2.5,2026-08-06
2026-10-01,43,969.2,2.0,2026-08-06
2026-10-02,43,855.9,1.5,2026-08-06
2026-10-03,43,800.0,1.5,2026-08-06
2026-10-04,43,925.0,1.5,2026-08-06
2026-10-05,43,1403.5,2.5,2026-08-06
2026-10-06,43,1035.3,2.0,2026-08-06
2026-10-07,43,1177.8,2.0,2026-08-06
2026-10-08,43,908.0,1.5,2026-08-06
2026-10-09,43,832.5,1.5,2026-08-06
2026-10-10,43,785.4,1.5,2026-08-06
2026-10-11,43,908.7,1.5,2026-08-06
2026-10-12,43,1386.8,2.5,2026-08-06
2026-07-15,5,8241.1,12.5,2026-08-06
2026-07-16,5,8125.8,12.0,2026-08-06
2026-07-17,5,7539.7,11.5,2026-08-06
2026-07-18,5,7283.6,11.0,2026-08-06
2026-07-19,5,6567.1,10.0,2026-08-06
2026-07-20,5,8216.3,12.5,2026-08-06
2026-07-21,5,8104.6,12.0,2026-08-06
2026-07-22,5,7994.7,12.0,2026-08-06
2026-07-23,5,7822.0,11.5,2026-08-06
2026-07-24,5,7216.8,11.0,2026-08-06
2026-07-25,5,6968.1,10.5,2026-08-06
2026-07-26,5,6250.1,9.5,2026-08-06
2026-07-27,5,7808.0,11.5,2026-08-06
2026-07-28,5,7762.6,11.5,2026-08-06
2026-07-29,5,7638.7,11.5,2026-08-06
2026-07-30,5,7546.8,11.5,2026-08-06
2026-07-31,5,7097.7,10.5,2026-08-06
2026-08-01,5,6978.2,10.5,2026-08-06
2026-08-02,5,6445.6,9.5,2026-08-06
2026-08-03,5,7975.4,12.0,2026-08-06
2026-08-04,5,7905.2,12.0,2026-08-06
2026-08-05,5,7781.0,11.5,2026-08-06
2026-08-06,5,7690.0,11.5,2026-08-06
2026-08-07,5,7149.8,10.5,2026-08-06
2026-08-08,5,6990.8,10.5,2026-08-06
2026-08-09,5,6362.3,9.5,2026-08-06
2026-08-10,5,7892.6,12.0,2026-08-06
2026-08-11,5,7831.0,12.0,2026-08-06
2026-08-12,5,7695.5,11.5,2026-08-06
2026-08-13,5,7606.3,11.5,2026-08-06
2026-08-14,5,7068.6,10.5,2026-08-06
2026-08-15,5,6932.2,10.5,2026-08-06
2026-08-16,5,6419.1,9.5,2026-08-06
2026-08-17,5,7871.2,12.0,2026-08-06
2026-08-18,5,7838.3,12.0,2026-08-06
2026-08-19,5,7721.4,11.5,2026-08-06
2026-08-20,5,7656.7,11.5,2026-08-06
2026-08-21,5,7296.5,11.0,2026-08-06
2026-08-22,5,7229.6,11.0,2026-08-06
2026-08-23,5,6725.1,10.0,2026-08-06
2026-08-24,5,8176.5,12.5,2026-08-06
2026-08-25,5,8072.3,12.0,2026-08-06
2026-08-26,5,7948.1,12.0,2026-08-06
2026-08-27,5,7708.3,11.5,2026-08-06
2026-08-28,5,7438.8,11.0,2026-08-06
2026-08-29,5,7340.9,11.0,2026-08-06
2026-08-30,5,6725.2,10.0,2026-08-06
2026-08-31,5,8245.9,12.5,2026-08-06
2026-09-01,5,8096.5,12.0,2026-08-06
2026-09-02,5,7985.5,12.0,2026-08-06
2026-09-03,5,7893.4,12.0,2026-08-06
2026-09-04,5,7361.2,11.0,2026-08-06
2026-09-05,5,7180.7,11.0,2026-08-06
2026-09-06,5,6493.3,10.0,2026-08-06
2026-09-07,5,8156.0,12.0,2026-08-06
2026-09-08,5,8045.9,12.0,2026-08-06
2026-09-09,5,7908.1,12.0,2026-08-06
2026-09-10,5,7819.2,11.5,2026-08-06
2026-09-11,5,7286.7,11.0,2026-08-06
2026-09-12,5,7093.4,10.5,2026-08-06
2026-09-13,5,6400.4,9.5,2026-08-06
2026-09-14,5,8083.9,12.0,2026-08-06
2026-09-15,5,7995.2,12.0,2026-08-06
2026-09-16,5,7862.4,12.0,2026-08-06
2026-09-17,5,7749.4,11.5,2026-08-06
2026-09-18,5,7195.7,11.0,2026-08-06
2026-09-19,5,7017.9,10.5,2026-08-06
2026-09-20,5,6345.0,9.5,2026-08-06
2026-09-21,5,8013.7,12.0,2026-08-06
2026-09-22,5,7941.0,12.0,2026-08-06
2026-09-23,5,7815.8,11.5,2026-08-06
2026-09-24,5,7752.6,11.5,2026-08-06
2026-09-25,5,7231.7,11.0,2026-08-06
2026-09-26,5,7039.3,10.5,2026-08-06
2026-09-27,5,6333.7,9.5,2026-08-06
2026-09-28,5,8054.0,12.0,2026-08-06
2026-09-29,5,7966.6,12.0,2026-08-06
2026-09-30,5,7834.4,12.0,2026-08-06
2026-10-01,5,7766.4,11.5,2026-08-06
2026-10-02,5,7260.0,11.0,2026-08-06
2026-10-03,5,7073.7,10.5,2026-08-06
2026-10-04,5,6277.7,9.5,2026-08-06
2026-10-05,5,8254.9,12.5,2026-08-06
2026-10-06,5,8163.6,12.5,2026-08-06
2026-10-07,5,8063.5,12.0,2026-08-06
2026-10-08,5,8005.9,12.0,2026-08-06
2026-10-09,5,7471.4,11.0,2026-08-06
2026-10-10,5,7167.0,11.0,2026-08-06
2026-10-11,5,6215.0,9.5,2026-08-06
2026-10-12,5,8344.8,12.5,2026-08-06
2026-07-15,6,3960.5,4.0,2026-08-06
2026-07-16,6,4357.1,4.5,2026-08-06
2026-07-17,6,3980.9,4.0,2026-08-06
2026-07-18,6,3375.4,3.5,2026-08-06
2026-07-19,6,1700.1,1.5,2026-08-06
2026-07-20,6,4319.9,4.5,2026-08-06
2026-07-21,6,4446.9,4.5,2026-08-06
2026-07-22,6,3701.7,3.5,2026-08-06
2026-07-23,6,4045.7,4.0,2026-08-06
2026-07-24,6,3688.7,3.5,2026-08-06
2026-07-25,6,3193.2,3.0,2026-08-06
2026-07-26,6,1633.7,1.5,2026-08-06
2026-07-27,6,4078.6,4.0,2026-08-06
2026-07-28,6,4231.4,4.0,2026-08-06
2026-07-29,6,3523.1,3.5,2026-08-06
2026-07-30,6,3879.8,4.0,2026-08-06
2026-07-31,6,3640.3,3.5,2026-08-06
2026-08-01,6,3230.0,3.0,2026-08-06
2026-08-02,6,1663.4,1.5,2026-08-06
2026-08-03,6,4330.1,4.5,2026-08-06
2026-08-04,6,4421.7,4.5,2026-08-06
2026-08-05,6,3645.5,3.5,2026-08-06
2026-08-06,6,3944.7,4.0,2026-08-06
2026-08-07,6,3557.0,3.5,2026-08-06
2026-08-08,6,3113.8,3.0,2026-08-06
2026-08-09,6,1636.0,1.5,2026-08-06
2026-08-10,6,3997.0,4.0,2026-08-06
2026-08-11,6,4151.0,4.0,2026-08-06
2026-08-12,6,3434.9,3.5,2026-08-06
2026-08-13,6,3788.3,4.0,2026-08-06
2026-08-14,6,3464.8,3.5,2026-08-06
2026-08-15,6,3050.7,3.0,2026-08-06
2026-08-16,6,2072.9,2.0,2026-08-06
2026-08-17,6,5161.3,5.0,2026-08-06
2026-08-18,6,5313.5,5.5,2026-08-06
2026-08-19,6,4437.3,4.5,2026-08-06
2026-08-20,6,4678.4,4.5,2026-08-06
2026-08-21,6,4440.8,4.5,2026-08-06
2026-08-22,6,4729.8,4.5,2026-08-06
2026-08-23,6,3291.4,3.5,2026-08-06
2026-08-24,6,6499.1,6.5,2026-08-06
2026-08-25,6,6472.7,6.5,2026-08-06
2026-08-26,6,5322.8,5.5,2026-08-06
2026-08-27,6,5732.3,5.5,2026-08-06
2026-08-28,6,5174.3,5.0,2026-08-06
2026-08-29,6,4150.1,4.0,2026-08-06
2026-08-30,6,2063.4,2.0,2026-08-06
2026-08-31,6,5222.0,5.0,2026-08-06
2026-09-01,6,5336.7,5.5,2026-08-06
2026-09-02,6,4389.6,4.5,2026-08-06
2026-09-03,6,4761.3,5.0,2026-08-06
2026-09-04,6,4374.5,4.5,2026-08-06
2026-09-05,6,3625.1,3.5,2026-08-06
2026-09-06,6,1898.9,2.0,2026-08-06
2026-09-07,6,5192.9,5.0,2026-08-06
2026-09-08,6,5425.5,5.5,2026-08-06
2026-09-09,6,4601.0,4.5,2026-08-06
2026-09-10,6,5142.1,5.0,2026-08-06
2026-09-11,6,4796.1,5.0,2026-08-06
2026-09-12,6,3979.5,4.0,2026-08-06
2026-09-13,6,2035.6,2.0,2026-08-06
2026-09-14,6,5633.9,5.5,2026-08-06
2026-09-15,6,5891.2,6.0,2026-08-06
2026-09-16,6,4989.4,5.0,2026-08-06
2026-09-17,6,5382.0,5.5,2026-08-06
2026-09-18,6,4961.0,5.0,2026-08-06
2026-09-19,6,4070.9,4.0,2026-08-06
2026-09-20,6,2021.5,2.0,2026-08-06
2026-09-21,6,5493.5,5.5,2026-08-06
2026-09-22,6,5717.2,5.5,2026-08-06
2026-09-23,6,4828.4,5.0,2026-08-06
2026-09-24,6,5380.6,5.5,2026-08-06
2026-09-25,6,4980.4,5.0,2026-08-06
2026-09-26,6,4097.8,4.0,2026-08-06
2026-09-27,6,2063.3,2.0,2026-08-06
2026-09-28,6,5728.8,5.5,2026-08-06
2026-09-29,6,5956.6,6.0,2026-08-06
2026-09-30,6,5029.7,5.0,2026-08-06
2026-10-01,6,5567.0,5.5,2026-08-06
2026-10-02,6,5091.8,5.0,2026-08-06
2026-10-03,6,4138.2,4.0,2026-08-06
2026-10-04,6,2112.1,2.0,2026-08-06
2026-10-05,6,5949.2,6.0,2026-08-06
2026-10-06,6,6193.0,6.0,2026-08-06
2026-10-07,6,5259.4,5.5,2026-08-06
2026-10-08,6,5876.9,6.0,2026-08-06
2026-10-09,6,5470.9,5.5,2026-08-06
2026-10-10,6,4404.1,4.5,2026-08-06
2026-10-11,6,2232.7,2.0,2026-08-06
2026-10-12,6,6235.9,6.5,2026-08-06
2026-07-01,73,0.0,0.0,2026-08-06
2026-07-02,73,0.0,0.0,2026-08-06
2026-07-03,73,0.0,0.0,2026-08-06
2026-07-04,73,0.0,0.0,2026-08-06
2026-07-05,73,0.0,0.0,2026-08-06
2026-07-06,73,0.0,0.0,2026-08-06
2026-07-07,73,0.0,0.0,2026-08-06
2026-07-08,73,0.0,0.0,2026-08-06
2026-07-09,73,0.0,0.0,2026-08-06
2026-07-10,73,0.0,0.0,2026-08-06
2026-07-11,73,0.0,0.0,2026-08-06
2026-07-12,73,0.0,0.0,2026-08-06
2026-07-13,73,0.0,0.0,2026-08-06
2026-07-14,73,0.0,0.0,2026-08-06
2026-07-15,73,0.0,0.0,2026-08-06
2026-07-16,73,0.0,0.0,2026-08-06
2026-07-17,73,0.0,0.0,2026-08-06
2026-07-18,73,0.0,0.0,2026-08-06
2026-07-19,73,0.0,0.0,2026-08-06
2026-07-20,73,0.0,0.0,2026-08-06
2026-07-21,73,0.0,0.0,2026-08-06
2026-07-22,73,0.0,0.0,2026-08-06
2026-07-23,73,0.0,0.0,2026-08-06
2026-07-24,73,0.0,0.0,2026-08-06
2026-07-25,73,0.0,0.0,2026-08-06
2026-07-26,73,0.0,0.0,2026-08-06
2026-07-27,73,0.0,0.0,2026-08-06
2026-07-28,73,0.0,0.0,2026-08-06
2026-07-29,73,0.0,0.0,2026-08-06
2026-07-30,73,0.0,0.0,2026-08-06
2026-07-31,73,0.0,0.0,2026-08-06
2026-08-01,73,0.0,0.0,2026-08-06
2026-08-02,73,0.0,0.0,2026-08-06
2026-08-03,73,0.0,0.0,2026-08-06
2026-08-04,73,0.0,0.0,2026-08-06
2026-08-05,73,0.0,0.0,2026-08-06
2026-08-06,73,0.0,0.0,2026-08-06
2026-08-07,73,0.0,0.0,2026-08-06
2026-08-08,73,0.0,0.0,2026-08-06
2026-08-09,73,0.0,0.0,2026-08-06
2026-08-10,73,0.0,0.0,2026-08-06
2026-08-11,73,0.0,0.0,2026-08-06
2026-08-12,73,0.0,0.0,2026-08-06
2026-08-13,73,0.0,0.0,2026-08-06
2026-08-14,73,0.0,0.0,2026-08-06
2026-08-15,73,0.0,0.0,2026-08-06
2026-08-16,73,0.0,0.0,2026-08-06
2026-08-17,73,0.0,0.0,2026-08-06
2026-08-18,73,0.0,0.0,2026-08-06
2026-08-19,73,0.0,0.0,2026-08-06
2026-08-20,73,0.0,0.0,2026-08-06
2026-08-21,73,0.0,0.0,2026-08-06
2026-08-22,73,0.0,0.0,2026-08-06
2026-08-23,73,0.0,0.0,2026-08-06
2026-08-24,73,0.0,0.0,2026-08-06
2026-08-25,73,0.0,0.0,2026-08-06
2026-08-26,73,0.0,0.0,2026-08-06
2026-08-27,73,0.0,0.0,2026-08-06
2026-08-28,73,0.0,0.0,2026-08-06
2026-08-29,73,0.0,0.0,2026-08-06
2026-08-30,73,0.0,0.0,2026-08-06
2026-08-31,73,0.0,0.0,2026-08-06
2026-09-01,73,-4.8,0.0,2026-08-06
2026-09-02,73,111.2,1.0,2026-08-06
2026-09-03,73,28.6,1.0,2026-08-06
2026-09-04,73,66.9,1.0,2026-08-06
2026-09-05,73,-24.2,0.0,2026-08-06
2026-09-06,73,-42.2,0.0,2026-08-06
2026-09-07,73,63.9,1.0,2026-08-06
2026-09-08,73,-9.7,0.0,2026-08-06
2026-09-09,73,84.5,1.0,2026-08-06
2026-09-10,73,88.6,1.0,2026-08-06
2026-09-11,73,482.8,2.0,2026-08-06
2026-09-12,73,177.4,1.0,2026-08-06
2026-09-13,73,10.6,1.0,2026-08-06
2026-09-14,73,841.4,3.5,2026-08-06
2026-09-15,73,908.9,3.5,2026-08-06
2026-09-16,73,898.4,3.5,2026-08-06
2026-09-17,73,838.8,3.5,2026-08-06
2026-09-18,73,642.3,2.5,2026-08-06
2026-09-19,73,174.2,1.0,2026-08-06
2026-09-20,73,-32.2,0.0,2026-08-06
2026-09-21,73,522.2,2.0,2026-08-06
2026-09-22,73,620.7,2.5,2026-08-06
2026-09-23,73,800.6,3.0,2026-08-06
2026-09-24,73,814.1,3.5,2026-08-06
2026-09-25,73,649.7,2.5,2026-08-06
2026-09-26,73,213.5,1.0,2026-08-06
2026-09-27,73,32.9,1.0,2026-08-06
2026-09-28,73,944.1,4.0,2026-08-06
2026-07-15,8,5170.3,6.0,2026-08-06
2026-07-16,8,5373.2,6.0,2026-08-06
2026-07-17,8,5131.7,6.0,2026-08-06
2026-07-18,8,4948.8,5.5,2026-08-06
2026-07-19,8,4278.6,5.0,2026-08-06
2026-07-20,8,5182.3,6.0,2026-08-06
2026-07-21,8,5208.7,6.0,2026-08-06
2026-07-22,8,5165.5,6.0,2026-08-06
2026-07-23,8,5122.2,6.0,2026-08-06
2026-07-24,8,4706.9,5.5,2026-08-06
2026-07-25,8,4439.0,5.0,2026-08-06
2026-07-26,8,3829.0,4.5,2026-08-06
2026-07-27,8,4742.8,5.5,2026-08-06
2026-07-28,8,4860.5,5.5,2026-08-06
2026-07-29,8,4854.3,5.5,2026-08-06
2026-07-30,8,4826.9,5.5,2026-08-06
2026-07-31,8,4354.7,5.0,2026-08-06
2026-08-01,8,4255.5,5.0,2026-08-06
2026-08-02,8,3712.3,4.5,2026-08-06
2026-08-03,8,4645.4,5.5,2026-08-06
2026-08-04,8,4798.4,5.5,2026-08-06
2026-08-05,8,4817.6,5.5,2026-08-06
2026-08-06,8,4806.4,5.5,2026-08-06
2026-08-07,8,4427.6,5.0,2026-08-06
2026-08-08,8,4209.6,5.0,2026-08-06
2026-08-09,8,3692.2,4.0,2026-08-06
2026-08-10,8,4652.0,5.5,2026-08-06
2026-08-11,8,4816.6,5.5,2026-08-06
2026-08-12,8,4819.7,5.5,2026-08-06
2026-08-13,8,4783.7,5.5,2026-08-06
2026-08-14,8,4374.0,5.0,2026-08-06
2026-08-15,8,4000.5,4.5,2026-08-06
2026-08-16,8,3694.1,4.0,2026-08-06
2026-08-17,8,4539.0,5.0,2026-08-06
2026-08-18,8,4698.3,5.5,2026-08-06
2026-08-19,8,4707.8,5.5,2026-08-06
2026-08-20,8,4715.7,5.5,2026-08-06
2026-08-21,8,4291.4,5.0,2026-08-06
2026-08-22,8,4130.1,4.5,2026-08-06
2026-08-23,8,3793.0,4.5,2026-08-06
2026-08-24,8,4611.8,5.5,2026-08-06
2026-08-25,8,4741.3,5.5,2026-08-06
2026-08-26,8,4745.1,5.5,2026-08-06
2026-08-27,8,4524.6,5.0,2026-08-06
2026-08-28,8,4459.9,5.0,2026-08-06
2026-08-29,8,4330.8,5.0,2026-08-06
2026-08-30,8,3825.7,4.5,2026-08-06
2026-08-31,8,4752.6,5.5,2026-08-06
2026-09-01,8,4869.8,5.5,2026-08-06
2026-09-02,8,4856.2,5.5,2026-08-06
2026-09-03,8,4840.9,5.5,2026-08-06
2026-09-04,8,4473.1,5.0,2026-08-06
2026-09-05,8,4272.6,5.0,2026-08-06
2026-09-06,8,3767.7,4.5,2026-08-06
2026-09-07,8,4731.3,5.5,2026-08-06
2026-09-08,8,4893.1,5.5,2026-08-06
2026-09-09,8,4896.1,5.5,2026-08-06
2026-09-10,8,4862.7,5.5,2026-08-06
2026-09-11,8,4465.5,5.0,2026-08-06
2026-09-12,8,4239.2,5.0,2026-08-06
2026-09-13,8,3722.5,4.5,2026-08-06
2026-09-14,8,4695.0,5.5,2026-08-06
2026-09-15,8,4870.0,5.5,2026-08-06
2026-09-16,8,4877.7,5.5,2026-08-06
2026-09-17,8,4862.8,5.5,2026-08-06
2026-09-18,8,4452.2,5.0,2026-08-06
2026-09-19,8,4200.7,5.0,2026-08-06
2026-09-20,8,3685.8,4.0,2026-08-06
2026-09-21,8,4664.1,5.5,2026-08-06
2026-09-22,8,4849.6,5.5,2026-08-06
2026-09-23,8,4863.6,5.5,2026-08-06
2026-09-24,8,4833.4,5.5,2026-08-06
2026-09-25,8,4433.7,5.0,2026-08-06
2026-09-26,8,4205.6,5.0,2026-08-06
2026-09-27,8,3689.6,4.0,2026-08-06
2026-09-28,8,4666.8,5.5,2026-08-06
2026-09-29,8,4850.0,5.5,2026-08-06
2026-09-30,8,4858.1,5.5,2026-08-06
2026-10-01,8,4820.5,5.5,2026-08-06
2026-10-02,8,4417.2,5.0,2026-08-06
2026-10-03,8,4195.2,5.0,2026-08-06
2026-10-04,8,3686.5,4.0,2026-08-06
2026-10-05,8,4702.6,5.5,2026-08-06
2026-10-06,8,4882.9,5.5,2026-08-06
2026-10-07,8,4886.0,5.5,2026-08-06
2026-10-08,8,4853.2,5.5,2026-08-06
2026-10-09,8,4440.8,5.0,2026-08-06
2026-10-10,8,4198.9,5.0,2026-08-06
2026-10-11,8,3671.0,4.0,2026-08-06
2026-10-12,8,4681.5,5.5,2026-08-06
2026-07-15,9,12.9,1.0,2026-08-06
2026-07-16,9,13.6,1.0,2026-08-06
2026-07-17,9,15.7,1.0,2026-08-06
2026-07-18,9,18.3,1.0,2026-08-06
2026-07-19,9,18.8,1.0,2026-08-06
2026-07-20,9,18.2,1.0,2026-08-06
2026-07-21,9,17.2,1.0,2026-08-06
2026-07-22,9,15.5,1.0,2026-08-06
2026-07-23,9,17.3,1.0,2026-08-06
2026-07-24,9,20.4,1.0,2026-08-06
2026-07-25,9,23.4,1.0,2026-08-06
2026-07-26,9,24.1,1.0,2026-08-06
2026-07-27,9,23.6,1.0,2026-08-06
2026-07-28,9,23.0,1.0,2026-08-06
2026-07-29,9,21.8,1.0,2026-08-06
2026-07-30,9,24.3,1.0,2026-08-06
2026-07-31,9,24.3,1.0,2026-08-06
2026-08-01,9,26.9,1.0,2026-08-06
2026-08-02,9,26.1,1.0,2026-08-06
2026-08-03,9,23.5,1.0,2026-08-06
2026-08-04,9,21.3,1.0,2026-08-06
2026-08-05,9,19.7,1.0,2026-08-06
2026-08-06,9,21.3,1.0,2026-08-06
2026-08-07,9,24.3,1.0,2026-08-06
2026-08-08,9,26.4,1.0,2026-08-06
2026-08-09,9,28.0,1.0,2026-08-06
2026-08-10,9,28.3,1.0,2026-08-06
2026-08-11,9,27.8,1.0,2026-08-06
2026-08-12,9,26.2,1.0,2026-08-06
2026-08-13,9,28.4,1.0,2026-08-06
2026-08-14,9,32.2,1.0,2026-08-06
2026-08-15,9,33.5,1.0,2026-08-06
2026-08-16,9,34.0,1.0,2026-08-06
2026-08-17,9,31.3,1.0,2026-08-06
2026-08-18,9,29.7,1.0,2026-08-06
2026-08-19,9,26.8,1.0,2026-08-06
2026-08-20,9,28.8,1.0,2026-08-06
2026-08-21,9,25.5,1.0,2026-08-06
2026-08-22,9,21.5,1.0,2026-08-06
2026-08-23,9,20.7,1.0,2026-08-06
2026-08-24,9,16.9,1.0,2026-08-06
2026-08-25,9,18.0,1.0,2026-08-06
2026-08-26,9,19.0,1.0,2026-08-06
2026-08-27,9,8.9,1.0,2026-08-06
2026-08-28,9,12.7,1.0,2026-08-06
2026-08-29,9,16.6,1.0,2026-08-06
2026-08-30,9,17.6,1.0,2026-08-06
2026-08-31,9,16.5,1.0,2026-08-06
2026-09-01,9,22.1,1.0,2026-08-06
2026-09-02,9,19.4,1.0,2026-08-06
2026-09-03,9,21.8,1.0,2026-08-06
2026-09-04,9,25.8,1.0,2026-08-06
2026-09-05,9,25.3,1.0,2026-08-06
2026-09-06,9,23.8,1.0,2026-08-06
2026-09-07,9,22.9,1.0,2026-08-06
2026-09-08,9,23.0,1.0,2026-08-06
2026-09-09,9,21.5,1.0,2026-08-06
2026-09-10,9,24.1,1.0,2026-08-06
2026-09-11,9,27.8,1.0,2026-08-06
2026-09-12,9,30.9,1.0,2026-08-06
2026-09-13,9,31.5,1.0,2026-08-06
2026-09-14,9,30.3,1.0,2026-08-06
2026-09-15,9,29.7,1.0,2026-08-06
2026-09-16,9,27.5,1.0,2026-08-06
2026-09-17,9,29.9,1.0,2026-08-06
2026-09-18,9,33.3,1.0,2026-08-06
2026-09-19,9,36.2,1.0,2026-08-06
2026-09-20,9,36.9,1.0,2026-08-06
2026-09-21,9,34.9,1.0,2026-08-06
2026-09-22,9,34.1,1.0,2026-08-06
2026-09-23,9,31.8,1.0,2026-08-06
2026-09-24,9,34.2,1.0,2026-08-06
2026-09-25,9,37.8,1.0,2026-08-06
2026-09-26,9,41.0,1.0,2026-08-06
2026-09-27,9,41.2,1.0,2026-08-06
2026-09-28,9,38.9,1.0,2026-08-06
2026-09-29,9,38.4,1.0,2026-08-06
2026-09-30,9,36.2,1.0,2026-08-06
2026-10-01,9,38.9,1.0,2026-08-06
2026-10-02,9,42.5,1.0,2026-08-06
2026-10-03,9,45.3,1.0,2026-08-06
2026-10-04,9,45.0,1.0,2026-08-06
2026-10-05,9,42.1,1.0,2026-08-06
2026-10-06,9,41.1,1.0,2026-08-06
2026-10-07,9,38.1,1.0,2026-08-06
2026-10-08,9,40.0,1.0,2026-08-06
2026-10-09,9,42.9,1.0,2026-08-06
2026-10-10,9,45.1,1.0,2026-08-06
2026-10-11,9,44.7,1.0,2026-08-06
2026-10-12,9,41.8,1.0,2026-08-06
2026-07-15,95,2853.5,3.5,2026-08-06
2026-07-16,95,2850.1,3.5,2026-08-06
2026-07-17,95,2453.9,3.0,2026-08-06
2026-07-18,95,2899.4,3.5,2026-08-06
2026-07-19,95,3972.9,5.0,2026-08-06
2026-07-20,95,2964.3,3.5,2026-08-06
2026-07-21,95,2925.8,3.5,2026-08-06
2026-07-22,95,2987.0,3.5,2026-08-06
2026-07-23,95,2953.8,3.5,2026-08-06
2026-07-24,95,2507.3,3.0,2026-08-06
2026-07-25,95,2963.1,3.5,2026-08-06
2026-07-26,95,4022.7,5.0,2026-08-06
2026-07-27,95,2996.7,3.5,2026-08-06
2026-07-28,95,2939.8,3.5,2026-08-06
2026-07-29,95,2986.5,3.5,2026-08-06
2026-07-30,95,2947.6,3.5,2026-08-06
2026-07-31,95,2875.2,3.5,2026-08-06
2026-08-01,95,2966.9,3.5,2026-08-06
2026-08-02,95,4056.3,5.0,2026-08-06
2026-08-03,95,3015.8,3.5,2026-08-06
2026-08-04,95,2962.3,3.5,2026-08-06
2026-08-05,95,2987.5,3.5,2026-08-06
2026-08-06,95,2925.7,3.5,2026-08-06
2026-08-07,95,2460.7,3.0,2026-08-06
2026-08-08,95,2890.0,3.5,2026-08-06
2026-08-09,95,3933.5,5.0,2026-08-06
2026-08-10,95,2891.1,3.5,2026-08-06
2026-08-11,95,2841.7,3.5,2026-08-06
2026-08-12,95,2851.3,3.5,2026-08-06
2026-08-13,95,2773.9,3.5,2026-08-06
2026-08-14,95,2340.5,3.0,2026-08-06
2026-08-15,95,2801.3,3.5,2026-08-06
2026-08-16,95,3654.8,4.5,2026-08-06
2026-08-17,95,2795.5,3.5,2026-08-06
2026-08-18,95,2797.7,3.5,2026-08-06
2026-08-19,95,2843.3,3.5,2026-08-06
2026-08-20,95,2777.8,3.5,2026-08-06
2026-08-21,95,2705.1,3.5,2026-08-06
2026-08-22,95,2816.0,3.5,2026-08-06
2026-08-23,95,3739.8,4.5,2026-08-06
2026-08-24,95,2876.9,3.5,2026-08-06
2026-08-25,95,2884.9,3.5,2026-08-06
2026-08-26,95,2936.2,3.5,2026-08-06
2026-08-27,95,2990.6,3.5,2026-08-06
2026-08-28,95,2635.0,3.0,2026-08-06
2026-08-29,95,3091.3,3.5,2026-08-06
2026-08-30,95,4119.6,5.0,2026-08-06
2026-08-31,95,3049.2,3.5,2026-08-06
2026-09-01,95,2950.0,3.5,2026-08-06
2026-09-02,95,2904.1,3.5,2026-08-06
2026-09-03,95,2765.0,3.5,2026-08-06
2026-09-04,95,2288.6,3.0,2026-08-06
2026-09-05,95,2583.7,3.0,2026-08-06
2026-09-06,95,3477.2,4.0,2026-08-06
2026-09-07,95,2481.1,3.0,2026-08-06
2026-09-08,95,2431.6,3.0,2026-08-06
2026-09-09,95,2360.2,3.0,2026-08-06
2026-09-10,95,2208.7,2.5,2026-08-06
2026-09-11,95,1901.2,2.5,2026-08-06
2026-09-12,95,2059.4,2.5,2026-08-06
2026-09-13,95,2653.9,3.0,2026-08-06
2026-09-14,95,2012.4,2.5,2026-08-06
2026-09-15,95,1976.3,2.5,2026-08-06
2026-09-16,95,1907.0,2.5,2026-08-06
2026-09-17,95,1796.1,2.0,2026-08-06
2026-09-18,95,1631.7,2.0,2026-08-06
2026-09-19,95,1712.6,2.0,2026-08-06
2026-09-20,95,2006.4,2.5,2026-08-06
2026-09-21,95,1720.1,2.0,2026-08-06
2026-09-22,95,1698.5,2.0,2026-08-06
2026-09-23,95,1653.9,2.0,2026-08-06
2026-09-24,95,1584.4,2.0,2026-08-06
2026-09-25,95,1500.3,2.0,2026-08-06
2026-09-26,95,1546.0,2.0,2026-08-06
2026-09-27,95,1686.0,2.0,2026-08-06
2026-09-28,95,1596.2,2.0,2026-08-06
2026-09-29,95,1587.3,2.0,2026-08-06
2026-09-30,95,1563.6,2.0,2026-08-06
2026-10-01,95,1516.2,2.0,2026-08-06
2026-10-02,95,1459.2,2.0,2026-08-06
2026-10-03,95,1483.4,2.0,2026-08-06
2026-10-04,95,1545.6,2.0,2026-08-06
2026-10-05,95,1528.2,2.0,2026-08-06
2026-10-06,95,1515.4,2.0,2026-08-06
2026-10-07,95,1492.8,2.0,2026-08-06
2026-10-08,95,1458.4,2.0,2026-08-06
2026-10-09,95,1424.5,1.5,2026-08-06
2026-10-10,95,1440.4,1.5,2026-08-06
2026-10-11,95,1474.2,2.0,2026-08-06
2026-10-12,95,1503.5,2.0,2026-08-06
2026-07-15,97,8886.7,10.5,2026-08-06
2026-07-16,97,9442.4,11.0,2026-08-06
2026-07-17,97,7884.1,9.5,2026-08-06
2026-07-18,97,9017.9,10.5,2026-08-06
2026-07-19,97,10600.8,12.5,2026-08-06
2026-07-20,97,9801.6,11.5,2026-08-06
2026-07-21,97,10211.7,12.0,2026-08-06
2026-07-22,97,9562.9,11.5,2026-08-06
2026-07-23,97,10258.6,12.0,2026-08-06
2026-07-24,97,8360.2,10.0,2026-08-06
2026-07-25,97,9874.2,12.0,2026-08-06
2026-07-26,97,11644.6,14.0,2026-08-06
2026-07-27,97,10483.1,12.5,2026-08-06
2026-07-28,97,10941.9,13.0,2026-08-06
2026-07-29,97,10125.6,12.0,2026-08-06
2026-07-30,97,10939.7,13.0,2026-08-06
2026-07-31,97,9838.8,11.5,2026-08-06
2026-08-01,97,10200.1,12.0,2026-08-06
2026-08-02,97,12757.3,15.0,2026-08-06
2026-08-03,97,11378.9,13.5,2026-08-06
2026-08-04,97,11811.9,14.0,2026-08-06
2026-08-05,97,10936.2,13.0,2026-08-06
2026-08-06,97,11904.4,14.0,2026-08-06
2026-08-07,97,9499.0,11.5,2026-08-06
2026-08-08,97,11614.6,14.0,2026-08-06
2026-08-09,97,13267.8,16.0,2026-08-06
2026-08-10,97,11666.3,14.0,2026-08-06
2026-08-11,97,12021.5,14.5,2026-08-06
2026-08-12,97,10780.9,13.0,2026-08-06
2026-08-13,97,11758.2,14.0,2026-08-06
2026-08-14,97,9069.9,11.0,2026-08-06
2026-08-15,97,10862.1,13.0,2026-08-06
2026-08-16,97,10779.3,13.0,2026-08-06
2026-08-17,97,10745.3,13.0,2026-08-06
2026-08-18,97,10561.0,12.5,2026-08-06
2026-08-19,97,9615.6,11.5,2026-08-06
2026-08-20,97,10254.3,12.0,2026-08-06
2026-08-21,97,8904.9,10.5,2026-08-06
2026-08-22,97,9064.8,11.0,2026-08-06
2026-08-23,97,9643.8,11.5,2026-08-06
2026-08-24,97,9874.3,12.0,2026-08-06
2026-08-25,97,9793.5,11.5,2026-08-06
2026-08-26,97,9092.9,11.0,2026-08-06
2026-08-27,97,9854.4,11.5,2026-08-06
2026-08-28,97,8108.6,9.5,2026-08-06
2026-08-29,97,9257.5,11.0,2026-08-06
2026-08-30,97,10824.9,13.0,2026-08-06
2026-08-31,97,9807.2,11.5,2026-08-06
2026-09-01,97,9799.7,11.5,2026-08-06
2026-09-02,97,8704.1,10.5,2026-08-06
2026-09-03,97,8993.4,10.5,2026-08-06
2026-09-04,97,7228.2,8.5,2026-08-06
2026-09-05,97,7620.3,9.0,2026-08-06
2026-09-06,97,8250.0,10.0,2026-08-06
2026-09-07,97,7820.9,9.5,2026-08-06
2026-09-08,97,7714.7,9.0,2026-08-06
2026-09-09,97,6777.4,8.0,2026-08-06
2026-09-10,97,6784.2,8.0,2026-08-06
2026-09-11,97,5884.5,7.0,2026-08-06
2026-09-12,97,5623.3,6.5,2026-08-06
2026-09-13,97,5794.5,7.0,2026-08-06
2026-09-14,97,6607.7,8.0,2026-08-06
2026-09-15,97,6723.5,8.0,2026-08-06
2026-09-16,97,6160.9,7.5,2026-08-06
2026-09-17,97,6236.5,7.5,2026-08-06
2026-09-18,97,5738.2,7.0,2026-08-06
2026-09-19,97,5377.1,6.5,2026-08-06
2026-09-20,97,5421.4,6.5,2026-08-06
2026-09-21,97,6593.0,8.0,2026-08-06
2026-09-22,97,6752.9,8.0,2026-08-06
2026-09-23,97,6249.3,7.5,2026-08-06
2026-09-24,97,6332.1,7.5,2026-08-06
2026-09-25,97,5918.8,7.0,2026-08-06
2026-09-26,97,5602.6,6.5,2026-08-06
2026-09-27,97,5622.0,6.5,2026-08-06
2026-09-28,97,6801.1,8.0,2026-08-06
2026-09-29,97,6918.2,8.0,2026-08-06
2026-09-30,97,6403.5,7.5,2026-08-06
2026-10-01,97,6483.8,7.5,2026-08-06
2026-10-02,97,6057.6,7.0,2026-08-06
2026-10-03,97,5701.3,7.0,2026-08-06
2026-10-04,97,5636.1,6.5,2026-08-06
2026-10-05,97,6918.0,8.0,2026-08-06
2026-10-06,97,6954.2,8.5,2026-08-06
2026-10-07,97,6434.9,7.5,2026-08-06
2026-10-08,97,6541.0,8.0,2026-08-06
2026-10-09,97,6201.2,7.5,2026-08-06
2026-10-10,97,5868.5,7.0,2026-08-06
2026-10-11,97,5791.7,7.0,2026-08-06
2026-10-12,97,7122.7,8.5,2026-08-06
2026-07-15,98,5932.8,6.5,2026-08-06
2026-07-16,98,6375.1,7.0,2026-08-06
2026-07-17,98,5715.2,6.0,2026-08-06
2026-07-18,98,5518.4,6.0,2026-08-06
2026-07-19,98,3891.4,4.0,2026-08-06
2026-07-20,98,6209.9,6.5,2026-08-06
2026-07-21,98,6189.4,6.5,2026-08-06
2026-07-22,98,5828.1,6.5,2026-08-06
2026-07-23,98,6124.0,6.5,2026-08-06
2026-07-24,98,5564.4,6.0,2026-08-06
2026-07-25,98,5306.2,5.5,2026-08-06
2026-07-26,98,3749.3,4.0,2026-08-06
2026-07-27,98,6089.5,6.5,2026-08-06
2026-07-28,98,6127.4,6.5,2026-08-06
2026-07-29,98,5769.1,6.0,2026-08-06
2026-07-30,98,6030.6,6.5,2026-08-06
2026-07-31,98,5609.7,6.0,2026-08-06
2026-08-01,98,5746.2,6.0,2026-08-06
2026-08-02,98,4262.1,4.5,2026-08-06
2026-08-03,98,6555.8,7.0,2026-08-06
2026-08-04,98,6524.1,7.0,2026-08-06
2026-08-05,98,6118.8,6.5,2026-08-06
2026-08-06,98,6353.1,7.0,2026-08-06
2026-08-07,98,5815.9,6.5,2026-08-06
2026-08-08,98,5647.6,6.0,2026-08-06
2026-08-09,98,3953.7,4.5,2026-08-06
2026-08-10,98,6296.3,7.0,2026-08-06
2026-08-11,98,6283.9,7.0,2026-08-06
2026-08-12,98,5849.6,6.5,2026-08-06
2026-08-13,98,6113.7,6.5,2026-08-06
2026-08-14,98,5652.8,6.0,2026-08-06
2026-08-15,98,5111.7,5.5,2026-08-06
2026-08-16,98,4393.1,4.5,2026-08-06
2026-08-17,98,6177.3,6.5,2026-08-06
2026-08-18,98,6420.6,7.0,2026-08-06
2026-08-19,98,6008.6,6.5,2026-08-06
2026-08-20,98,6291.8,7.0,2026-08-06
2026-08-21,98,6001.5,6.5,2026-08-06
2026-08-22,98,6051.9,6.5,2026-08-06
2026-08-23,98,5211.4,5.5,2026-08-06
2026-08-24,98,6875.4,7.5,2026-08-06
2026-08-25,98,6968.4,7.5,2026-08-06
2026-08-26,98,6565.2,7.0,2026-08-06
2026-08-27,98,6894.8,7.5,2026-08-06
2026-08-28,98,6623.0,7.0,2026-08-06
2026-08-29,98,6784.1,7.5,2026-08-06
2026-08-30,98,4885.0,5.5,2026-08-06
2026-08-31,98,7097.3,7.5,2026-08-06
2026-09-01,98,7044.0,7.5,2026-08-06
2026-09-02,98,6424.4,7.0,2026-08-06
2026-09-03,98,6682.3,7.0,2026-08-06
2026-09-04,98,6068.2,6.5,2026-08-06
2026-09-05,98,5893.6,6.5,2026-08-06
2026-09-06,98,4037.7,4.5,2026-08-06
2026-09-07,98,6315.3,7.0,2026-08-06
2026-09-08,98,6342.8,7.0,2026-08-06
2026-09-09,98,5826.0,6.5,2026-08-06
2026-09-10,98,6172.2,6.5,2026-08-06
2026-09-11,98,5680.0,6.0,2026-08-06
2026-09-12,98,5430.8,6.0,2026-08-06
2026-09-13,98,3777.9,4.0,2026-08-06
2026-09-14,98,6183.5,6.5,2026-08-06
2026-09-15,98,6228.9,6.5,2026-08-06
2026-09-16,98,5753.0,6.0,2026-08-06
2026-09-17,98,6100.1,6.5,2026-08-06
2026-09-18,98,5678.2,6.0,2026-08-06
2026-09-19,98,5398.9,6.0,2026-08-06
2026-09-20,98,3754.9,4.0,2026-08-06
2026-09-21,98,6167.8,6.5,2026-08-06
2026-09-22,98,6228.0,6.5,2026-08-06
2026-09-23,98,5749.2,6.0,2026-08-06
2026-09-24,98,6067.6,6.5,2026-08-06
2026-09-25,98,5617.2,6.0,2026-08-06
2026-09-26,98,5345.9,6.0,2026-08-06
2026-09-27,98,3729.5,4.0,2026-08-06
2026-09-28,98,6111.7,6.5,2026-08-06
2026-09-29,98,6176.3,6.5,2026-08-06
2026-09-30,98,5681.2,6.0,2026-08-06
2026-10-01,98,5972.8,6.5,2026-08-06
2026-10-02,98,5429.9,6.0,2026-08-06
2026-10-03,98,5024.0,5.5,2026-08-06
2026-10-04,98,3519.2,4.0,2026-08-06
2026-10-05,98,5848.2,6.5,2026-08-06
2026-10-06,98,5958.8,6.5,2026-08-06
2026-10-07,98,5442.0,6.0,2026-08-06
2026-10-08,98,5726.9,6.0,2026-08-06
2026-10-09,98,5456.4,6.0,2026-08-06
2026-10-10,98,5121.2,5.5,2026-08-06
2026-10-11,98,3593.5,4.0,2026-08-06
2026-10-12,98,6027.6,6.5,2026-08-06
2026-07-15,99,76.7,1.0,2026-08-06
2026-07-16,99,61.2,1.0,2026-08-06
2026-07-17,99,64.0,1.0,2026-08-06
2026-07-18,99,79.8,1.0,2026-08-06
2026-07-19,99,114.6,1.5,2026-08-06
2026-07-20,99,134.4,1.5,2026-08-06
2026-07-21,99,143.1,1.5,2026-08-06
2026-07-22,99,136.6,1.5,2026-08-06
2026-07-23,99,130.5,1.5,2026-08-06
2026-07-24,99,135.0,1.5,2026-08-06
2026-07-25,99,152.5,1.5,2026-08-06
2026-07-26,99,196.5,2.0,2026-08-06
2026-07-27,99,217.1,2.5,2026-08-06
2026-07-28,99,214.0,2.5,2026-08-06
2026-07-29,99,203.7,2.5,2026-08-06
2026-07-30,99,196.5,2.0,2026-08-06
2026-07-31,99,248.0,3.0,2026-08-06
2026-08-01,99,266.7,3.0,2026-08-06
2026-08-02,99,291.1,3.0,2026-08-06
2026-08-03,99,288.8,3.0,2026-08-06
2026-08-04,99,268.0,3.0,2026-08-06
2026-08-05,99,249.7,3.0,2026-08-06
2026-08-06,99,234.5,2.5,2026-08-06
2026-08-07,99,236.8,2.5,2026-08-06
2026-08-08,99,253.8,3.0,2026-08-06
2026-08-09,99,297.5,3.5,2026-08-06
2026-08-10,99,312.7,3.5,2026-08-06
2026-08-11,99,294.2,3.5,2026-08-06
2026-08-12,99,279.8,3.0,2026-08-06
2026-08-13,99,273.2,3.0,2026-08-06
2026-08-14,99,277.3,3.0,2026-08-06
2026-08-15,99,396.0,4.5,2026-08-06
2026-08-16,99,447.5,5.0,2026-08-06
2026-08-17,99,443.7,5.0,2026-08-06
2026-08-18,99,398.8,4.5,2026-08-06
2026-08-19,99,357.5,4.0,2026-08-06
2026-08-20,99,335.8,3.5,2026-08-06
2026-08-21,99,409.4,4.5,2026-08-06
2026-08-22,99,500.1,5.5,2026-08-06
2026-08-23,99,516.3,5.5,2026-08-06
2026-08-24,99,475.1,5.5,2026-08-06
2026-08-25,99,392.6,4.5,2026-08-06
2026-08-26,99,337.9,4.0,2026-08-06
2026-08-27,99,363.9,4.0,2026-08-06
2026-08-28,99,343.3,4.0,2026-08-06
2026-08-29,99,330.6,3.5,2026-08-06
2026-08-30,99,345.2,4.0,2026-08-06
2026-08-31,99,340.1,4.0,2026-08-06
2026-09-01,99,314.0,3.5,2026-08-06
2026-09-02,99,273.5,3.0,2026-08-06
2026-09-03,99,240.9,2.5,2026-08-06
2026-09-04,99,223.1,2.5,2026-08-06
2026-09-05,99,219.7,2.5,2026-08-06
2026-09-06,99,244.9,2.5,2026-08-06
2026-09-07,99,249.5,3.0,2026-08-06
2026-09-08,99,225.0,2.5,2026-08-06
2026-09-09,99,189.5,2.0,2026-08-06
2026-09-10,99,160.5,2.0,2026-08-06
2026-09-11,99,144.3,1.5,2026-08-06
2026-09-12,99,142.0,1.5,2026-08-06
2026-09-13,99,164.1,2.0,2026-08-06
2026-09-14,99,168.0,2.0,2026-08-06
2026-09-15,99,146.7,1.5,2026-08-06
2026-09-16,99,114.0,1.5,2026-08-06
2026-09-17,99,86.6,1.0,2026-08-06
2026-09-18,99,72.7,1.0,2026-08-06
2026-09-19,99,72.9,1.0,2026-08-06
2026-09-20,99,91.8,1.0,2026-08-06
2026-09-21,99,97.5,1.0,2026-08-06
2026-09-22,99,81.1,1.0,2026-08-06
2026-09-23,99,53.8,1.0,2026-08-06
2026-09-24,99,31.9,1.0,2026-08-06
2026-09-25,99,23.8,1.0,2026-08-06
2026-09-26,99,23.3,1.0,2026-08-06
2026-09-27,99,41.3,1.0,2026-08-06
2026-09-28,99,49.2,1.0,2026-08-06
2026-09-29,99,37.0,1.0,2026-08-06
2026-09-30,99,20.1,1.0,2026-08-06
2026-10-01,99,17.9,1.0,2026-08-06
2026-10-02,99,16.5,1.0,2026-08-06
2026-10-03,99,15.2,1.0,2026-08-06
2026-10-04,99,16.2,1.0,2026-08-06
2026-10-05,99,16.4,1.0,2026-08-06
2026-10-06,99,12.9,1.0,2026-08-06
2026-10-07,99,12.5,1.0,2026-08-06
2026-10-08,99,14.0,1.0,2026-08-06
2026-10-09,99,14.7,1.0,2026-08-06
2026-10-10,99,15.5,1.0,2026-08-06
2026-10-11,99,14.4,1.0,2026-08-06
2026-10-12,99,15.1,1.0,2026-08-06
2026-07-15,AE,107.2,1.0,2026-08-06
2026-07-16,AE,112.7,1.0,2026-08-06
2026-07-17,AE,108.9,1.0,2026-08-06
2026-07-18,AE,104.5,1.0,2026-08-06
2026-07-19,AE,97.7,1.0,2026-08-06
2026-07-20,AE,105.8,1.0,2026-08-06
2026-07-21,AE,119.2,1.0,2026-08-06
2026-07-22,AE,120.6,1.0,2026-08-06
2026-07-23,AE,125.7,1.0,2026-08-06
2026-07-24,AE,119.9,1.0,2026-08-06
2026-07-25,AE,111.9,1.0,2026-08-06
2026-07-26,AE,105.2,1.0,2026-08-06
2026-07-27,AE,112.0,1.0,2026-08-06
2026-07-28,AE,123.3,1.0,2026-08-06
2026-07-29,AE,123.7,1.0,2026-08-06
2026-07-30,AE,129.5,1.0,2026-08-06
2026-07-31,AE,132.8,1.0,2026-08-06
2026-08-01,AE,122.2,1.0,2026-08-06
2026-08-02,AE,118.6,1.0,2026-08-06
2026-08-03,AE,123.4,1.0,2026-08-06
2026-08-04,AE,128.5,1.0,2026-08-06
2026-08-05,AE,126.4,1.0,2026-08-06
2026-08-06,AE,133.1,1.0,2026-08-06
2026-08-07,AE,132.5,1.0,2026-08-06
2026-08-08,AE,121.0,1.0,2026-08-06
2026-08-09,AE,121.3,1.0,2026-08-06
2026-08-10,AE,131.8,1.0,2026-08-06
2026-08-11,AE,139.5,1.0,2026-08-06
2026-08-12,AE,137.1,1.0,2026-08-06
2026-08-13,AE,143.3,1.0,2026-08-06
2026-08-14,AE,142.8,1.0,2026-08-06
2026-08-15,AE,141.3,1.0,2026-08-06
2026-08-16,AE,139.6,1.0,2026-08-06
2026-08-17,AE,140.3,1.0,2026-08-06
2026-08-18,AE,139.8,1.0,2026-08-06
2026-08-19,AE,132.7,1.0,2026-08-06
2026-08-20,AE,138.4,1.0,2026-08-06
2026-08-21,AE,143.5,1.0,2026-08-06
2026-08-22,AE,148.6,1.0,2026-08-06
2026-08-23,AE,150.3,1.0,2026-08-06
2026-08-24,AE,150.5,1.0,2026-08-06
2026-08-25,AE,148.3,1.0,2026-08-06
2026-08-26,AE,138.9,1.0,2026-08-06
2026-08-27,AE,143.3,1.0,2026-08-06
2026-08-28,AE,149.3,1.0,2026-08-06
2026-08-29,AE,144.6,1.0,2026-08-06
2026-08-30,AE,144.9,1.0,2026-08-06
2026-08-31,AE,149.9,1.0,2026-08-06
2026-09-01,AE,153.2,1.0,2026-08-06
2026-09-02,AE,148.2,1.0,2026-08-06
2026-09-03,AE,156.2,1.0,2026-08-06
2026-09-04,AE,162.4,1.0,2026-08-06
2026-09-05,AE,158.9,1.0,2026-08-06
2026-09-06,AE,158.4,1.0,2026-08-06
2026-09-07,AE,161.2,1.0,2026-08-06
2026-09-08,AE,163.8,1.0,2026-08-06
2026-09-09,AE,158.2,1.0,2026-08-06
2026-09-10,AE,165.9,1.0,2026-08-06
2026-09-11,AE,171.4,1.0,2026-08-06
2026-09-12,AE,166.3,1.0,2026-08-06
2026-09-13,AE,162.2,1.0,2026-08-06
2026-09-14,AE,162.6,1.0,2026-08-06
2026-09-15,AE,164.3,1.0,2026-08-06
2026-09-16,AE,158.9,1.0,2026-08-06
2026-09-17,AE,167.2,1.0,2026-08-06
2026-09-18,AE,173.4,1.0,2026-08-06
2026-09-19,AE,169.3,1.0,2026-08-06
2026-09-20,AE,165.5,1.0,2026-08-06
2026-09-21,AE,165.2,1.0,2026-08-06
2026-09-22,AE,166.2,1.0,2026-08-06
2026-09-23,AE,159.6,1.0,2026-08-06
2026-09-24,AE,167.7,1.0,2026-08-06
2026-09-25,AE,175.5,1.0,2026-08-06
2026-09-26,AE,172.6,1.0,2026-08-06
2026-09-27,AE,168.7,1.0,2026-08-06
2026-09-28,AE,168.0,1.0,2026-08-06
2026-09-29,AE,167.9,1.0,2026-08-06
2026-09-30,AE,160.6,1.0,2026-08-06
2026-10-01,AE,168.4,1.0,2026-08-06
2026-10-02,AE,176.7,1.0,2026-08-06
2026-10-03,AE,176.9,1.0,2026-08-06
2026-10-04,AE,176.9,1.0,2026-08-06
2026-10-05,AE,177.7,1.0,2026-08-06
2026-10-06,AE,179.4,1.0,2026-08-06
2026-10-07,AE,173.4,1.0,2026-08-06
2026-10-08,AE,182.2,1.0,2026-08-06
2026-10-09,AE,193.0,1.0,2026-08-06
2026-10-10,AE,194.3,1.0,2026-08-06
2026-10-11,AE,189.8,1.0,2026-08-06
2026-10-12,AE,184.6,1.0,2026-08-06
