date,ligne,passagers_predits,bus_recommandes,date_generation
2026-07-15,1,365,1.0,2026-08-13
2026-07-16,1,306,1.0,2026-08-13
2026-07-17,1,258,1.0,2026-08-13
2026-07-18,1,111,1.0,2026-08-13
2026-07-19,1,0,0.0,2026-08-13
2026-07-20,1,257,1.0,2026-08-13
2026-07-21,1,210,1.0,2026-08-13
2026-07-22,1,138,1.0,2026-08-13
2026-07-23,1,87,1.0,2026-08-13
2026-07-24,1,64,1.0,2026-08-13
2026-07-25,1,24,1.0,2026-08-13
2026-07-26,1,0,0.0,2026-08-13
2026-07-27,1,78,1.0,2026-08-13
2026-07-28,1,54,1.0,2026-08-13
2026-07-29,1,21,1.0,2026-08-13
2026-07-30,1,7,1.0,2026-08-13
2026-07-31,1,0,0.0,2026-08-13
2026-08-01,1,0,0.0,2026-08-13
2026-08-02,1,0,0.0,2026-08-13
2026-08-03,1,37,1.0,2026-08-13
2026-08-04,1,32,1.0,2026-08-13
2026-08-05,1,9,1.0,2026-08-13
2026-08-06,1,5,1.0,2026-08-13
2026-08-07,1,0,0.0,2026-08-13
2026-08-08,1,0,0.0,2026-08-13
2026-08-09,1,0,0.0,2026-08-13
2026-08-10,1,19,1.0,2026-08-13
2026-08-11,1,22,1.0,2026-08-13
2026-08-12,1,2,1.0,2026-08-13
2026-08-13,1,0,0.0,2026-08-13
2026-08-14,1,0,0.0,2026-08-13
2026-08-15,1,0,0.0,2026-08-13
2026-08-16,1,0,0.0,2026-08-13
2026-08-17,1,31,1.0,2026-08-13
2026-08-18,1,30,1.0,2026-08-13
2026-08-19,1,9,1.0,2026-08-13
2026-08-20,1,6,1.0,2026-08-13
2026-08-21,1,0,0.0,2026-08-13
2026-08-22,1,6,1.0,2026-08-13
2026-08-23,1,6,1.0,2026-08-13
2026-08-24,1,49,1.0,2026-08-13
2026-08-25,1,39,1.0,2026-08-13
2026-08-26,1,16,1.0,2026-08-13
2026-08-27,1,12,1.0,2026-08-13
2026-08-28,1,14,1.0,2026-08-13
2026-08-29,1,0,0.0,2026-08-13
2026-08-30,1,0,0.0,2026-08-13
2026-08-31,1,32,1.0,2026-08-13
2026-09-01,1,31,1.0,2026-08-13
2026-09-02,1,16,1.0,2026-08-13
2026-09-03,1,19,1.0,2026-08-13
2026-09-04,1,19,1.0,2026-08-13
2026-09-05,1,3,1.0,2026-08-13
2026-09-06,1,0,0.0,2026-08-13
2026-09-07,1,51,1.0,2026-08-13
2026-09-08,1,97,1.0,2026-08-13
2026-09-09,1,65,1.0,2026-08-13
2026-09-10,1,73,1.0,2026-08-13
2026-09-11,1,73,1.0,2026-08-13
2026-09-12,1,46,1.0,2026-08-13
2026-09-13,1,0,0.0,2026-08-13
2026-09-14,1,278,1.0,2026-08-13
2026-09-15,1,348,1.0,2026-08-13
2026-09-16,1,344,1.0,2026-08-13
2026-09-17,1,343,1.0,2026-08-13
2026-09-18,1,311,1.0,2026-08-13
2026-09-19,1,215,1.0,2026-08-13
2026-09-20,1,0,0.0,2026-08-13
2026-09-21,1,418,1.0,2026-08-13
2026-09-22,1,437,1.0,2026-08-13
2026-09-23,1,402,1.0,2026-08-13
2026-09-24,1,408,1.0,2026-08-13
2026-09-25,1,380,1.0,2026-08-13
2026-09-26,1,241,1.0,2026-08-13
2026-09-27,1,0,0.0,2026-08-13
2026-09-28,1,492,1.0,2026-08-13
2026-09-29,1,444,1.0,2026-08-13
2026-09-30,1,399,1.0,2026-08-13
2026-10-01,1,408,1.0,2026-08-13
2026-10-02,1,383,1.0,2026-08-13
2026-10-03,1,246,1.0,2026-08-13
2026-10-04,1,0,0.0,2026-08-13
2026-10-05,1,507,1.0,2026-08-13
2026-10-06,1,451,1.0,2026-08-13
2026-10-07,1,409,1.0,2026-08-13
2026-10-08,1,419,1.0,2026-08-13
2026-10-09,1,395,1.0,2026-08-13
2026-10-10,1,243,1.0,2026-08-13
2026-10-11,1,0,0.0,2026-08-13
2026-10-12,1,515,1.0,2026-08-13
2026-07-15,10,123,1.0,2026-08-13
2026-07-16,10,138,1.0,2026-08-13
2026-07-17,10,116,1.0,2026-08-13
2026-07-18,10,111,1.0,2026-08-13
2026-07-19,10,90,1.0,2026-08-13
2026-07-20,10,197,1.0,2026-08-13
2026-07-21,10,225,1.0,2026-08-13
2026-07-22,10,144,1.0,2026-08-13
2026-07-23,10,163,1.0,2026-08-13
2026-07-24,10,137,1.0,2026-08-13
2026-07-25,10,127,1.0,2026-08-13
2026-07-26,10,90,1.0,2026-08-13
2026-07-27,10,213,1.0,2026-08-13
2026-07-28,10,237,1.0,2026-08-13
2026-07-29,10,151,1.0,2026-08-13
2026-07-30,10,162,1.0,2026-08-13
2026-07-31,10,137,1.0,2026-08-13
2026-08-01,10,165,1.0,2026-08-13
2026-08-02,10,119,1.0,2026-08-13
2026-08-03,10,258,1.0,2026-08-13
2026-08-04,10,251,1.0,2026-08-13
2026-08-05,10,149,1.0,2026-08-13
2026-08-06,10,159,1.0,2026-08-13
2026-08-07,10,128,1.0,2026-08-13
2026-08-08,10,124,1.0,2026-08-13
2026-08-09,10,90,1.0,2026-08-13
2026-08-10,10,215,1.0,2026-08-13
2026-08-11,10,233,1.0,2026-08-13
2026-08-12,10,141,1.0,2026-08-13
2026-08-13,10,156,1.0,2026-08-13
2026-08-14,10,131,1.0,2026-08-13
2026-08-15,10,114,1.0,2026-08-13
2026-08-16,10,97,1.0,2026-08-13
2026-08-17,10,271,1.0,2026-08-13
2026-08-18,10,267,1.0,2026-08-13
2026-08-19,10,161,1.0,2026-08-13
2026-08-20,10,172,1.0,2026-08-13
2026-08-21,10,142,1.0,2026-08-13
2026-08-22,10,163,1.0,2026-08-13
2026-08-23,10,137,1.0,2026-08-13
2026-08-24,10,309,1.0,2026-08-13
2026-08-25,10,285,1.0,2026-08-13
2026-08-26,10,170,1.0,2026-08-13
2026-08-27,10,173,1.0,2026-08-13
2026-08-28,10,185,1.0,2026-08-13
2026-08-29,10,198,1.0,2026-08-13
2026-08-30,10,123,1.0,2026-08-13
2026-08-31,10,254,1.0,2026-08-13
2026-09-01,10,252,1.0,2026-08-13
2026-09-02,10,152,1.0,2026-08-13
2026-09-03,10,179,1.0,2026-08-13
2026-09-04,10,151,1.0,2026-08-13
2026-09-05,10,149,1.0,2026-08-13
2026-09-06,10,94,1.0,2026-08-13
2026-09-07,10,245,1.0,2026-08-13
2026-09-08,10,260,1.0,2026-08-13
2026-09-09,10,158,1.0,2026-08-13
2026-09-10,10,187,1.0,2026-08-13
2026-09-11,10,160,1.0,2026-08-13
2026-09-12,10,159,1.0,2026-08-13
2026-09-13,10,102,1.0,2026-08-13
2026-09-14,10,253,1.0,2026-08-13
2026-09-15,10,266,1.0,2026-08-13
2026-09-16,10,164,1.0,2026-08-13
2026-09-17,10,199,1.0,2026-08-13
2026-09-18,10,171,1.0,2026-08-13
2026-09-19,10,170,1.0,2026-08-13
2026-09-20,10,111,1.0,2026-08-13
2026-09-21,10,263,1.0,2026-08-13
2026-09-22,10,277,1.0,2026-08-13
2026-09-23,10,171,1.0,2026-08-13
2026-09-24,10,203,1.0,2026-08-13
2026-09-25,10,176,1.0,2026-08-13
2026-09-26,10,173,1.0,2026-08-13
2026-09-27,10,110,1.0,2026-08-13
2026-09-28,10,262,1.0,2026-08-13
2026-09-29,10,271,1.0,2026-08-13
2026-09-30,10,166,1.0,2026-08-13
2026-10-01,10,195,1.0,2026-08-13
2026-10-02,10,171,1.0,2026-08-13
2026-10-03,10,177,1.0,2026-08-13
2026-10-04,10,118,1.0,2026-08-13
2026-10-05,10,273,1.0,2026-08-13
2026-10-06,10,282,1.0,2026-08-13
2026-10-07,10,178,1.0,2026-08-13
2026-10-08,10,211,1.0,2026-08-13
2026-10-09,10,183,1.0,2026-08-13
2026-10-10,10,184,1.0,2026-08-13
2026-10-11,10,121,1.0,2026-08-13
2026-10-12,10,272,1.0,2026-08-13
2026-07-15,11,6038,7.0,2026-08-13
2026-07-16,11,6056,7.0,2026-08-13
2026-07-17,11,5406,6.5,2026-08-13
2026-07-18,11,5278,6.0,2026-08-13
2026-07-19,11,5268,6.0,2026-08-13
2026-07-20,11,5906,7.0,2026-08-13
2026-07-21,11,5935,7.0,2026-08-13
2026-07-22,11,6043,7.0,2026-08-13
2026-07-23,11,5957,7.0,2026-08-13
2026-07-24,11,5182,6.0,2026-08-13
2026-07-25,11,5101,6.0,2026-08-13
2026-07-26,11,4963,6.0,2026-08-13
2026-07-27,11,5612,6.5,2026-08-13
2026-07-28,11,5629,6.5,2026-08-13
2026-07-29,11,5745,7.0,2026-08-13
2026-07-30,11,5655,6.5,2026-08-13
2026-07-31,11,5298,6.0,2026-08-13
2026-08-01,11,5495,6.5,2026-08-13
2026-08-02,11,5458,6.5,2026-08-13
2026-08-03,11,6016,7.0,2026-08-13
2026-08-04,11,5952,7.0,2026-08-13
2026-08-05,11,6000,7.0,2026-08-13
2026-08-06,11,5880,7.0,2026-08-13
2026-08-07,11,5089,6.0,2026-08-13
2026-08-08,11,4995,6.0,2026-08-13
2026-08-09,11,4852,5.5,2026-08-13
2026-08-10,11,5596,6.5,2026-08-13
2026-08-11,11,5622,6.5,2026-08-13
2026-08-12,11,5734,7.0,2026-08-13
2026-08-13,11,5639,6.5,2026-08-13
2026-08-14,11,4898,6.0,2026-08-13
2026-08-15,11,4725,5.5,2026-08-13
2026-08-16,11,4834,5.5,2026-08-13
2026-08-17,11,5653,6.5,2026-08-13
2026-08-18,11,5687,6.5,2026-08-13
2026-08-19,11,5818,7.0,2026-08-13
2026-08-20,11,5751,7.0,2026-08-13
2026-08-21,11,5450,6.5,2026-08-13
2026-08-22,11,5713,6.5,2026-08-13
2026-08-23,11,5791,7.0,2026-08-13
2026-08-24,11,6331,7.5,2026-08-13
2026-08-25,11,6242,7.5,2026-08-13
2026-08-26,11,6282,7.5,2026-08-13
2026-08-27,11,6333,7.5,2026-08-13
2026-08-28,11,5868,7.0,2026-08-13
2026-08-29,11,5875,7.0,2026-08-13
2026-08-30,11,5930,7.0,2026-08-13
2026-08-31,11,6405,7.5,2026-08-13
2026-09-01,11,6282,7.5,2026-08-13
2026-09-02,11,6260,7.5,2026-08-13
2026-09-03,11,6094,7.0,2026-08-13
2026-09-04,11,5259,6.0,2026-08-13
2026-09-05,11,5077,6.0,2026-08-13
2026-09-06,11,4887,6.0,2026-08-13
2026-09-07,11,5662,6.5,2026-08-13
2026-09-08,11,5593,6.5,2026-08-13
2026-09-09,11,5623,6.5,2026-08-13
2026-09-10,11,5471,6.5,2026-08-13
2026-09-11,11,4732,5.5,2026-08-13
2026-09-12,11,4448,5.0,2026-08-13
2026-09-13,11,4046,5.0,2026-08-13
2026-09-14,11,4974,6.0,2026-08-13
2026-09-15,11,4929,6.0,2026-08-13
2026-09-16,11,4948,6.0,2026-08-13
2026-09-17,11,4781,5.5,2026-08-13
2026-09-18,11,4144,5.0,2026-08-13
2026-09-19,11,3835,4.5,2026-08-13
2026-09-20,11,3258,4.0,2026-08-13
2026-09-21,11,4457,5.5,2026-08-13
2026-09-22,11,4499,5.5,2026-08-13
2026-09-23,11,4544,5.5,2026-08-13
2026-09-24,11,4515,5.5,2026-08-13
2026-09-25,11,4176,5.0,2026-08-13
2026-09-26,11,3632,4.5,2026-08-13
2026-09-27,11,2946,3.5,2026-08-13
2026-09-28,11,4442,5.0,2026-08-13
2026-09-29,11,4520,5.5,2026-08-13
2026-09-30,11,4599,5.5,2026-08-13
2026-10-01,11,4586,5.5,2026-08-13
2026-10-02,11,4128,5.0,2026-08-13
2026-10-03,11,3657,4.5,2026-08-13
2026-10-04,11,2933,3.5,2026-08-13
2026-10-05,11,4517,5.5,2026-08-13
2026-10-06,11,4565,5.5,2026-08-13
2026-10-07,11,4602,5.5,2026-08-13
2026-10-08,11,4594,5.5,2026-08-13
2026-10-09,11,4231,5.0,2026-08-13
2026-10-10,11,3802,4.5,2026-08-13
2026-10-11,11,3146,3.5,2026-08-13
2026-10-12,11,4633,5.5,2026-08-13
2026-07-15,12,6787,11.0,2026-08-13
2026-07-16,12,8140,13.5,2026-08-13
2026-07-17,12,7084,11.5,2026-08-13
2026-07-18,12,6548,10.5,2026-08-13
2026-07-19,12,4970,8.0,2026-08-13
2026-07-20,12,9849,16.0,2026-08-13
2026-07-21,12,9085,15.0,2026-08-13
2026-07-22,12,8828,14.5,2026-08-13
2026-07-23,12,8867,14.5,2026-08-13
2026-07-24,12,7956,13.0,2026-08-13
2026-07-25,12,6873,11.5,2026-08-13
2026-07-26,12,4995,8.0,2026-08-13
2026-07-27,12,9924,16.5,2026-08-13
2026-07-28,12,9178,15.0,2026-08-13
2026-07-29,12,8861,14.5,2026-08-13
2026-07-30,12,8797,14.5,2026-08-13
2026-07-31,12,8351,13.5,2026-08-13
2026-08-01,12,8098,13.5,2026-08-13
2026-08-02,12,5007,8.0,2026-08-13
2026-08-03,12,9942,16.5,2026-08-13
2026-08-04,12,9424,15.5,2026-08-13
2026-08-05,12,9090,15.0,2026-08-13
2026-08-06,12,9070,15.0,2026-08-13
2026-08-07,12,8178,13.5,2026-08-13
2026-08-08,12,7057,11.5,2026-08-13
2026-08-09,12,4948,8.0,2026-08-13
2026-08-10,12,10127,16.5,2026-08-13
2026-08-11,12,9568,15.5,2026-08-13
2026-08-12,12,9303,15.5,2026-08-13
2026-08-13,12,9228,15.0,2026-08-13
2026-08-14,12,8240,13.5,2026-08-13
2026-08-15,12,7117,11.5,2026-08-13
2026-08-16,12,5327,8.5,2026-08-13
2026-08-17,12,11247,18.5,2026-08-13
2026-08-18,12,10869,18.0,2026-08-13
2026-08-19,12,10092,16.5,2026-08-13
2026-08-20,12,9762,16.0,2026-08-13
2026-08-21,12,10356,17.0,2026-08-13
2026-08-22,12,12493,20.5,2026-08-13
2026-08-23,12,10014,16.5,2026-08-13
2026-08-24,12,13733,22.5,2026-08-13
2026-08-25,12,12307,20.0,2026-08-13
2026-08-26,12,10990,18.0,2026-08-13
2026-08-27,12,12163,20.0,2026-08-13
2026-08-28,12,11223,18.5,2026-08-13
2026-08-29,12,8483,14.0,2026-08-13
2026-08-30,12,3621,6.0,2026-08-13
2026-08-31,12,8392,14.0,2026-08-13
2026-09-01,12,8729,14.5,2026-08-13
2026-09-02,12,8497,14.0,2026-08-13
2026-09-03,12,8907,14.5,2026-08-13
2026-09-04,12,8169,13.5,2026-08-13
2026-09-05,12,6980,11.5,2026-08-13
2026-09-06,12,4632,7.5,2026-08-13
2026-09-07,12,10394,17.0,2026-08-13
2026-09-08,12,10194,16.5,2026-08-13
2026-09-09,12,9876,16.0,2026-08-13
2026-09-10,12,9881,16.0,2026-08-13
2026-09-11,12,8683,14.0,2026-08-13
2026-09-12,12,7441,12.0,2026-08-13
2026-09-13,12,4576,7.5,2026-08-13
2026-09-14,12,10542,17.5,2026-08-13
2026-09-15,12,10396,17.0,2026-08-13
2026-09-16,12,9990,16.5,2026-08-13
2026-09-17,12,9965,16.5,2026-08-13
2026-09-18,12,8770,14.5,2026-08-13
2026-09-19,12,7484,12.5,2026-08-13
2026-09-20,12,4529,7.5,2026-08-13
2026-09-21,12,10489,17.0,2026-08-13
2026-09-22,12,10366,17.0,2026-08-13
2026-09-23,12,9933,16.5,2026-08-13
2026-09-24,12,9857,16.0,2026-08-13
2026-09-25,12,8623,14.0,2026-08-13
2026-09-26,12,7308,12.0,2026-08-13
2026-09-27,12,4568,7.5,2026-08-13
2026-09-28,12,10356,17.0,2026-08-13
2026-09-29,12,10066,16.5,2026-08-13
2026-09-30,12,9643,16.0,2026-08-13
2026-10-01,12,9568,15.5,2026-08-13
2026-10-02,12,8507,14.0,2026-08-13
2026-10-03,12,7314,12.0,2026-08-13
2026-10-04,12,4637,7.5,2026-08-13
2026-10-05,12,11021,18.0,2026-08-13
2026-10-06,12,10681,17.5,2026-08-13
2026-10-07,12,10189,16.5,2026-08-13
2026-10-08,12,10382,17.0,2026-08-13
2026-10-09,12,9173,15.0,2026-08-13
2026-10-10,12,7980,13.0,2026-08-13
2026-10-11,12,4568,7.5,2026-08-13
2026-10-12,12,11117,18.0,2026-08-13
2026-07-15,13,460,1.0,2026-08-13
2026-07-16,13,531,1.0,2026-08-13
2026-07-17,13,468,1.0,2026-08-13
2026-07-18,13,498,1.0,2026-08-13
2026-07-19,13,429,1.0,2026-08-13
2026-07-20,13,529,1.0,2026-08-13
2026-07-21,13,567,1.0,2026-08-13
2026-07-22,13,469,1.0,2026-08-13
2026-07-23,13,543,1.0,2026-08-13
2026-07-24,13,477,1.0,2026-08-13
2026-07-25,13,508,1.0,2026-08-13
2026-07-26,13,432,1.0,2026-08-13
2026-07-27,13,534,1.0,2026-08-13
2026-07-28,13,572,1.0,2026-08-13
2026-07-29,13,472,1.0,2026-08-13
2026-07-30,13,546,1.0,2026-08-13
2026-07-31,13,475,1.0,2026-08-13
2026-08-01,13,559,1.0,2026-08-13
2026-08-02,13,460,1.0,2026-08-13
2026-08-03,13,578,1.0,2026-08-13
2026-08-04,13,613,1.0,2026-08-13
2026-08-05,13,492,1.0,2026-08-13
2026-08-06,13,569,1.0,2026-08-13
2026-08-07,13,491,1.0,2026-08-13
2026-08-08,13,518,1.0,2026-08-13
2026-08-09,13,435,1.0,2026-08-13
2026-08-10,13,541,1.0,2026-08-13
2026-08-11,13,581,1.0,2026-08-13
2026-08-12,13,477,1.0,2026-08-13
2026-08-13,13,554,1.0,2026-08-13
2026-08-14,13,486,1.0,2026-08-13
2026-08-15,13,469,1.0,2026-08-13
2026-08-16,13,452,1.0,2026-08-13
2026-08-17,13,550,1.0,2026-08-13
2026-08-18,13,592,1.0,2026-08-13
2026-08-19,13,482,1.0,2026-08-13
2026-08-20,13,561,1.0,2026-08-13
2026-08-21,13,483,1.0,2026-08-13
2026-08-22,13,514,1.0,2026-08-13
2026-08-23,13,480,1.0,2026-08-13
2026-08-24,13,587,1.0,2026-08-13
2026-08-25,13,627,1.0,2026-08-13
2026-08-26,13,503,1.0,2026-08-13
2026-08-27,13,527,1.0,2026-08-13
2026-08-28,13,540,1.0,2026-08-13
2026-08-29,13,563,1.0,2026-08-13
2026-08-30,13,463,1.0,2026-08-13
2026-08-31,13,582,1.0,2026-08-13
2026-09-01,13,616,1.0,2026-08-13
2026-09-02,13,496,1.0,2026-08-13
2026-09-03,13,579,1.0,2026-08-13
2026-09-04,13,500,1.0,2026-08-13
2026-09-05,13,529,1.0,2026-08-13
2026-09-06,13,439,1.0,2026-08-13
2026-09-07,13,547,1.0,2026-08-13
2026-09-08,13,586,1.0,2026-08-13
2026-09-09,13,476,1.0,2026-08-13
2026-09-10,13,554,1.0,2026-08-13
2026-09-11,13,484,1.0,2026-08-13
2026-09-12,13,514,1.0,2026-08-13
2026-09-13,13,432,1.0,2026-08-13
2026-09-14,13,536,1.0,2026-08-13
2026-09-15,13,574,1.0,2026-08-13
2026-09-16,13,469,1.0,2026-08-13
2026-09-17,13,545,1.0,2026-08-13
2026-09-18,13,478,1.0,2026-08-13
2026-09-19,13,510,1.0,2026-08-13
2026-09-20,13,431,1.0,2026-08-13
2026-09-21,13,537,1.0,2026-08-13
2026-09-22,13,577,1.0,2026-08-13
2026-09-23,13,472,1.0,2026-08-13
2026-09-24,13,547,1.0,2026-08-13
2026-09-25,13,480,1.0,2026-08-13
2026-09-26,13,510,1.0,2026-08-13
2026-09-27,13,430,1.0,2026-08-13
2026-09-28,13,535,1.0,2026-08-13
2026-09-29,13,573,1.0,2026-08-13
2026-09-30,13,469,1.0,2026-08-13
2026-10-01,13,543,1.0,2026-08-13
2026-10-02,13,477,1.0,2026-08-13
2026-10-03,13,509,1.0,2026-08-13
2026-10-04,13,431,1.0,2026-08-13
2026-10-05,13,534,1.0,2026-08-13
2026-10-06,13,571,1.0,2026-08-13
2026-10-07,13,467,1.0,2026-08-13
2026-10-08,13,539,1.0,2026-08-13
2026-10-09,13,471,1.0,2026-08-13
2026-10-10,13,498,1.0,2026-08-13
2026-10-11,13,423,1.0,2026-08-13
2026-10-12,13,521,1.0,2026-08-13
2026-07-15,14,411,1.0,2026-08-13
2026-07-16,14,445,1.0,2026-08-13
2026-07-17,14,425,1.0,2026-08-13
2026-07-18,14,424,1.0,2026-08-13
2026-07-19,14,412,1.0,2026-08-13
2026-07-20,14,479,1.0,2026-08-13
2026-07-21,14,485,1.0,2026-08-13
2026-07-22,14,416,1.0,2026-08-13
2026-07-23,14,453,1.0,2026-08-13
2026-07-24,14,432,1.0,2026-08-13
2026-07-25,14,430,1.0,2026-08-13
2026-07-26,14,416,1.0,2026-08-13
2026-07-27,14,487,1.0,2026-08-13
2026-07-28,14,492,1.0,2026-08-13
2026-07-29,14,420,1.0,2026-08-13
2026-07-30,14,459,1.0,2026-08-13
2026-07-31,14,431,1.0,2026-08-13
2026-08-01,14,444,1.0,2026-08-13
2026-08-02,14,419,1.0,2026-08-13
2026-08-03,14,492,1.0,2026-08-13
2026-08-04,14,494,1.0,2026-08-13
2026-08-05,14,420,1.0,2026-08-13
2026-08-06,14,461,1.0,2026-08-13
2026-08-07,14,438,1.0,2026-08-13
2026-08-08,14,436,1.0,2026-08-13
2026-08-09,14,420,1.0,2026-08-13
2026-08-10,14,494,1.0,2026-08-13
2026-08-11,14,499,1.0,2026-08-13
2026-08-12,14,423,1.0,2026-08-13
2026-08-13,14,466,1.0,2026-08-13
2026-08-14,14,441,1.0,2026-08-13
2026-08-15,14,429,1.0,2026-08-13
2026-08-16,14,423,1.0,2026-08-13
2026-08-17,14,485,1.0,2026-08-13
2026-08-18,14,494,1.0,2026-08-13
2026-08-19,14,420,1.0,2026-08-13
2026-08-20,14,464,1.0,2026-08-13
2026-08-21,14,435,1.0,2026-08-13
2026-08-22,14,437,1.0,2026-08-13
2026-08-23,14,422,1.0,2026-08-13
2026-08-24,14,484,1.0,2026-08-13
2026-08-25,14,490,1.0,2026-08-13
2026-08-26,14,419,1.0,2026-08-13
2026-08-27,14,453,1.0,2026-08-13
2026-08-28,14,452,1.0,2026-08-13
2026-08-29,14,441,1.0,2026-08-13
2026-08-30,14,423,1.0,2026-08-13
2026-08-31,14,498,1.0,2026-08-13
2026-09-01,14,502,1.0,2026-08-13
2026-09-02,14,425,1.0,2026-08-13
2026-09-03,14,470,1.0,2026-08-13
2026-09-04,14,444,1.0,2026-08-13
2026-09-05,14,441,1.0,2026-08-13
2026-09-06,14,423,1.0,2026-08-13
2026-09-07,14,501,1.0,2026-08-13
2026-09-08,14,506,1.0,2026-08-13
2026-09-09,14,425,1.0,2026-08-13
2026-09-10,14,471,1.0,2026-08-13
2026-09-11,14,445,1.0,2026-08-13
2026-09-12,14,442,1.0,2026-08-13
2026-09-13,14,423,1.0,2026-08-13
2026-09-14,14,500,1.0,2026-08-13
2026-09-15,14,505,1.0,2026-08-13
2026-09-16,14,425,1.0,2026-08-13
2026-09-17,14,470,1.0,2026-08-13
2026-09-18,14,444,1.0,2026-08-13
2026-09-19,14,441,1.0,2026-08-13
2026-09-20,14,424,1.0,2026-08-13
2026-09-21,14,501,1.0,2026-08-13
2026-09-22,14,507,1.0,2026-08-13
2026-09-23,14,426,1.0,2026-08-13
2026-09-24,14,470,1.0,2026-08-13
2026-09-25,14,445,1.0,2026-08-13
2026-09-26,14,442,1.0,2026-08-13
2026-09-27,14,424,1.0,2026-08-13
2026-09-28,14,502,1.0,2026-08-13
2026-09-29,14,508,1.0,2026-08-13
2026-09-30,14,427,1.0,2026-08-13
2026-10-01,14,472,1.0,2026-08-13
2026-10-02,14,448,1.0,2026-08-13
2026-10-03,14,446,1.0,2026-08-13
2026-10-04,14,427,1.0,2026-08-13
2026-10-05,14,507,1.0,2026-08-13
2026-10-06,14,513,1.0,2026-08-13
2026-10-07,14,429,1.0,2026-08-13
2026-10-08,14,477,1.0,2026-08-13
2026-10-09,14,452,1.0,2026-08-13
2026-10-10,14,448,1.0,2026-08-13
2026-10-11,14,428,1.0,2026-08-13
2026-10-12,14,509,1.0,2026-08-13
2026-07-15,15,182,1.0,2026-08-13
2026-07-16,15,218,1.0,2026-08-13
2026-07-17,15,190,1.0,2026-08-13
2026-07-18,15,192,1.0,2026-08-13
2026-07-19,15,0,0.0,2026-08-13
2026-07-20,15,228,1.0,2026-08-13
2026-07-21,15,215,1.0,2026-08-13
2026-07-22,15,182,1.0,2026-08-13
2026-07-23,15,217,1.0,2026-08-13
2026-07-24,15,189,1.0,2026-08-13
2026-07-25,15,192,1.0,2026-08-13
2026-07-26,15,0,0.0,2026-08-13
2026-07-27,15,226,1.0,2026-08-13
2026-07-28,15,214,1.0,2026-08-13
2026-07-29,15,182,1.0,2026-08-13
2026-07-30,15,216,1.0,2026-08-13
2026-07-31,15,156,1.0,2026-08-13
2026-08-01,15,205,1.0,2026-08-13
2026-08-02,15,13,1.0,2026-08-13
2026-08-03,15,228,1.0,2026-08-13
2026-08-04,15,215,1.0,2026-08-13
2026-08-05,15,182,1.0,2026-08-13
2026-08-06,15,216,1.0,2026-08-13
2026-08-07,15,189,1.0,2026-08-13
2026-08-08,15,192,1.0,2026-08-13
2026-08-09,15,0,0.0,2026-08-13
2026-08-10,15,230,1.0,2026-08-13
2026-08-11,15,216,1.0,2026-08-13
2026-08-12,15,182,1.0,2026-08-13
2026-08-13,15,217,1.0,2026-08-13
2026-08-14,15,190,1.0,2026-08-13
2026-08-15,15,132,1.0,2026-08-13
2026-08-16,15,23,1.0,2026-08-13
2026-08-17,15,225,1.0,2026-08-13
2026-08-18,15,215,1.0,2026-08-13
2026-08-19,15,176,1.0,2026-08-13
2026-08-20,15,215,1.0,2026-08-13
2026-08-21,15,149,1.0,2026-08-13
2026-08-22,15,176,1.0,2026-08-13
2026-08-23,15,41,1.0,2026-08-13
2026-08-24,15,226,1.0,2026-08-13
2026-08-25,15,216,1.0,2026-08-13
2026-08-26,15,176,1.0,2026-08-13
2026-08-27,15,185,1.0,2026-08-13
2026-08-28,15,195,1.0,2026-08-13
2026-08-29,15,194,1.0,2026-08-13
2026-08-30,15,2,1.0,2026-08-13
2026-08-31,15,225,1.0,2026-08-13
2026-09-01,15,212,1.0,2026-08-13
2026-09-02,15,178,1.0,2026-08-13
2026-09-03,15,215,1.0,2026-08-13
2026-09-04,15,189,1.0,2026-08-13
2026-09-05,15,191,1.0,2026-08-13
2026-09-06,15,0,0.0,2026-08-13
2026-09-07,15,232,1.0,2026-08-13
2026-09-08,15,217,1.0,2026-08-13
2026-09-09,15,183,1.0,2026-08-13
2026-09-10,15,218,1.0,2026-08-13
2026-09-11,15,190,1.0,2026-08-13
2026-09-12,15,193,1.0,2026-08-13
2026-09-13,15,0,0.0,2026-08-13
2026-09-14,15,229,1.0,2026-08-13
2026-09-15,15,215,1.0,2026-08-13
2026-09-16,15,182,1.0,2026-08-13
2026-09-17,15,218,1.0,2026-08-13
2026-09-18,15,190,1.0,2026-08-13
2026-09-19,15,194,1.0,2026-08-13
2026-09-20,15,0,0.0,2026-08-13
2026-09-21,15,230,1.0,2026-08-13
2026-09-22,15,217,1.0,2026-08-13
2026-09-23,15,183,1.0,2026-08-13
2026-09-24,15,220,1.0,2026-08-13
2026-09-25,15,191,1.0,2026-08-13
2026-09-26,15,193,1.0,2026-08-13
2026-09-27,15,0,0.0,2026-08-13
2026-09-28,15,231,1.0,2026-08-13
2026-09-29,15,215,1.0,2026-08-13
2026-09-30,15,182,1.0,2026-08-13
2026-10-01,15,217,1.0,2026-08-13
2026-10-02,15,190,1.0,2026-08-13
2026-10-03,15,195,1.0,2026-08-13
2026-10-04,15,2,1.0,2026-08-13
2026-10-05,15,230,1.0,2026-08-13
2026-10-06,15,215,1.0,2026-08-13
2026-10-07,15,182,1.0,2026-08-13
2026-10-08,15,218,1.0,2026-08-13
2026-10-09,15,191,1.0,2026-08-13
2026-10-10,15,194,1.0,2026-08-13
2026-10-11,15,1,1.0,2026-08-13
2026-10-12,15,231,1.0,2026-08-13
2026-07-15,16,7182,12.0,2026-08-13
2026-07-16,16,7085,11.5,2026-08-13
2026-07-17,16,6416,10.5,2026-08-13
2026-07-18,16,5864,9.5,2026-08-13
2026-07-19,16,4574,7.5,2026-08-13
2026-07-20,16,7009,11.5,2026-08-13
2026-07-21,16,7295,12.0,2026-08-13
2026-07-22,16,7201,12.0,2026-08-13
2026-07-23,16,7173,12.0,2026-08-13
2026-07-24,16,6483,10.5,2026-08-13
2026-07-25,16,5889,9.5,2026-08-13
2026-07-26,16,4571,7.5,2026-08-13
2026-07-27,16,6967,11.5,2026-08-13
2026-07-28,16,7294,12.0,2026-08-13
2026-07-29,16,7231,12.0,2026-08-13
2026-07-30,16,7189,12.0,2026-08-13
2026-07-31,16,6435,10.5,2026-08-13
2026-08-01,16,6363,10.5,2026-08-13
2026-08-02,16,4795,8.0,2026-08-13
2026-08-03,16,7206,12.0,2026-08-13
2026-08-04,16,7474,12.5,2026-08-13
2026-08-05,16,7340,12.0,2026-08-13
2026-08-06,16,7301,12.0,2026-08-13
2026-08-07,16,6632,11.0,2026-08-13
2026-08-08,16,6022,10.0,2026-08-13
2026-08-09,16,4668,7.5,2026-08-13
2026-08-10,16,7149,12.0,2026-08-13
2026-08-11,16,7464,12.5,2026-08-13
2026-08-12,16,7355,12.0,2026-08-13
2026-08-13,16,7315,12.0,2026-08-13
2026-08-14,16,6641,11.0,2026-08-13
2026-08-15,16,6156,10.0,2026-08-13
2026-08-16,16,5140,8.5,2026-08-13
2026-08-17,16,7309,12.0,2026-08-13
2026-08-18,16,7575,12.5,2026-08-13
2026-08-19,16,7386,12.0,2026-08-13
2026-08-20,16,7331,12.0,2026-08-13
2026-08-21,16,6579,11.0,2026-08-13
2026-08-22,16,6663,11.0,2026-08-13
2026-08-23,16,5345,9.0,2026-08-13
2026-08-24,16,7444,12.5,2026-08-13
2026-08-25,16,7659,12.5,2026-08-13
2026-08-26,16,7426,12.5,2026-08-13
2026-08-27,16,6788,11.0,2026-08-13
2026-08-28,16,6837,11.5,2026-08-13
2026-08-29,16,6170,10.0,2026-08-13
2026-08-30,16,4781,8.0,2026-08-13
2026-08-31,16,7260,12.0,2026-08-13
2026-09-01,16,7532,12.5,2026-08-13
2026-09-02,16,7471,12.5,2026-08-13
2026-09-03,16,7431,12.5,2026-08-13
2026-09-04,16,6753,11.0,2026-08-13
2026-09-05,16,6123,10.0,2026-08-13
2026-09-06,16,4699,8.0,2026-08-13
2026-09-07,16,7279,12.0,2026-08-13
2026-09-08,16,7615,12.5,2026-08-13
2026-09-09,16,7476,12.5,2026-08-13
2026-09-10,16,7449,12.5,2026-08-13
2026-09-11,16,6791,11.0,2026-08-13
2026-09-12,16,6132,10.0,2026-08-13
2026-09-13,16,4704,8.0,2026-08-13
2026-09-14,16,7283,12.0,2026-08-13
2026-09-15,16,7622,12.5,2026-08-13
2026-09-16,16,7484,12.5,2026-08-13
2026-09-17,16,7456,12.5,2026-08-13
2026-09-18,16,6799,11.5,2026-08-13
2026-09-19,16,6139,10.0,2026-08-13
2026-09-20,16,4707,8.0,2026-08-13
2026-09-21,16,7284,12.0,2026-08-13
2026-09-22,16,7623,12.5,2026-08-13
2026-09-23,16,7486,12.5,2026-08-13
2026-09-24,16,7454,12.5,2026-08-13
2026-09-25,16,6797,11.0,2026-08-13
2026-09-26,16,6135,10.0,2026-08-13
2026-09-27,16,4702,8.0,2026-08-13
2026-09-28,16,7280,12.0,2026-08-13
2026-09-29,16,7620,12.5,2026-08-13
2026-09-30,16,7483,12.5,2026-08-13
2026-10-01,16,7455,12.5,2026-08-13
2026-10-02,16,6882,11.5,2026-08-13
2026-10-03,16,6184,10.0,2026-08-13
2026-10-04,16,4697,8.0,2026-08-13
2026-10-05,16,7340,12.0,2026-08-13
2026-10-06,16,7712,13.0,2026-08-13
2026-10-07,16,7558,12.5,2026-08-13
2026-10-08,16,7542,12.5,2026-08-13
2026-10-09,16,6890,11.5,2026-08-13
2026-10-10,16,6173,10.0,2026-08-13
2026-10-11,16,4687,8.0,2026-08-13
2026-10-12,16,7341,12.0,2026-08-13
2026-07-15,2,3869,4.0,2026-08-13
2026-07-16,2,3807,4.0,2026-08-13
2026-07-17,2,3333,3.5,2026-08-13
2026-07-18,2,2964,3.0,2026-08-13
2026-07-19,2,2436,2.5,2026-08-13
2026-07-20,2,3638,4.0,2026-08-13
2026-07-21,2,3887,4.0,2026-08-13
2026-07-22,2,3699,4.0,2026-08-13
2026-07-23,2,3681,4.0,2026-08-13
2026-07-24,2,3180,3.5,2026-08-13
2026-07-25,2,2902,3.0,2026-08-13
2026-07-26,2,2348,2.5,2026-08-13
2026-07-27,2,3494,3.5,2026-08-13
2026-07-28,2,3791,4.0,2026-08-13
2026-07-29,2,3635,4.0,2026-08-13
2026-07-30,2,3627,3.5,2026-08-13
2026-07-31,2,3055,3.0,2026-08-13
2026-08-01,2,3303,3.5,2026-08-13
2026-08-02,2,2784,3.0,2026-08-13
2026-08-03,2,3964,4.0,2026-08-13
2026-08-04,2,4156,4.5,2026-08-13
2026-08-05,2,3965,4.0,2026-08-13
2026-08-06,2,3929,4.0,2026-08-13
2026-08-07,2,3403,3.5,2026-08-13
2026-08-08,2,3147,3.5,2026-08-13
2026-08-09,2,2621,2.5,2026-08-13
2026-08-10,2,3845,4.0,2026-08-13
2026-08-11,2,4116,4.5,2026-08-13
2026-08-12,2,3942,4.0,2026-08-13
2026-08-13,2,3933,4.0,2026-08-13
2026-08-14,2,3407,3.5,2026-08-13
2026-08-15,2,2865,3.0,2026-08-13
2026-08-16,2,2904,3.0,2026-08-13
2026-08-17,2,3906,4.0,2026-08-13
2026-08-18,2,4223,4.5,2026-08-13
2026-08-19,2,3994,4.0,2026-08-13
2026-08-20,2,4007,4.0,2026-08-13
2026-08-21,2,3441,3.5,2026-08-13
2026-08-22,2,3460,3.5,2026-08-13
2026-08-23,2,3396,3.5,2026-08-13
2026-08-24,2,4253,4.5,2026-08-13
2026-08-25,2,4435,4.5,2026-08-13
2026-08-26,2,4216,4.5,2026-08-13
2026-08-27,2,3907,4.0,2026-08-13
2026-08-28,2,3803,4.0,2026-08-13
2026-08-29,2,3694,4.0,2026-08-13
2026-08-30,2,3259,3.5,2026-08-13
2026-08-31,2,4327,4.5,2026-08-13
2026-09-01,2,4457,4.5,2026-08-13
2026-09-02,2,4276,4.5,2026-08-13
2026-09-03,2,4276,4.5,2026-08-13
2026-09-04,2,3733,4.0,2026-08-13
2026-09-05,2,3504,3.5,2026-08-13
2026-09-06,2,2970,3.0,2026-08-13
2026-09-07,2,4328,4.5,2026-08-13
2026-09-08,2,4452,4.5,2026-08-13
2026-09-09,2,4270,4.5,2026-08-13
2026-09-10,2,4255,4.5,2026-08-13
2026-09-11,2,3728,4.0,2026-08-13
2026-09-12,2,3487,3.5,2026-08-13
2026-09-13,2,2968,3.0,2026-08-13
2026-09-14,2,4271,4.5,2026-08-13
2026-09-15,2,4424,4.5,2026-08-13
2026-09-16,2,4245,4.5,2026-08-13
2026-09-17,2,4248,4.5,2026-08-13
2026-09-18,2,3734,4.0,2026-08-13
2026-09-19,2,3502,3.5,2026-08-13
2026-09-20,2,2941,3.0,2026-08-13
2026-09-21,2,4203,4.5,2026-08-13
2026-09-22,2,4371,4.5,2026-08-13
2026-09-23,2,4194,4.5,2026-08-13
2026-09-24,2,4194,4.5,2026-08-13
2026-09-25,2,3682,4.0,2026-08-13
2026-09-26,2,3341,3.5,2026-08-13
2026-09-27,2,2738,3.0,2026-08-13
2026-09-28,2,4065,4.0,2026-08-13
2026-09-29,2,4242,4.5,2026-08-13
2026-09-30,2,4057,4.0,2026-08-13
2026-10-01,2,4042,4.0,2026-08-13
2026-10-02,2,3537,3.5,2026-08-13
2026-10-03,2,3262,3.5,2026-08-13
2026-10-04,2,2570,2.5,2026-08-13
2026-10-05,2,4092,4.0,2026-08-13
2026-10-06,2,4201,4.5,2026-08-13
2026-10-07,2,4032,4.0,2026-08-13
2026-10-08,2,3984,4.0,2026-08-13
2026-10-09,2,3527,3.5,2026-08-13
2026-10-10,2,3246,3.5,2026-08-13
2026-10-11,2,2526,2.5,2026-08-13
2026-10-12,2,4088,4.0,2026-08-13
2026-07-15,20,3431,3.5,2026-08-13
2026-07-16,20,3749,4.0,2026-08-13
2026-07-17,20,3345,3.5,2026-08-13
2026-07-18,20,3135,3.5,2026-08-13
2026-07-19,20,2993,3.5,2026-08-13
2026-07-20,20,3668,4.0,2026-08-13
2026-07-21,20,3798,4.0,2026-08-13
2026-07-22,20,3318,3.5,2026-08-13
2026-07-23,20,3693,4.0,2026-08-13
2026-07-24,20,3347,3.5,2026-08-13
2026-07-25,20,3203,3.5,2026-08-13
2026-07-26,20,2976,3.0,2026-08-13
2026-07-27,20,3630,4.0,2026-08-13
2026-07-28,20,3733,4.0,2026-08-13
2026-07-29,20,3258,3.5,2026-08-13
2026-07-30,20,3657,4.0,2026-08-13
2026-07-31,20,3311,3.5,2026-08-13
2026-08-01,20,3473,4.0,2026-08-13
2026-08-02,20,3023,3.5,2026-08-13
2026-08-03,20,3646,4.0,2026-08-13
2026-08-04,20,3734,4.0,2026-08-13
2026-08-05,20,3189,3.5,2026-08-13
2026-08-06,20,3566,4.0,2026-08-13
2026-08-07,20,3237,3.5,2026-08-13
2026-08-08,20,3168,3.5,2026-08-13
2026-08-09,20,2902,3.0,2026-08-13
2026-08-10,20,3581,4.0,2026-08-13
2026-08-11,20,3640,4.0,2026-08-13
2026-08-12,20,3153,3.5,2026-08-13
2026-08-13,20,3534,4.0,2026-08-13
2026-08-14,20,3201,3.5,2026-08-13
2026-08-15,20,3141,3.5,2026-08-13
2026-08-16,20,2972,3.0,2026-08-13
2026-08-17,20,3598,4.0,2026-08-13
2026-08-18,20,3652,4.0,2026-08-13
2026-08-19,20,3137,3.5,2026-08-13
2026-08-20,20,3509,4.0,2026-08-13
2026-08-21,20,3186,3.5,2026-08-13
2026-08-22,20,3445,4.0,2026-08-13
2026-08-23,20,3071,3.5,2026-08-13
2026-08-24,20,3637,4.0,2026-08-13
2026-08-25,20,3702,4.0,2026-08-13
2026-08-26,20,3134,3.5,2026-08-13
2026-08-27,20,3471,4.0,2026-08-13
2026-08-28,20,3349,3.5,2026-08-13
2026-08-29,20,3191,3.5,2026-08-13
2026-08-30,20,2926,3.0,2026-08-13
2026-08-31,20,3591,4.0,2026-08-13
2026-09-01,20,3629,4.0,2026-08-13
2026-09-02,20,3118,3.5,2026-08-13
2026-09-03,20,3470,4.0,2026-08-13
2026-09-04,20,3161,3.5,2026-08-13
2026-09-05,20,3083,3.5,2026-08-13
2026-09-06,20,2774,3.0,2026-08-13
2026-09-07,20,3484,4.0,2026-08-13
2026-09-08,20,3507,4.0,2026-08-13
2026-09-09,20,3067,3.5,2026-08-13
2026-09-10,20,3408,3.5,2026-08-13
2026-09-11,20,3127,3.5,2026-08-13
2026-09-12,20,3041,3.5,2026-08-13
2026-09-13,20,2728,3.0,2026-08-13
2026-09-14,20,3442,3.5,2026-08-13
2026-09-15,20,3464,4.0,2026-08-13
2026-09-16,20,3042,3.5,2026-08-13
2026-09-17,20,3372,3.5,2026-08-13
2026-09-18,20,3116,3.5,2026-08-13
2026-09-19,20,3028,3.5,2026-08-13
2026-09-20,20,2715,3.0,2026-08-13
2026-09-21,20,3427,3.5,2026-08-13
2026-09-22,20,3447,4.0,2026-08-13
2026-09-23,20,3029,3.5,2026-08-13
2026-09-24,20,3357,3.5,2026-08-13
2026-09-25,20,3099,3.5,2026-08-13
2026-09-26,20,3009,3.5,2026-08-13
2026-09-27,20,2696,3.0,2026-08-13
2026-09-28,20,3410,3.5,2026-08-13
2026-09-29,20,3428,3.5,2026-08-13
2026-09-30,20,3018,3.5,2026-08-13
2026-10-01,20,3339,3.5,2026-08-13
2026-10-02,20,3079,3.5,2026-08-13
2026-10-03,20,2949,3.0,2026-08-13
2026-10-04,20,2617,3.0,2026-08-13
2026-10-05,20,3326,3.5,2026-08-13
2026-10-06,20,3359,3.5,2026-08-13
2026-10-07,20,2966,3.0,2026-08-13
2026-10-08,20,3243,3.5,2026-08-13
2026-10-09,20,3055,3.5,2026-08-13
2026-10-10,20,2902,3.0,2026-08-13
2026-10-11,20,2562,3.0,2026-08-13
2026-10-12,20,3278,3.5,2026-08-13
2026-07-15,21,5547,5.5,2026-08-13
2026-07-16,21,5915,6.0,2026-08-13
2026-07-17,21,4983,5.0,2026-08-13
2026-07-18,21,4777,4.5,2026-08-13
2026-07-19,21,3949,4.0,2026-08-13
2026-07-20,21,5528,5.5,2026-08-13
2026-07-21,21,5558,5.5,2026-08-13
2026-07-22,21,5154,5.0,2026-08-13
2026-07-23,21,5422,5.5,2026-08-13
2026-07-24,21,4676,4.5,2026-08-13
2026-07-25,21,4453,4.5,2026-08-13
2026-07-26,21,3810,3.5,2026-08-13
2026-07-27,21,5343,5.0,2026-08-13
2026-07-28,21,5429,5.5,2026-08-13
2026-07-29,21,5033,5.0,2026-08-13
2026-07-30,21,5300,5.0,2026-08-13
2026-07-31,21,4385,4.5,2026-08-13
2026-08-01,21,4733,4.5,2026-08-13
2026-08-02,21,3993,4.0,2026-08-13
2026-08-03,21,5597,5.5,2026-08-13
2026-08-04,21,5588,5.5,2026-08-13
2026-08-05,21,5213,5.0,2026-08-13
2026-08-06,21,5508,5.5,2026-08-13
2026-08-07,21,4728,4.5,2026-08-13
2026-08-08,21,4497,4.5,2026-08-13
2026-08-09,21,3888,4.0,2026-08-13
2026-08-10,21,5530,5.5,2026-08-13
2026-08-11,21,5600,5.5,2026-08-13
2026-08-12,21,5238,5.0,2026-08-13
2026-08-13,21,5534,5.5,2026-08-13
2026-08-14,21,4744,4.5,2026-08-13
2026-08-15,21,3890,4.0,2026-08-13
2026-08-16,21,4048,4.0,2026-08-13
2026-08-17,21,5467,5.5,2026-08-13
2026-08-18,21,5582,5.5,2026-08-13
2026-08-19,21,5200,5.0,2026-08-13
2026-08-20,21,5498,5.5,2026-08-13
2026-08-21,21,4655,4.5,2026-08-13
2026-08-22,21,4819,4.5,2026-08-13
2026-08-23,21,4316,4.0,2026-08-13
2026-08-24,21,5784,5.5,2026-08-13
2026-08-25,21,5760,5.5,2026-08-13
2026-08-26,21,5372,5.0,2026-08-13
2026-08-27,21,5390,5.0,2026-08-13
2026-08-28,21,4976,5.0,2026-08-13
2026-08-29,21,4723,4.5,2026-08-13
2026-08-30,21,4055,4.0,2026-08-13
2026-08-31,21,5662,5.5,2026-08-13
2026-09-01,21,5666,5.5,2026-08-13
2026-09-02,21,5288,5.0,2026-08-13
2026-09-03,21,5571,5.5,2026-08-13
2026-09-04,21,4749,4.5,2026-08-13
2026-09-05,21,4474,4.5,2026-08-13
2026-09-06,21,3768,3.5,2026-08-13
2026-09-07,21,5682,5.5,2026-08-13
2026-09-08,21,5680,5.5,2026-08-13
2026-09-09,21,5294,5.0,2026-08-13
2026-09-10,21,5602,5.5,2026-08-13
2026-09-11,21,4785,4.5,2026-08-13
2026-09-12,21,4504,4.5,2026-08-13
2026-09-13,21,3777,3.5,2026-08-13
2026-09-14,21,5692,5.5,2026-08-13
2026-09-15,21,5684,5.5,2026-08-13
2026-09-16,21,5307,5.0,2026-08-13
2026-09-17,21,5700,5.5,2026-08-13
2026-09-18,21,4879,4.5,2026-08-13
2026-09-19,21,4574,4.5,2026-08-13
2026-09-20,21,3816,3.5,2026-08-13
2026-09-21,21,5749,5.5,2026-08-13
2026-09-22,21,5733,5.5,2026-08-13
2026-09-23,21,5363,5.0,2026-08-13
2026-09-24,21,5676,5.5,2026-08-13
2026-09-25,21,4828,4.5,2026-08-13
2026-09-26,21,4555,4.5,2026-08-13
2026-09-27,21,3805,3.5,2026-08-13
2026-09-28,21,5749,5.5,2026-08-13
2026-09-29,21,5736,5.5,2026-08-13
2026-09-30,21,5363,5.0,2026-08-13
2026-10-01,21,5685,5.5,2026-08-13
2026-10-02,21,4843,4.5,2026-08-13
2026-10-03,21,4513,4.5,2026-08-13
2026-10-04,21,3630,3.5,2026-08-13
2026-10-05,21,5828,5.5,2026-08-13
2026-10-06,21,5781,5.5,2026-08-13
2026-10-07,21,5362,5.0,2026-08-13
2026-10-08,21,5748,5.5,2026-08-13
2026-10-09,21,4891,5.0,2026-08-13
2026-10-10,21,4514,4.5,2026-08-13
2026-10-11,21,3592,3.5,2026-08-13
2026-10-12,21,5820,5.5,2026-08-13
2026-07-15,23,3551,3.0,2026-08-13
2026-07-16,23,3796,3.5,2026-08-13
2026-07-17,23,3456,3.0,2026-08-13
2026-07-18,23,3267,3.0,2026-08-13
2026-07-19,23,2686,2.5,2026-08-13
2026-07-20,23,3878,3.5,2026-08-13
2026-07-21,23,3764,3.5,2026-08-13
2026-07-22,23,3482,3.0,2026-08-13
2026-07-23,23,3731,3.5,2026-08-13
2026-07-24,23,3427,3.0,2026-08-13
2026-07-25,23,3209,3.0,2026-08-13
2026-07-26,23,2667,2.5,2026-08-13
2026-07-27,23,3827,3.5,2026-08-13
2026-07-28,23,3721,3.5,2026-08-13
2026-07-29,23,3459,3.0,2026-08-13
2026-07-30,23,3704,3.5,2026-08-13
2026-07-31,23,3553,3.0,2026-08-13
2026-08-01,23,3489,3.0,2026-08-13
2026-08-02,23,2729,2.5,2026-08-13
2026-08-03,23,3962,3.5,2026-08-13
2026-08-04,23,3789,3.5,2026-08-13
2026-08-05,23,3485,3.0,2026-08-13
2026-08-06,23,3755,3.5,2026-08-13
2026-08-07,23,3437,3.0,2026-08-13
2026-08-08,23,3220,3.0,2026-08-13
2026-08-09,23,2674,2.5,2026-08-13
2026-08-10,23,3838,3.5,2026-08-13
2026-08-11,23,3725,3.5,2026-08-13
2026-08-12,23,3444,3.0,2026-08-13
2026-08-13,23,3705,3.5,2026-08-13
2026-08-14,23,3415,3.0,2026-08-13
2026-08-15,23,3457,3.0,2026-08-13
2026-08-16,23,2813,2.5,2026-08-13
2026-08-17,23,3957,3.5,2026-08-13
2026-08-18,23,3773,3.5,2026-08-13
2026-08-19,23,3464,3.0,2026-08-13
2026-08-20,23,3722,3.5,2026-08-13
2026-08-21,23,3561,3.0,2026-08-13
2026-08-22,23,3704,3.5,2026-08-13
2026-08-23,23,2940,2.5,2026-08-13
2026-08-24,23,4144,4.0,2026-08-13
2026-08-25,23,3879,3.5,2026-08-13
2026-08-26,23,3525,3.0,2026-08-13
2026-08-27,23,3797,3.5,2026-08-13
2026-08-28,23,3560,3.0,2026-08-13
2026-08-29,23,3322,3.0,2026-08-13
2026-08-30,23,2689,2.5,2026-08-13
2026-08-31,23,3885,3.5,2026-08-13
2026-09-01,23,3758,3.5,2026-08-13
2026-09-02,23,3489,3.0,2026-08-13
2026-09-03,23,3790,3.5,2026-08-13
2026-09-04,23,3464,3.0,2026-08-13
2026-09-05,23,3263,3.0,2026-08-13
2026-09-06,23,2694,2.5,2026-08-13
2026-09-07,23,3921,3.5,2026-08-13
2026-09-08,23,3806,3.5,2026-08-13
2026-09-09,23,3485,3.0,2026-08-13
2026-09-10,23,3810,3.5,2026-08-13
2026-09-11,23,3473,3.0,2026-08-13
2026-09-12,23,3263,3.0,2026-08-13
2026-09-13,23,2699,2.5,2026-08-13
2026-09-14,23,3943,3.5,2026-08-13
2026-09-15,23,3828,3.5,2026-08-13
2026-09-16,23,3492,3.0,2026-08-13
2026-09-17,23,3797,3.5,2026-08-13
2026-09-18,23,3461,3.0,2026-08-13
2026-09-19,23,3236,3.0,2026-08-13
2026-09-20,23,2694,2.5,2026-08-13
2026-09-21,23,3930,3.5,2026-08-13
2026-09-22,23,3817,3.5,2026-08-13
2026-09-23,23,3486,3.0,2026-08-13
2026-09-24,23,3808,3.5,2026-08-13
2026-09-25,23,3467,3.0,2026-08-13
2026-09-26,23,3254,3.0,2026-08-13
2026-09-27,23,2698,2.5,2026-08-13
2026-09-28,23,3925,3.5,2026-08-13
2026-09-29,23,3812,3.5,2026-08-13
2026-09-30,23,3484,3.0,2026-08-13
2026-10-01,23,3810,3.5,2026-08-13
2026-10-02,23,3501,3.0,2026-08-13
2026-10-03,23,3292,3.0,2026-08-13
2026-10-04,23,2720,2.5,2026-08-13
2026-10-05,23,4010,3.5,2026-08-13
2026-10-06,23,3896,3.5,2026-08-13
2026-10-07,23,3522,3.0,2026-08-13
2026-10-08,23,3911,3.5,2026-08-13
2026-10-09,23,3538,3.0,2026-08-13
2026-10-10,23,3377,3.0,2026-08-13
2026-10-11,23,2765,2.5,2026-08-13
2026-10-12,23,4117,4.0,2026-08-13
2026-07-15,24,492,1.0,2026-08-13
2026-07-16,24,504,1.0,2026-08-13
2026-07-17,24,476,1.0,2026-08-13
2026-07-18,24,695,1.0,2026-08-13
2026-07-19,24,833,1.0,2026-08-13
2026-07-20,24,342,1.0,2026-08-13
2026-07-21,24,345,1.0,2026-08-13
2026-07-22,24,517,1.0,2026-08-13
2026-07-23,24,554,1.0,2026-08-13
2026-07-24,24,594,1.0,2026-08-13
2026-07-25,24,885,1.0,2026-08-13
2026-07-26,24,1086,1.0,2026-08-13
2026-07-27,24,593,1.0,2026-08-13
2026-07-28,24,631,1.0,2026-08-13
2026-07-29,24,816,1.0,2026-08-13
2026-07-30,24,883,1.0,2026-08-13
2026-07-31,24,862,1.0,2026-08-13
2026-08-01,24,996,1.0,2026-08-13
2026-08-02,24,1181,1.0,2026-08-13
2026-08-03,24,598,1.0,2026-08-13
2026-08-04,24,652,1.0,2026-08-13
2026-08-05,24,801,1.0,2026-08-13
2026-08-06,24,857,1.0,2026-08-13
2026-08-07,24,866,1.0,2026-08-13
2026-08-08,24,1166,1.0,2026-08-13
2026-08-09,24,1322,1.0,2026-08-13
2026-08-10,24,611,1.0,2026-08-13
2026-08-11,24,638,1.0,2026-08-13
2026-08-12,24,790,1.0,2026-08-13
2026-08-13,24,812,1.0,2026-08-13
2026-08-14,24,822,1.0,2026-08-13
2026-08-15,24,837,1.0,2026-08-13
2026-08-16,24,877,1.0,2026-08-13
2026-08-17,24,520,1.0,2026-08-13
2026-08-18,24,529,1.0,2026-08-13
2026-08-19,24,700,1.0,2026-08-13
2026-08-20,24,733,1.0,2026-08-13
2026-08-21,24,816,1.0,2026-08-13
2026-08-22,24,719,1.0,2026-08-13
2026-08-23,24,777,1.0,2026-08-13
2026-08-24,24,492,1.0,2026-08-13
2026-08-25,24,487,1.0,2026-08-13
2026-08-26,24,651,1.0,2026-08-13
2026-08-27,24,733,1.0,2026-08-13
2026-08-28,24,660,1.0,2026-08-13
2026-08-29,24,961,1.0,2026-08-13
2026-08-30,24,1106,1.0,2026-08-13
2026-08-31,24,510,1.0,2026-08-13
2026-09-01,24,513,1.0,2026-08-13
2026-09-02,24,608,1.0,2026-08-13
2026-09-03,24,536,1.0,2026-08-13
2026-09-04,24,476,1.0,2026-08-13
2026-09-05,24,675,1.0,2026-08-13
2026-09-06,24,860,1.0,2026-08-13
2026-09-07,24,303,1.0,2026-08-13
2026-09-08,24,254,1.0,2026-08-13
2026-09-09,24,282,1.0,2026-08-13
2026-09-10,24,178,1.0,2026-08-13
2026-09-11,24,153,1.0,2026-08-13
2026-09-12,24,297,1.0,2026-08-13
2026-09-13,24,467,1.0,2026-08-13
2026-09-14,24,141,1.0,2026-08-13
2026-09-15,24,142,1.0,2026-08-13
2026-09-16,24,146,1.0,2026-08-13
2026-09-17,24,142,1.0,2026-08-13
2026-09-18,24,142,1.0,2026-08-13
2026-09-19,24,241,1.0,2026-08-13
2026-09-20,24,373,1.0,2026-08-13
2026-09-21,24,141,1.0,2026-08-13
2026-09-22,24,142,1.0,2026-08-13
2026-09-23,24,142,1.0,2026-08-13
2026-09-24,24,142,1.0,2026-08-13
2026-09-25,24,142,1.0,2026-08-13
2026-09-26,24,217,1.0,2026-08-13
2026-09-27,24,344,1.0,2026-08-13
2026-09-28,24,141,1.0,2026-08-13
2026-09-29,24,142,1.0,2026-08-13
2026-09-30,24,142,1.0,2026-08-13
2026-10-01,24,142,1.0,2026-08-13
2026-10-02,24,142,1.0,2026-08-13
2026-10-03,24,224,1.0,2026-08-13
2026-10-04,24,375,1.0,2026-08-13
2026-10-05,24,141,1.0,2026-08-13
2026-10-06,24,142,1.0,2026-08-13
2026-10-07,24,164,1.0,2026-08-13
2026-10-08,24,142,1.0,2026-08-13
2026-10-09,24,142,1.0,2026-08-13
2026-10-10,24,242,1.0,2026-08-13
2026-10-11,24,398,1.0,2026-08-13
2026-10-12,24,141,1.0,2026-08-13
2026-07-15,26,4320,6.5,2026-08-13
2026-07-16,26,4507,7.0,2026-08-13
2026-07-17,26,3930,6.0,2026-08-13
2026-07-18,26,3873,6.0,2026-08-13
2026-07-19,26,3198,5.0,2026-08-13
2026-07-20,26,2553,4.0,2026-08-13
2026-07-21,26,3130,5.0,2026-08-13
2026-07-22,26,2769,4.0,2026-08-13
2026-07-23,26,3015,4.5,2026-08-13
2026-07-24,26,3273,5.0,2026-08-13
2026-07-25,26,3283,5.0,2026-08-13
2026-07-26,26,3200,5.0,2026-08-13
2026-07-27,26,3765,5.5,2026-08-13
2026-07-28,26,4156,6.5,2026-08-13
2026-07-29,26,3803,6.0,2026-08-13
2026-07-30,26,4032,6.0,2026-08-13
2026-07-31,26,3934,6.0,2026-08-13
2026-08-01,26,4180,6.5,2026-08-13
2026-08-02,26,3901,6.0,2026-08-13
2026-08-03,26,4301,6.5,2026-08-13
2026-08-04,26,4595,7.0,2026-08-13
2026-08-05,26,4229,6.5,2026-08-13
2026-08-06,26,4419,6.5,2026-08-13
2026-08-07,26,3989,6.0,2026-08-13
2026-08-08,26,3973,6.0,2026-08-13
2026-08-09,26,3736,5.5,2026-08-13
2026-08-10,26,4063,6.0,2026-08-13
2026-08-11,26,4424,6.5,2026-08-13
2026-08-12,26,4038,6.0,2026-08-13
2026-08-13,26,4269,6.5,2026-08-13
2026-08-14,26,3949,6.0,2026-08-13
2026-08-15,26,3737,5.5,2026-08-13
2026-08-16,26,3818,6.0,2026-08-13
2026-08-17,26,4179,6.5,2026-08-13
2026-08-18,26,4569,7.0,2026-08-13
2026-08-19,26,4202,6.5,2026-08-13
2026-08-20,26,4409,6.5,2026-08-13
2026-08-21,26,4099,6.0,2026-08-13
2026-08-22,26,4190,6.5,2026-08-13
2026-08-23,26,4053,6.0,2026-08-13
2026-08-24,26,4520,7.0,2026-08-13
2026-08-25,26,4852,7.5,2026-08-13
2026-08-26,26,4484,7.0,2026-08-13
2026-08-27,26,4626,7.0,2026-08-13
2026-08-28,26,4265,6.5,2026-08-13
2026-08-29,26,4182,6.5,2026-08-13
2026-08-30,26,4025,6.0,2026-08-13
2026-08-31,26,4433,6.5,2026-08-13
2026-09-01,26,4769,7.5,2026-08-13
2026-09-02,26,4310,6.5,2026-08-13
2026-09-03,26,4463,7.0,2026-08-13
2026-09-04,26,4030,6.0,2026-08-13
2026-09-05,26,3907,6.0,2026-08-13
2026-09-06,26,3639,5.5,2026-08-13
2026-09-07,26,4021,6.0,2026-08-13
2026-09-08,26,4366,6.5,2026-08-13
2026-09-09,26,3926,6.0,2026-08-13
2026-09-10,26,4133,6.5,2026-08-13
2026-09-11,26,3957,6.0,2026-08-13
2026-09-12,26,3910,6.0,2026-08-13
2026-09-13,26,3619,5.5,2026-08-13
2026-09-14,26,4048,6.0,2026-08-13
2026-09-15,26,4390,6.5,2026-08-13
2026-09-16,26,3962,6.0,2026-08-13
2026-09-17,26,4148,6.5,2026-08-13
2026-09-18,26,3972,6.0,2026-08-13
2026-09-19,26,3929,6.0,2026-08-13
2026-09-20,26,3624,5.5,2026-08-13
2026-09-21,26,4098,6.0,2026-08-13
2026-09-22,26,4449,7.0,2026-08-13
2026-09-23,26,3988,6.0,2026-08-13
2026-09-24,26,4192,6.5,2026-08-13
2026-09-25,26,3987,6.0,2026-08-13
2026-09-26,26,3935,6.0,2026-08-13
2026-09-27,26,3587,5.5,2026-08-13
2026-09-28,26,4107,6.5,2026-08-13
2026-09-29,26,4484,7.0,2026-08-13
2026-09-30,26,3997,6.0,2026-08-13
2026-10-01,26,4213,6.5,2026-08-13
2026-10-02,26,3986,6.0,2026-08-13
2026-10-03,26,3910,6.0,2026-08-13
2026-10-04,26,3556,5.5,2026-08-13
2026-10-05,26,4087,6.0,2026-08-13
2026-10-06,26,4455,7.0,2026-08-13
2026-10-07,26,3957,6.0,2026-08-13
2026-10-08,26,4151,6.5,2026-08-13
2026-10-09,26,4004,6.0,2026-08-13
2026-10-10,26,3938,6.0,2026-08-13
2026-10-11,26,3565,5.5,2026-08-13
2026-10-12,26,4100,6.0,2026-08-13
2026-07-15,27,592,1.0,2026-08-13
2026-07-16,27,562,1.0,2026-08-13
2026-07-17,27,436,1.0,2026-08-13
2026-07-18,27,307,1.0,2026-08-13
2026-07-19,27,11,1.0,2026-08-13
2026-07-20,27,394,1.0,2026-08-13
2026-07-21,27,412,1.0,2026-08-13
2026-07-22,27,427,1.0,2026-08-13
2026-07-23,27,395,1.0,2026-08-13
2026-07-24,27,276,1.0,2026-08-13
2026-07-25,27,187,1.0,2026-08-13
2026-07-26,27,2,1.0,2026-08-13
2026-07-27,27,259,1.0,2026-08-13
2026-07-28,27,302,1.0,2026-08-13
2026-07-29,27,318,1.0,2026-08-13
2026-07-30,27,270,1.0,2026-08-13
2026-07-31,27,111,1.0,2026-08-13
2026-08-01,27,221,1.0,2026-08-13
2026-08-02,27,8,1.0,2026-08-13
2026-08-03,27,265,1.0,2026-08-13
2026-08-04,27,334,1.0,2026-08-13
2026-08-05,27,365,1.0,2026-08-13
2026-08-06,27,339,1.0,2026-08-13
2026-08-07,27,224,1.0,2026-08-13
2026-08-08,27,133,1.0,2026-08-13
2026-08-09,27,0,0.0,2026-08-13
2026-08-10,27,211,1.0,2026-08-13
2026-08-11,27,280,1.0,2026-08-13
2026-08-12,27,331,1.0,2026-08-13
2026-08-13,27,315,1.0,2026-08-13
2026-08-14,27,205,1.0,2026-08-13
2026-08-15,27,70,1.0,2026-08-13
2026-08-16,27,53,1.0,2026-08-13
2026-08-17,27,420,1.0,2026-08-13
2026-08-18,27,465,1.0,2026-08-13
2026-08-19,27,471,1.0,2026-08-13
2026-08-20,27,435,1.0,2026-08-13
2026-08-21,27,311,1.0,2026-08-13
2026-08-22,27,502,1.0,2026-08-13
2026-08-23,27,242,1.0,2026-08-13
2026-08-24,27,678,1.0,2026-08-13
2026-08-25,27,667,1.0,2026-08-13
2026-08-26,27,597,1.0,2026-08-13
2026-08-27,27,544,1.0,2026-08-13
2026-08-28,27,548,1.0,2026-08-13
2026-08-29,27,370,1.0,2026-08-13
2026-08-30,27,13,1.0,2026-08-13
2026-08-31,27,497,1.0,2026-08-13
2026-09-01,27,525,1.0,2026-08-13
2026-09-02,27,568,1.0,2026-08-13
2026-09-03,27,577,1.0,2026-08-13
2026-09-04,27,470,1.0,2026-08-13
2026-09-05,27,340,1.0,2026-08-13
2026-09-06,27,10,1.0,2026-08-13
2026-09-07,27,630,1.0,2026-08-13
2026-09-08,27,702,1.0,2026-08-13
2026-09-09,27,719,1.0,2026-08-13
2026-09-10,27,759,1.0,2026-08-13
2026-09-11,27,620,1.0,2026-08-13
2026-09-12,27,425,1.0,2026-08-13
2026-09-13,27,16,1.0,2026-08-13
2026-09-14,27,762,1.0,2026-08-13
2026-09-15,27,794,1.0,2026-08-13
2026-09-16,27,776,1.0,2026-08-13
2026-09-17,27,795,1.0,2026-08-13
2026-09-18,27,630,1.0,2026-08-13
2026-09-19,27,433,1.0,2026-08-13
2026-09-20,27,15,1.0,2026-08-13
2026-09-21,27,789,1.0,2026-08-13
2026-09-22,27,808,1.0,2026-08-13
2026-09-23,27,784,1.0,2026-08-13
2026-09-24,27,840,1.0,2026-08-13
2026-09-25,27,684,1.0,2026-08-13
2026-09-26,27,460,1.0,2026-08-13
2026-09-27,27,19,1.0,2026-08-13
2026-09-28,27,845,1.0,2026-08-13
2026-09-29,27,850,1.0,2026-08-13
2026-09-30,27,812,1.0,2026-08-13
2026-10-01,27,868,1.0,2026-08-13
2026-10-02,27,709,1.0,2026-08-13
2026-10-03,27,471,1.0,2026-08-13
2026-10-04,27,19,1.0,2026-08-13
2026-10-05,27,867,1.0,2026-08-13
2026-10-06,27,864,1.0,2026-08-13
2026-10-07,27,830,1.0,2026-08-13
2026-10-08,27,897,1.0,2026-08-13
2026-10-09,27,730,1.0,2026-08-13
2026-10-10,27,481,1.0,2026-08-13
2026-10-11,27,21,1.0,2026-08-13
2026-10-12,27,893,1.0,2026-08-13
2026-07-15,3,4288,5.5,2026-08-13
2026-07-16,3,4301,5.5,2026-08-13
2026-07-17,3,3810,5.0,2026-08-13
2026-07-18,3,3417,4.5,2026-08-13
2026-07-19,3,2268,3.0,2026-08-13
2026-07-20,3,4580,6.0,2026-08-13
2026-07-21,3,4673,6.0,2026-08-13
2026-07-22,3,4448,6.0,2026-08-13
2026-07-23,3,4452,6.0,2026-08-13
2026-07-24,3,3950,5.0,2026-08-13
2026-07-25,3,3530,4.5,2026-08-13
2026-07-26,3,2288,3.0,2026-08-13
2026-07-27,3,4677,6.0,2026-08-13
2026-07-28,3,4757,6.5,2026-08-13
2026-07-29,3,4517,6.0,2026-08-13
2026-07-30,3,4520,6.0,2026-08-13
2026-07-31,3,3918,5.0,2026-08-13
2026-08-01,3,4245,5.5,2026-08-13
2026-08-02,3,2667,3.5,2026-08-13
2026-08-03,3,5479,7.0,2026-08-13
2026-08-04,3,5266,7.0,2026-08-13
2026-08-05,3,4960,6.5,2026-08-13
2026-08-06,3,4884,6.5,2026-08-13
2026-08-07,3,4399,6.0,2026-08-13
2026-08-08,3,3913,5.0,2026-08-13
2026-08-09,3,2523,3.5,2026-08-13
2026-08-10,3,5164,7.0,2026-08-13
2026-08-11,3,5160,7.0,2026-08-13
2026-08-12,3,4843,6.5,2026-08-13
2026-08-13,3,4844,6.5,2026-08-13
2026-08-14,3,4351,5.5,2026-08-13
2026-08-15,3,3909,5.0,2026-08-13
2026-08-16,3,3051,4.0,2026-08-13
2026-08-17,3,5508,7.5,2026-08-13
2026-08-18,3,5478,7.0,2026-08-13
2026-08-19,3,5085,6.5,2026-08-13
2026-08-20,3,5076,6.5,2026-08-13
2026-08-21,3,4509,6.0,2026-08-13
2026-08-22,3,5036,6.5,2026-08-13
2026-08-23,3,3805,5.0,2026-08-13
2026-08-24,3,6133,8.0,2026-08-13
2026-08-25,3,5720,7.5,2026-08-13
2026-08-26,3,5387,7.0,2026-08-13
2026-08-27,3,5140,7.0,2026-08-13
2026-08-28,3,5150,7.0,2026-08-13
2026-08-29,3,4503,6.0,2026-08-13
2026-08-30,3,2983,4.0,2026-08-13
2026-08-31,3,5779,7.5,2026-08-13
2026-09-01,3,5520,7.5,2026-08-13
2026-09-02,3,5222,7.0,2026-08-13
2026-09-03,3,5193,7.0,2026-08-13
2026-09-04,3,4715,6.0,2026-08-13
2026-09-05,3,4192,5.5,2026-08-13
2026-09-06,3,2623,3.5,2026-08-13
2026-09-07,3,5586,7.5,2026-08-13
2026-09-08,3,5387,7.0,2026-08-13
2026-09-09,3,5101,6.5,2026-08-13
2026-09-10,3,5107,6.5,2026-08-13
2026-09-11,3,4644,6.0,2026-08-13
2026-09-12,3,4101,5.5,2026-08-13
2026-09-13,3,2560,3.5,2026-08-13
2026-09-14,3,5473,7.0,2026-08-13
2026-09-15,3,5332,7.0,2026-08-13
2026-09-16,3,5047,6.5,2026-08-13
2026-09-17,3,5051,6.5,2026-08-13
2026-09-18,3,4634,6.0,2026-08-13
2026-09-19,3,4086,5.5,2026-08-13
2026-09-20,3,2542,3.5,2026-08-13
2026-09-21,3,5431,7.0,2026-08-13
2026-09-22,3,5298,7.0,2026-08-13
2026-09-23,3,5017,6.5,2026-08-13
2026-09-24,3,5034,6.5,2026-08-13
2026-09-25,3,4567,6.0,2026-08-13
2026-09-26,3,4044,5.5,2026-08-13
2026-09-27,3,2519,3.5,2026-08-13
2026-09-28,3,5402,7.0,2026-08-13
2026-09-29,3,5274,7.0,2026-08-13
2026-09-30,3,4992,6.5,2026-08-13
2026-10-01,3,5008,6.5,2026-08-13
2026-10-02,3,4533,6.0,2026-08-13
2026-10-03,3,3952,5.0,2026-08-13
2026-10-04,3,2385,3.0,2026-08-13
2026-10-05,3,5420,7.0,2026-08-13
2026-10-06,3,5244,7.0,2026-08-13
2026-10-07,3,4980,6.5,2026-08-13
2026-10-08,3,5051,6.5,2026-08-13
2026-10-09,3,4603,6.0,2026-08-13
2026-10-10,3,4009,5.5,2026-08-13
2026-10-11,3,2386,3.0,2026-08-13
2026-10-12,3,5451,7.0,2026-08-13
2026-07-15,31,3310,6.0,2026-08-13
2026-07-16,31,3090,5.5,2026-08-13
2026-07-17,31,2658,5.0,2026-08-13
2026-07-18,31,2628,5.0,2026-08-13
2026-07-19,31,2368,4.5,2026-08-13
2026-07-20,31,3202,6.0,2026-08-13
2026-07-21,31,3323,6.0,2026-08-13
2026-07-22,31,3272,6.0,2026-08-13
2026-07-23,31,3126,5.5,2026-08-13
2026-07-24,31,2663,5.0,2026-08-13
2026-07-25,31,2611,5.0,2026-08-13
2026-07-26,31,2338,4.5,2026-08-13
2026-07-27,31,3152,6.0,2026-08-13
2026-07-28,31,3299,6.0,2026-08-13
2026-07-29,31,3275,6.0,2026-08-13
2026-07-30,31,3129,5.5,2026-08-13
2026-07-31,31,3013,5.5,2026-08-13
2026-08-01,31,3052,5.5,2026-08-13
2026-08-02,31,2685,5.0,2026-08-13
2026-08-03,31,3578,6.5,2026-08-13
2026-08-04,31,3578,6.5,2026-08-13
2026-08-05,31,3472,6.5,2026-08-13
2026-08-06,31,3315,6.0,2026-08-13
2026-08-07,31,2824,5.0,2026-08-13
2026-08-08,31,2795,5.0,2026-08-13
2026-08-09,31,2480,4.5,2026-08-13
2026-08-10,31,3339,6.0,2026-08-13
2026-08-11,31,3461,6.5,2026-08-13
2026-08-12,31,3394,6.0,2026-08-13
2026-08-13,31,3256,6.0,2026-08-13
2026-08-14,31,2781,5.0,2026-08-13
2026-08-15,31,2707,5.0,2026-08-13
2026-08-16,31,2532,4.5,2026-08-13
2026-08-17,31,3471,6.5,2026-08-13
2026-08-18,31,3559,6.5,2026-08-13
2026-08-19,31,3472,6.5,2026-08-13
2026-08-20,31,3320,6.0,2026-08-13
2026-08-21,31,3181,6.0,2026-08-13
2026-08-22,31,3281,6.0,2026-08-13
2026-08-23,31,2848,5.0,2026-08-13
2026-08-24,31,3807,7.0,2026-08-13
2026-08-25,31,3750,7.0,2026-08-13
2026-08-26,31,3600,6.5,2026-08-13
2026-08-27,31,3617,6.5,2026-08-13
2026-08-28,31,3185,6.0,2026-08-13
2026-08-29,31,3190,6.0,2026-08-13
2026-08-30,31,2719,5.0,2026-08-13
2026-08-31,31,3606,6.5,2026-08-13
2026-09-01,31,3650,6.5,2026-08-13
2026-09-02,31,3543,6.5,2026-08-13
2026-09-03,31,3417,6.5,2026-08-13
2026-09-04,31,2931,5.5,2026-08-13
2026-09-05,31,2899,5.5,2026-08-13
2026-09-06,31,2534,4.5,2026-08-13
2026-09-07,31,3424,6.5,2026-08-13
2026-09-08,31,3573,6.5,2026-08-13
2026-09-09,31,3469,6.5,2026-08-13
2026-09-10,31,3354,6.0,2026-08-13
2026-09-11,31,2870,5.5,2026-08-13
2026-09-12,31,2831,5.0,2026-08-13
2026-09-13,31,2490,4.5,2026-08-13
2026-09-14,31,3373,6.0,2026-08-13
2026-09-15,31,3531,6.5,2026-08-13
2026-09-16,31,3442,6.5,2026-08-13
2026-09-17,31,3326,6.0,2026-08-13
2026-09-18,31,2847,5.0,2026-08-13
2026-09-19,31,2809,5.0,2026-08-13
2026-09-20,31,2476,4.5,2026-08-13
2026-09-21,31,3351,6.0,2026-08-13
2026-09-22,31,3514,6.5,2026-08-13
2026-09-23,31,3429,6.5,2026-08-13
2026-09-24,31,3313,6.0,2026-08-13
2026-09-25,31,2840,5.0,2026-08-13
2026-09-26,31,2801,5.0,2026-08-13
2026-09-27,31,2473,4.5,2026-08-13
2026-09-28,31,3352,6.0,2026-08-13
2026-09-29,31,3509,6.5,2026-08-13
2026-09-30,31,3427,6.5,2026-08-13
2026-10-01,31,3311,6.0,2026-08-13
2026-10-02,31,2860,5.0,2026-08-13
2026-10-03,31,2831,5.0,2026-08-13
2026-10-04,31,2489,4.5,2026-08-13
2026-10-05,31,3404,6.0,2026-08-13
2026-10-06,31,3586,6.5,2026-08-13
2026-10-07,31,3485,6.5,2026-08-13
2026-10-08,31,3390,6.0,2026-08-13
2026-10-09,31,2923,5.5,2026-08-13
2026-10-10,31,2883,5.5,2026-08-13
2026-10-11,31,2514,4.5,2026-08-13
2026-10-12,31,3444,6.5,2026-08-13
2026-07-15,32,2143,5.0,2026-08-13
2026-07-16,32,2037,4.5,2026-08-13
2026-07-17,32,1724,4.0,2026-08-13
2026-07-18,32,2274,5.0,2026-08-13
2026-07-19,32,2082,4.5,2026-08-13
2026-07-20,32,2124,4.5,2026-08-13
2026-07-21,32,1825,4.0,2026-08-13
2026-07-22,32,2011,4.5,2026-08-13
2026-07-23,32,1872,4.0,2026-08-13
2026-07-24,32,1577,3.5,2026-08-13
2026-07-25,32,2113,4.5,2026-08-13
2026-07-26,32,1997,4.5,2026-08-13
2026-07-27,32,2079,4.5,2026-08-13
2026-07-28,32,1756,4.0,2026-08-13
2026-07-29,32,1910,4.5,2026-08-13
2026-07-30,32,1808,4.0,2026-08-13
2026-07-31,32,1666,3.5,2026-08-13
2026-08-01,32,1991,4.5,2026-08-13
2026-08-02,32,1702,4.0,2026-08-13
2026-08-03,32,2134,5.0,2026-08-13
2026-08-04,32,1652,3.5,2026-08-13
2026-08-05,32,2040,4.5,2026-08-13
2026-08-06,32,1845,4.0,2026-08-13
2026-08-07,32,1655,3.5,2026-08-13
2026-08-08,32,2141,5.0,2026-08-13
2026-08-09,32,2000,4.5,2026-08-13
2026-08-10,32,2131,5.0,2026-08-13
2026-08-11,32,1791,4.0,2026-08-13
2026-08-12,32,1972,4.5,2026-08-13
2026-08-13,32,1864,4.0,2026-08-13
2026-08-14,32,1570,3.5,2026-08-13
2026-08-15,32,2153,5.0,2026-08-13
2026-08-16,32,1902,4.0,2026-08-13
2026-08-17,32,1981,4.5,2026-08-13
2026-08-18,32,1779,4.0,2026-08-13
2026-08-19,32,1966,4.5,2026-08-13
2026-08-20,32,1916,4.5,2026-08-13
2026-08-21,32,1798,4.0,2026-08-13
2026-08-22,32,2026,4.5,2026-08-13
2026-08-23,32,1904,4.0,2026-08-13
2026-08-24,32,2281,5.0,2026-08-13
2026-08-25,32,1864,4.0,2026-08-13
2026-08-26,32,2270,5.0,2026-08-13
2026-08-27,32,2155,5.0,2026-08-13
2026-08-28,32,1897,4.0,2026-08-13
2026-08-29,32,2294,5.0,2026-08-13
2026-08-30,32,2186,5.0,2026-08-13
2026-08-31,32,2151,5.0,2026-08-13
2026-09-01,32,1816,4.0,2026-08-13
2026-09-02,32,1973,4.5,2026-08-13
2026-09-03,32,1782,4.0,2026-08-13
2026-09-04,32,1432,3.0,2026-08-13
2026-09-05,32,1851,4.0,2026-08-13
2026-09-06,32,1766,4.0,2026-08-13
2026-09-07,32,2041,4.5,2026-08-13
2026-09-08,32,1567,3.5,2026-08-13
2026-09-09,32,1672,3.5,2026-08-13
2026-09-10,32,1413,3.0,2026-08-13
2026-09-11,32,965,2.0,2026-08-13
2026-09-12,32,1089,2.5,2026-08-13
2026-09-13,32,920,2.0,2026-08-13
2026-09-14,32,1253,3.0,2026-08-13
2026-09-15,32,981,2.0,2026-08-13
2026-09-16,32,934,2.0,2026-08-13
2026-09-17,32,752,1.5,2026-08-13
2026-09-18,32,634,1.5,2026-08-13
2026-09-19,32,670,1.5,2026-08-13
2026-09-20,32,551,1.0,2026-08-13
2026-09-21,32,638,1.5,2026-08-13
2026-09-22,32,607,1.5,2026-08-13
2026-09-23,32,657,1.5,2026-08-13
2026-09-24,32,587,1.5,2026-08-13
2026-09-25,32,536,1.0,2026-08-13
2026-09-26,32,588,1.5,2026-08-13
2026-09-27,32,494,1.0,2026-08-13
2026-09-28,32,620,1.5,2026-08-13
2026-09-29,32,645,1.5,2026-08-13
2026-09-30,32,659,1.5,2026-08-13
2026-10-01,32,617,1.5,2026-08-13
2026-10-02,32,543,1.0,2026-08-13
2026-10-03,32,557,1.0,2026-08-13
2026-10-04,32,441,1.0,2026-08-13
2026-10-05,32,622,1.5,2026-08-13
2026-10-06,32,710,1.5,2026-08-13
2026-10-07,32,711,1.5,2026-08-13
2026-10-08,32,728,1.5,2026-08-13
2026-10-09,32,609,1.5,2026-08-13
2026-10-10,32,605,1.5,2026-08-13
2026-10-11,32,455,1.0,2026-08-13
2026-10-12,32,644,1.5,2026-08-13
2026-07-15,33,2506,6.5,2026-08-13
2026-07-16,33,2537,6.5,2026-08-13
2026-07-17,33,2171,5.5,2026-08-13
2026-07-18,33,2555,6.5,2026-08-13
2026-07-19,33,2693,7.0,2026-08-13
2026-07-20,33,2797,7.5,2026-08-13
2026-07-21,33,2693,7.0,2026-08-13
2026-07-22,33,2761,7.5,2026-08-13
2026-07-23,33,2813,7.5,2026-08-13
2026-07-24,33,2425,6.5,2026-08-13
2026-07-25,33,2815,7.5,2026-08-13
2026-07-26,33,2856,7.5,2026-08-13
2026-07-27,33,2900,7.5,2026-08-13
2026-07-28,33,2798,7.5,2026-08-13
2026-07-29,33,2821,7.5,2026-08-13
2026-07-30,33,2870,7.5,2026-08-13
2026-07-31,33,2780,7.5,2026-08-13
2026-08-01,33,2882,7.5,2026-08-13
2026-08-02,33,2920,7.5,2026-08-13
2026-08-03,33,2885,7.5,2026-08-13
2026-08-04,33,2788,7.5,2026-08-13
2026-08-05,33,2792,7.5,2026-08-13
2026-08-06,33,2850,7.5,2026-08-13
2026-08-07,33,2468,6.5,2026-08-13
2026-08-08,33,2834,7.5,2026-08-13
2026-08-09,33,2829,7.5,2026-08-13
2026-08-10,33,2873,7.5,2026-08-13
2026-08-11,33,2761,7.5,2026-08-13
2026-08-12,33,2796,7.5,2026-08-13
2026-08-13,33,2845,7.5,2026-08-13
2026-08-14,33,2460,6.5,2026-08-13
2026-08-15,33,2713,7.0,2026-08-13
2026-08-16,33,2730,7.0,2026-08-13
2026-08-17,33,2853,7.5,2026-08-13
2026-08-18,33,2745,7.0,2026-08-13
2026-08-19,33,2777,7.5,2026-08-13
2026-08-20,33,2817,7.5,2026-08-13
2026-08-21,33,2737,7.0,2026-08-13
2026-08-22,33,2710,7.0,2026-08-13
2026-08-23,33,2797,7.5,2026-08-13
2026-08-24,33,2835,7.5,2026-08-13
2026-08-25,33,2746,7.0,2026-08-13
2026-08-26,33,2767,7.5,2026-08-13
2026-08-27,33,2753,7.5,2026-08-13
2026-08-28,33,2431,6.5,2026-08-13
2026-08-29,33,2801,7.5,2026-08-13
2026-08-30,33,2744,7.0,2026-08-13
2026-08-31,33,2815,7.5,2026-08-13
2026-09-01,33,2705,7.0,2026-08-13
2026-09-02,33,2692,7.0,2026-08-13
2026-09-03,33,2705,7.0,2026-08-13
2026-09-04,33,2293,6.0,2026-08-13
2026-09-05,33,2581,7.0,2026-08-13
2026-09-06,33,2581,7.0,2026-08-13
2026-09-07,33,2696,7.0,2026-08-13
2026-09-08,33,2543,6.5,2026-08-13
2026-09-09,33,2585,7.0,2026-08-13
2026-09-10,33,2583,7.0,2026-08-13
2026-09-11,33,2199,6.0,2026-08-13
2026-09-12,33,2452,6.5,2026-08-13
2026-09-13,33,2460,6.5,2026-08-13
2026-09-14,33,2640,7.0,2026-08-13
2026-09-15,33,2475,6.5,2026-08-13
2026-09-16,33,2530,6.5,2026-08-13
2026-09-17,33,2511,6.5,2026-08-13
2026-09-18,33,2140,5.5,2026-08-13
2026-09-19,33,2370,6.0,2026-08-13
2026-09-20,33,2399,6.5,2026-08-13
2026-09-21,33,2629,7.0,2026-08-13
2026-09-22,33,2463,6.5,2026-08-13
2026-09-23,33,2517,6.5,2026-08-13
2026-09-24,33,2493,6.5,2026-08-13
2026-09-25,33,2110,5.5,2026-08-13
2026-09-26,33,2372,6.0,2026-08-13
2026-09-27,33,2434,6.5,2026-08-13
2026-09-28,33,2594,7.0,2026-08-13
2026-09-29,33,2445,6.5,2026-08-13
2026-09-30,33,2499,6.5,2026-08-13
2026-10-01,33,2494,6.5,2026-08-13
2026-10-02,33,2078,5.5,2026-08-13
2026-10-03,33,2197,6.0,2026-08-13
2026-10-04,33,2155,5.5,2026-08-13
2026-10-05,33,2380,6.5,2026-08-13
2026-10-06,33,2177,5.5,2026-08-13
2026-10-07,33,2175,5.5,2026-08-13
2026-10-08,33,2110,5.5,2026-08-13
2026-10-09,33,1884,5.0,2026-08-13
2026-10-10,33,1995,5.5,2026-08-13
2026-10-11,33,1913,5.0,2026-08-13
2026-10-12,33,2197,6.0,2026-08-13
2026-07-15,35,4654,6.0,2026-08-13
2026-07-16,35,5033,6.5,2026-08-13
2026-07-17,35,4339,5.5,2026-08-13
2026-07-18,35,4008,5.0,2026-08-13
2026-07-19,35,3709,5.0,2026-08-13
2026-07-20,35,5262,7.0,2026-08-13
2026-07-21,35,5161,6.5,2026-08-13
2026-07-22,35,4662,6.0,2026-08-13
2026-07-23,35,5070,6.5,2026-08-13
2026-07-24,35,4390,5.5,2026-08-13
2026-07-25,35,4090,5.5,2026-08-13
2026-07-26,35,3761,5.0,2026-08-13
2026-07-27,35,5506,7.0,2026-08-13
2026-07-28,35,5426,7.0,2026-08-13
2026-07-29,35,4859,6.5,2026-08-13
2026-07-30,35,5240,6.5,2026-08-13
2026-07-31,35,4786,6.0,2026-08-13
2026-08-01,35,4691,6.0,2026-08-13
2026-08-02,35,3977,5.0,2026-08-13
2026-08-03,35,5803,7.5,2026-08-13
2026-08-04,35,5528,7.0,2026-08-13
2026-08-05,35,4809,6.0,2026-08-13
2026-08-06,35,5177,6.5,2026-08-13
2026-08-07,35,4378,5.5,2026-08-13
2026-08-08,35,3963,5.0,2026-08-13
2026-08-09,35,3718,5.0,2026-08-13
2026-08-10,35,5496,7.0,2026-08-13
2026-08-11,35,5331,7.0,2026-08-13
2026-08-12,35,4699,6.0,2026-08-13
2026-08-13,35,5068,6.5,2026-08-13
2026-08-14,35,4310,5.5,2026-08-13
2026-08-15,35,4156,5.5,2026-08-13
2026-08-16,35,4064,5.0,2026-08-13
2026-08-17,35,6433,8.5,2026-08-13
2026-08-18,35,6144,8.0,2026-08-13
2026-08-19,35,5204,6.5,2026-08-13
2026-08-20,35,5483,7.0,2026-08-13
2026-08-21,35,4843,6.0,2026-08-13
2026-08-22,35,5047,6.5,2026-08-13
2026-08-23,35,4429,5.5,2026-08-13
2026-08-24,35,6773,8.5,2026-08-13
2026-08-25,35,6287,8.0,2026-08-13
2026-08-26,35,5234,6.5,2026-08-13
2026-08-27,35,5270,7.0,2026-08-13
2026-08-28,35,4874,6.5,2026-08-13
2026-08-29,35,4300,5.5,2026-08-13
2026-08-30,35,3772,5.0,2026-08-13
2026-08-31,35,5490,7.0,2026-08-13
2026-09-01,35,5226,6.5,2026-08-13
2026-09-02,35,4595,6.0,2026-08-13
2026-09-03,35,5028,6.5,2026-08-13
2026-09-04,35,4321,5.5,2026-08-13
2026-09-05,35,4013,5.0,2026-08-13
2026-09-06,35,3790,5.0,2026-08-13
2026-09-07,35,6309,8.0,2026-08-13
2026-09-08,35,6259,8.0,2026-08-13
2026-09-09,35,5456,7.0,2026-08-13
2026-09-10,35,6029,8.0,2026-08-13
2026-09-11,35,5012,6.5,2026-08-13
2026-09-12,35,4365,5.5,2026-08-13
2026-09-13,35,3835,5.0,2026-08-13
2026-09-14,35,6677,8.5,2026-08-13
2026-09-15,35,6605,8.5,2026-08-13
2026-09-16,35,5658,7.5,2026-08-13
2026-09-17,35,6201,8.0,2026-08-13
2026-09-18,35,5092,6.5,2026-08-13
2026-09-19,35,4337,5.5,2026-08-13
2026-09-20,35,3762,5.0,2026-08-13
2026-09-21,35,6268,8.0,2026-08-13
2026-09-22,35,6156,8.0,2026-08-13
2026-09-23,35,5333,7.0,2026-08-13
2026-09-24,35,5918,7.5,2026-08-13
2026-09-25,35,4931,6.5,2026-08-13
2026-09-26,35,4302,5.5,2026-08-13
2026-09-27,35,3818,5.0,2026-08-13
2026-09-28,35,6457,8.5,2026-08-13
2026-09-29,35,6317,8.0,2026-08-13
2026-09-30,35,5423,7.0,2026-08-13
2026-10-01,35,5987,7.5,2026-08-13
2026-10-02,35,4957,6.5,2026-08-13
2026-10-03,35,4323,5.5,2026-08-13
2026-10-04,35,3825,5.0,2026-08-13
2026-10-05,35,7100,9.0,2026-08-13
2026-10-06,35,7159,9.0,2026-08-13
2026-10-07,35,6184,8.0,2026-08-13
2026-10-08,35,6927,9.0,2026-08-13
2026-10-09,35,5669,7.5,2026-08-13
2026-10-10,35,4799,6.0,2026-08-13
2026-10-11,35,3900,5.0,2026-08-13
2026-10-12,35,7622,10.0,2026-08-13
2026-07-15,36,5019,11.5,2026-08-13
2026-07-16,36,5157,12.0,2026-08-13
2026-07-17,36,4393,10.5,2026-08-13
2026-07-18,36,4470,10.5,2026-08-13
2026-07-19,36,3827,9.0,2026-08-13
2026-07-20,36,5239,12.0,2026-08-13
2026-07-21,36,4997,11.5,2026-08-13
2026-07-22,36,4706,11.0,2026-08-13
2026-07-23,36,4903,11.5,2026-08-13
2026-07-24,36,4190,10.0,2026-08-13
2026-07-25,36,4269,10.0,2026-08-13
2026-07-26,36,3766,9.0,2026-08-13
2026-07-27,36,5233,12.0,2026-08-13
2026-07-28,36,5035,12.0,2026-08-13
2026-07-29,36,4783,11.0,2026-08-13
2026-07-30,36,4987,11.5,2026-08-13
2026-07-31,36,4383,10.0,2026-08-13
2026-08-01,36,5168,12.0,2026-08-13
2026-08-02,36,4013,9.5,2026-08-13
2026-08-03,36,5705,13.5,2026-08-13
2026-08-04,36,5617,13.0,2026-08-13
2026-08-05,36,5166,12.0,2026-08-13
2026-08-06,36,5348,12.5,2026-08-13
2026-08-07,36,4556,10.5,2026-08-13
2026-08-08,36,4617,11.0,2026-08-13
2026-08-09,36,3829,9.0,2026-08-13
2026-08-10,36,5247,12.5,2026-08-13
2026-08-11,36,5038,12.0,2026-08-13
2026-08-12,36,4686,11.0,2026-08-13
2026-08-13,36,4895,11.5,2026-08-13
2026-08-14,36,4190,10.0,2026-08-13
2026-08-15,36,3912,9.0,2026-08-13
2026-08-16,36,4003,9.5,2026-08-13
2026-08-17,36,5282,12.5,2026-08-13
2026-08-18,36,5151,12.0,2026-08-13
2026-08-19,36,4849,11.5,2026-08-13
2026-08-20,36,5056,12.0,2026-08-13
2026-08-21,36,4477,10.5,2026-08-13
2026-08-22,36,5208,12.0,2026-08-13
2026-08-23,36,4445,10.5,2026-08-13
2026-08-24,36,5931,14.0,2026-08-13
2026-08-25,36,5967,14.0,2026-08-13
2026-08-26,36,5301,12.5,2026-08-13
2026-08-27,36,5728,13.5,2026-08-13
2026-08-28,36,5314,12.5,2026-08-13
2026-08-29,36,5102,12.0,2026-08-13
2026-08-30,36,3928,9.0,2026-08-13
2026-08-31,36,5602,13.0,2026-08-13
2026-09-01,36,5616,13.0,2026-08-13
2026-09-02,36,5187,12.0,2026-08-13
2026-09-03,36,5505,13.0,2026-08-13
2026-09-04,36,4808,11.0,2026-08-13
2026-09-05,36,4945,11.5,2026-08-13
2026-09-06,36,3839,9.0,2026-08-13
2026-09-07,36,5527,13.0,2026-08-13
2026-09-08,36,5493,13.0,2026-08-13
2026-09-09,36,5017,11.5,2026-08-13
2026-09-10,36,5291,12.5,2026-08-13
2026-09-11,36,4582,10.5,2026-08-13
2026-09-12,36,4667,11.0,2026-08-13
2026-09-13,36,3805,9.0,2026-08-13
2026-09-14,36,5337,12.5,2026-08-13
2026-09-15,36,5187,12.0,2026-08-13
2026-09-16,36,4803,11.0,2026-08-13
2026-09-17,36,4981,11.5,2026-08-13
2026-09-18,36,4281,10.0,2026-08-13
2026-09-19,36,4358,10.0,2026-08-13
2026-09-20,36,3727,8.5,2026-08-13
2026-09-21,36,5151,12.0,2026-08-13
2026-09-22,36,4931,11.5,2026-08-13
2026-09-23,36,4620,11.0,2026-08-13
2026-09-24,36,4880,11.5,2026-08-13
2026-09-25,36,4199,10.0,2026-08-13
2026-09-26,36,4279,10.0,2026-08-13
2026-09-27,36,3700,8.5,2026-08-13
2026-09-28,36,5211,12.0,2026-08-13
2026-09-29,36,4999,11.5,2026-08-13
2026-09-30,36,4704,11.0,2026-08-13
2026-10-01,36,4971,11.5,2026-08-13
2026-10-02,36,4291,10.0,2026-08-13
2026-10-03,36,4396,10.5,2026-08-13
2026-10-04,36,3709,8.5,2026-08-13
2026-10-05,36,5433,12.5,2026-08-13
2026-10-06,36,5330,12.5,2026-08-13
2026-10-07,36,5034,12.0,2026-08-13
2026-10-08,36,5365,12.5,2026-08-13
2026-10-09,36,4679,11.0,2026-08-13
2026-10-10,36,4820,11.5,2026-08-13
2026-10-11,36,3814,9.0,2026-08-13
2026-10-12,36,5681,13.5,2026-08-13
2026-07-15,37,282,1.0,2026-08-13
2026-07-16,37,312,1.0,2026-08-13
2026-07-17,37,193,1.0,2026-08-13
2026-07-18,37,169,1.0,2026-08-13
2026-07-19,37,0,0.0,2026-08-13
2026-07-20,37,271,1.0,2026-08-13
2026-07-21,37,246,1.0,2026-08-13
2026-07-22,37,168,1.0,2026-08-13
2026-07-23,37,233,1.0,2026-08-13
2026-07-24,37,47,1.0,2026-08-13
2026-07-25,37,41,1.0,2026-08-13
2026-07-26,37,0,0.0,2026-08-13
2026-07-27,37,61,1.0,2026-08-13
2026-07-28,37,0,0.0,2026-08-13
2026-07-29,37,0,0.0,2026-08-13
2026-07-30,37,0,0.0,2026-08-13
2026-07-31,37,0,0.0,2026-08-13
2026-08-01,37,0,0.0,2026-08-13
2026-08-02,37,0,0.0,2026-08-13
2026-08-03,37,0,0.0,2026-08-13
2026-08-04,37,0,0.0,2026-08-13
2026-08-05,37,0,0.0,2026-08-13
2026-08-06,37,0,0.0,2026-08-13
2026-08-07,37,0,0.0,2026-08-13
2026-08-08,37,0,0.0,2026-08-13
2026-08-09,37,0,0.0,2026-08-13
2026-08-10,37,0,0.0,2026-08-13
2026-08-11,37,0,0.0,2026-08-13
2026-08-12,37,0,0.0,2026-08-13
2026-08-13,37,0,0.0,2026-08-13
2026-08-14,37,0,0.0,2026-08-13
2026-08-15,37,0,0.0,2026-08-13
2026-08-16,37,0,0.0,2026-08-13
2026-08-17,37,0,0.0,2026-08-13
2026-08-18,37,0,0.0,2026-08-13
2026-08-19,37,0,0.0,2026-08-13
2026-08-20,37,0,0.0,2026-08-13
2026-08-21,37,0,0.0,2026-08-13
2026-08-22,37,0,0.0,2026-08-13
2026-08-23,37,0,0.0,2026-08-13
2026-08-24,37,0,0.0,2026-08-13
2026-08-25,37,0,0.0,2026-08-13
2026-08-26,37,0,0.0,2026-08-13
2026-08-27,37,0,0.0,2026-08-13
2026-08-28,37,0,0.0,2026-08-13
2026-08-29,37,0,0.0,2026-08-13
2026-08-30,37,0,0.0,2026-08-13
2026-08-31,37,0,0.0,2026-08-13
2026-09-01,37,0,0.0,2026-08-13
2026-09-02,37,0,0.0,2026-08-13
2026-09-03,37,0,0.0,2026-08-13
2026-09-04,37,0,0.0,2026-08-13
2026-09-05,37,0,0.0,2026-08-13
2026-09-06,37,0,0.0,2026-08-13
2026-09-07,37,24,1.0,2026-08-13
2026-09-08,37,79,1.0,2026-08-13
2026-09-09,37,81,1.0,2026-08-13
2026-09-10,37,216,1.0,2026-08-13
2026-09-11,37,156,1.0,2026-08-13
2026-09-12,37,142,1.0,2026-08-13
2026-09-13,37,0,0.0,2026-08-13
2026-09-14,37,240,1.0,2026-08-13
2026-09-15,37,302,1.0,2026-08-13
2026-09-16,37,287,1.0,2026-08-13
2026-09-17,37,326,1.0,2026-08-13
2026-09-18,37,303,1.0,2026-08-13
2026-09-19,37,265,1.0,2026-08-13
2026-09-20,37,0,0.0,2026-08-13
2026-09-21,37,328,1.0,2026-08-13
2026-09-22,37,362,1.0,2026-08-13
2026-09-23,37,311,1.0,2026-08-13
2026-09-24,37,357,1.0,2026-08-13
2026-09-25,37,334,1.0,2026-08-13
2026-09-26,37,278,1.0,2026-08-13
2026-09-27,37,0,0.0,2026-08-13
2026-09-28,37,351,1.0,2026-08-13
2026-09-29,37,381,1.0,2026-08-13
2026-09-30,37,316,1.0,2026-08-13
2026-10-01,37,366,1.0,2026-08-13
2026-10-02,37,348,1.0,2026-08-13
2026-10-03,37,288,1.0,2026-08-13
2026-10-04,37,0,0.0,2026-08-13
2026-10-05,37,373,1.0,2026-08-13
2026-10-06,37,401,1.0,2026-08-13
2026-10-07,37,321,1.0,2026-08-13
2026-10-08,37,385,1.0,2026-08-13
2026-10-09,37,366,1.0,2026-08-13
2026-10-10,37,293,1.0,2026-08-13
2026-10-11,37,0,0.0,2026-08-13
2026-10-12,37,382,1.0,2026-08-13
2026-07-15,38,2725,5.0,2026-08-13
2026-07-16,38,3424,6.5,2026-08-13
2026-07-17,38,2938,5.5,2026-08-13
2026-07-18,38,2939,5.5,2026-08-13
2026-07-19,38,2706,5.0,2026-08-13
2026-07-20,38,3496,6.5,2026-08-13
2026-07-21,38,3747,7.0,2026-08-13
2026-07-22,38,2685,5.0,2026-08-13
2026-07-23,38,3377,6.5,2026-08-13
2026-07-24,38,2914,5.5,2026-08-13
2026-07-25,38,2917,5.5,2026-08-13
2026-07-26,38,2693,5.0,2026-08-13
2026-07-27,38,3479,6.5,2026-08-13
2026-07-28,38,3734,7.0,2026-08-13
2026-07-29,38,2662,5.0,2026-08-13
2026-07-30,38,3352,6.5,2026-08-13
2026-07-31,38,3017,5.5,2026-08-13
2026-08-01,38,3057,5.5,2026-08-13
2026-08-02,38,2761,5.0,2026-08-13
2026-08-03,38,3726,7.0,2026-08-13
2026-08-04,38,3930,7.5,2026-08-13
2026-08-05,38,2720,5.0,2026-08-13
2026-08-06,38,3456,6.5,2026-08-13
2026-08-07,38,2949,5.5,2026-08-13
2026-08-08,38,2929,5.5,2026-08-13
2026-08-09,38,2700,5.0,2026-08-13
2026-08-10,38,3566,6.5,2026-08-13
2026-08-11,38,3782,7.0,2026-08-13
2026-08-12,38,2680,5.0,2026-08-13
2026-08-13,38,3372,6.5,2026-08-13
2026-08-14,38,2899,5.5,2026-08-13
2026-08-15,38,2910,5.5,2026-08-13
2026-08-16,38,2689,5.0,2026-08-13
2026-08-17,38,3676,7.0,2026-08-13
2026-08-18,38,3886,7.0,2026-08-13
2026-08-19,38,2661,5.0,2026-08-13
2026-08-20,38,3378,6.5,2026-08-13
2026-08-21,38,3032,5.5,2026-08-13
2026-08-22,38,3128,6.0,2026-08-13
2026-08-23,38,2832,5.5,2026-08-13
2026-08-24,38,3918,7.5,2026-08-13
2026-08-25,38,4086,7.5,2026-08-13
2026-08-26,38,2750,5.0,2026-08-13
2026-08-27,38,3378,6.5,2026-08-13
2026-08-28,38,3189,6.0,2026-08-13
2026-08-29,38,3000,5.5,2026-08-13
2026-08-30,38,2732,5.0,2026-08-13
2026-08-31,38,3682,7.0,2026-08-13
2026-09-01,38,3873,7.0,2026-08-13
2026-09-02,38,2646,5.0,2026-08-13
2026-09-03,38,3325,6.0,2026-08-13
2026-09-04,38,2899,5.5,2026-08-13
2026-09-05,38,2868,5.5,2026-08-13
2026-09-06,38,2636,5.0,2026-08-13
2026-09-07,38,3571,6.5,2026-08-13
2026-09-08,38,3765,7.0,2026-08-13
2026-09-09,38,2720,5.0,2026-08-13
2026-09-10,38,3346,6.0,2026-08-13
2026-09-11,38,2957,5.5,2026-08-13
2026-09-12,38,2905,5.5,2026-08-13
2026-09-13,38,2651,5.0,2026-08-13
2026-09-14,38,3586,6.5,2026-08-13
2026-09-15,38,3775,7.0,2026-08-13
2026-09-16,38,2751,5.0,2026-08-13
2026-09-17,38,3391,6.5,2026-08-13
2026-09-18,38,2996,5.5,2026-08-13
2026-09-19,38,2937,5.5,2026-08-13
2026-09-20,38,2679,5.0,2026-08-13
2026-09-21,38,3619,6.5,2026-08-13
2026-09-22,38,3803,7.0,2026-08-13
2026-09-23,38,2780,5.0,2026-08-13
2026-09-24,38,3412,6.5,2026-08-13
2026-09-25,38,3005,5.5,2026-08-13
2026-09-26,38,2947,5.5,2026-08-13
2026-09-27,38,2686,5.0,2026-08-13
2026-09-28,38,3628,7.0,2026-08-13
2026-09-29,38,3806,7.0,2026-08-13
2026-09-30,38,2778,5.0,2026-08-13
2026-10-01,38,3407,6.5,2026-08-13
2026-10-02,38,2959,5.5,2026-08-13
2026-10-03,38,2889,5.5,2026-08-13
2026-10-04,38,2612,5.0,2026-08-13
2026-10-05,38,3598,6.5,2026-08-13
2026-10-06,38,3760,7.0,2026-08-13
2026-10-07,38,2838,5.5,2026-08-13
2026-10-08,38,3369,6.5,2026-08-13
2026-10-09,38,3037,5.5,2026-08-13
2026-10-10,38,2919,5.5,2026-08-13
2026-10-11,38,2587,5.0,2026-08-13
2026-10-12,38,3598,6.5,2026-08-13
2026-07-15,39,275,1.0,2026-08-13
2026-07-16,39,289,1.0,2026-08-13
2026-07-17,39,173,1.0,2026-08-13
2026-07-18,39,335,1.0,2026-08-13
2026-07-19,39,0,0.0,2026-08-13
2026-07-20,39,296,1.0,2026-08-13
2026-07-21,39,137,1.0,2026-08-13
2026-07-22,39,189,1.0,2026-08-13
2026-07-23,39,141,1.0,2026-08-13
2026-07-24,39,9,1.0,2026-08-13
2026-07-25,39,23,1.0,2026-08-13
2026-07-26,39,0,0.0,2026-08-13
2026-07-27,39,80,1.0,2026-08-13
2026-07-28,39,2,1.0,2026-08-13
2026-07-29,39,8,1.0,2026-08-13
2026-07-30,39,0,0.0,2026-08-13
2026-07-31,39,1,1.0,2026-08-13
2026-08-01,39,11,1.0,2026-08-13
2026-08-02,39,0,0.0,2026-08-13
2026-08-03,39,13,1.0,2026-08-13
2026-08-04,39,2,1.0,2026-08-13
2026-08-05,39,2,1.0,2026-08-13
2026-08-06,39,1,1.0,2026-08-13
2026-08-07,39,0,0.0,2026-08-13
2026-08-08,39,3,1.0,2026-08-13
2026-08-09,39,0,0.0,2026-08-13
2026-08-10,39,7,1.0,2026-08-13
2026-08-11,39,2,1.0,2026-08-13
2026-08-12,39,1,1.0,2026-08-13
2026-08-13,39,1,1.0,2026-08-13
2026-08-14,39,0,0.0,2026-08-13
2026-08-15,39,2,1.0,2026-08-13
2026-08-16,39,0,0.0,2026-08-13
2026-08-17,39,13,1.0,2026-08-13
2026-08-18,39,6,1.0,2026-08-13
2026-08-19,39,3,1.0,2026-08-13
2026-08-20,39,3,1.0,2026-08-13
2026-08-21,39,2,1.0,2026-08-13
2026-08-22,39,10,1.0,2026-08-13
2026-08-23,39,0,0.0,2026-08-13
2026-08-24,39,30,1.0,2026-08-13
2026-08-25,39,9,1.0,2026-08-13
2026-08-26,39,6,1.0,2026-08-13
2026-08-27,39,9,1.0,2026-08-13
2026-08-28,39,2,1.0,2026-08-13
2026-08-29,39,15,1.0,2026-08-13
2026-08-30,39,0,0.0,2026-08-13
2026-08-31,39,11,1.0,2026-08-13
2026-09-01,39,3,1.0,2026-08-13
2026-09-02,39,4,1.0,2026-08-13
2026-09-03,39,7,1.0,2026-08-13
2026-09-04,39,0,0.0,2026-08-13
2026-09-05,39,16,1.0,2026-08-13
2026-09-06,39,0,0.0,2026-08-13
2026-09-07,39,57,1.0,2026-08-13
2026-09-08,39,22,1.0,2026-08-13
2026-09-09,39,34,1.0,2026-08-13
2026-09-10,39,83,1.0,2026-08-13
2026-09-11,39,9,1.0,2026-08-13
2026-09-12,39,145,1.0,2026-08-13
2026-09-13,39,0,0.0,2026-08-13
2026-09-14,39,311,1.0,2026-08-13
2026-09-15,39,349,1.0,2026-08-13
2026-09-16,39,381,1.0,2026-08-13
2026-09-17,39,422,1.0,2026-08-13
2026-09-18,39,377,1.0,2026-08-13
2026-09-19,39,584,1.0,2026-08-13
2026-09-20,39,4,1.0,2026-08-13
2026-09-21,39,387,1.0,2026-08-13
2026-09-22,39,406,1.0,2026-08-13
2026-09-23,39,386,1.0,2026-08-13
2026-09-24,39,437,1.0,2026-08-13
2026-09-25,39,398,1.0,2026-08-13
2026-09-26,39,569,1.0,2026-08-13
2026-09-27,39,2,1.0,2026-08-13
2026-09-28,39,386,1.0,2026-08-13
2026-09-29,39,398,1.0,2026-08-13
2026-09-30,39,377,1.0,2026-08-13
2026-10-01,39,431,1.0,2026-08-13
2026-10-02,39,394,1.0,2026-08-13
2026-10-03,39,567,1.0,2026-08-13
2026-10-04,39,2,1.0,2026-08-13
2026-10-05,39,396,1.0,2026-08-13
2026-10-06,39,415,1.0,2026-08-13
2026-10-07,39,376,1.0,2026-08-13
2026-10-08,39,437,1.0,2026-08-13
2026-10-09,39,398,1.0,2026-08-13
2026-10-10,39,566,1.0,2026-08-13
2026-10-11,39,2,1.0,2026-08-13
2026-10-12,39,394,1.0,2026-08-13
2026-07-15,40,3465,7.5,2026-08-13
2026-07-16,40,3713,8.0,2026-08-13
2026-07-17,40,3186,7.0,2026-08-13
2026-07-18,40,3066,6.5,2026-08-13
2026-07-19,40,2636,5.5,2026-08-13
2026-07-20,40,4130,9.0,2026-08-13
2026-07-21,40,3652,8.0,2026-08-13
2026-07-22,40,3463,7.5,2026-08-13
2026-07-23,40,3711,8.0,2026-08-13
2026-07-24,40,3179,7.0,2026-08-13
2026-07-25,40,3056,6.5,2026-08-13
2026-07-26,40,2630,5.5,2026-08-13
2026-07-27,40,4131,9.0,2026-08-13
2026-07-28,40,3660,8.0,2026-08-13
2026-07-29,40,3472,7.5,2026-08-13
2026-07-30,40,3724,8.0,2026-08-13
2026-07-31,40,3178,7.0,2026-08-13
2026-08-01,40,3375,7.0,2026-08-13
2026-08-02,40,2797,6.0,2026-08-13
2026-08-03,40,4248,9.0,2026-08-13
2026-08-04,40,3718,8.0,2026-08-13
2026-08-05,40,3515,7.5,2026-08-13
2026-08-06,40,3764,8.0,2026-08-13
2026-08-07,40,3190,7.0,2026-08-13
2026-08-08,40,3056,6.5,2026-08-13
2026-08-09,40,2607,5.5,2026-08-13
2026-08-10,40,4150,9.0,2026-08-13
2026-08-11,40,3653,8.0,2026-08-13
2026-08-12,40,3447,7.5,2026-08-13
2026-08-13,40,3706,8.0,2026-08-13
2026-08-14,40,3155,6.5,2026-08-13
2026-08-15,40,3017,6.5,2026-08-13
2026-08-16,40,2900,6.0,2026-08-13
2026-08-17,40,4125,9.0,2026-08-13
2026-08-18,40,3698,8.0,2026-08-13
2026-08-19,40,3478,7.5,2026-08-13
2026-08-20,40,3740,8.0,2026-08-13
2026-08-21,40,3167,7.0,2026-08-13
2026-08-22,40,3415,7.5,2026-08-13
2026-08-23,40,3061,6.5,2026-08-13
2026-08-24,40,4205,9.0,2026-08-13
2026-08-25,40,3753,8.0,2026-08-13
2026-08-26,40,3530,7.5,2026-08-13
2026-08-27,40,3572,7.5,2026-08-13
2026-08-28,40,3437,7.5,2026-08-13
2026-08-29,40,3197,7.0,2026-08-13
2026-08-30,40,2761,6.0,2026-08-13
2026-08-31,40,4246,9.0,2026-08-13
2026-09-01,40,3709,8.0,2026-08-13
2026-09-02,40,3495,7.5,2026-08-13
2026-09-03,40,3748,8.0,2026-08-13
2026-09-04,40,3156,6.5,2026-08-13
2026-09-05,40,2993,6.5,2026-08-13
2026-09-06,40,2534,5.5,2026-08-13
2026-09-07,40,4183,9.0,2026-08-13
2026-09-08,40,3667,8.0,2026-08-13
2026-09-09,40,3426,7.5,2026-08-13
2026-09-10,40,3712,8.0,2026-08-13
2026-09-11,40,3129,6.5,2026-08-13
2026-09-12,40,2966,6.5,2026-08-13
2026-09-13,40,2523,5.5,2026-08-13
2026-09-14,40,4181,9.0,2026-08-13
2026-09-15,40,3676,8.0,2026-08-13
2026-09-16,40,3441,7.5,2026-08-13
2026-09-17,40,3746,8.0,2026-08-13
2026-09-18,40,3153,6.5,2026-08-13
2026-09-19,40,2996,6.5,2026-08-13
2026-09-20,40,2536,5.5,2026-08-13
2026-09-21,40,4191,9.0,2026-08-13
2026-09-22,40,3680,8.0,2026-08-13
2026-09-23,40,3441,7.5,2026-08-13
2026-09-24,40,3730,8.0,2026-08-13
2026-09-25,40,3139,6.5,2026-08-13
2026-09-26,40,2980,6.5,2026-08-13
2026-09-27,40,2531,5.5,2026-08-13
2026-09-28,40,4188,9.0,2026-08-13
2026-09-29,40,3678,8.0,2026-08-13
2026-09-30,40,3439,7.5,2026-08-13
2026-10-01,40,3726,8.0,2026-08-13
2026-10-02,40,3130,6.5,2026-08-13
2026-10-03,40,2963,6.5,2026-08-13
2026-10-04,40,2499,5.5,2026-08-13
2026-10-05,40,4257,9.0,2026-08-13
2026-10-06,40,3732,8.0,2026-08-13
2026-10-07,40,3466,7.5,2026-08-13
2026-10-08,40,3785,8.0,2026-08-13
2026-10-09,40,3137,6.5,2026-08-13
2026-10-10,40,2941,6.5,2026-08-13
2026-10-11,40,2461,5.5,2026-08-13
2026-10-12,40,4218,9.0,2026-08-13
2026-07-15,41,5119,14.5,2026-08-13
2026-07-16,41,5819,16.5,2026-08-13
2026-07-17,41,4684,13.5,2026-08-13
2026-07-18,41,4129,12.0,2026-08-13
2026-07-19,41,3682,10.5,2026-08-13
2026-07-20,41,6429,18.5,2026-08-13
2026-07-21,41,5678,16.0,2026-08-13
2026-07-22,41,5159,14.5,2026-08-13
2026-07-23,41,5941,17.0,2026-08-13
2026-07-24,41,4815,14.0,2026-08-13
2026-07-25,41,4211,12.0,2026-08-13
2026-07-26,41,3715,10.5,2026-08-13
2026-07-27,41,6471,18.5,2026-08-13
2026-07-28,41,5681,16.0,2026-08-13
2026-07-29,41,5162,14.5,2026-08-13
2026-07-30,41,5960,17.0,2026-08-13
2026-07-31,41,4689,13.5,2026-08-13
2026-08-01,41,5276,15.0,2026-08-13
2026-08-02,41,4181,12.0,2026-08-13
2026-08-03,41,6752,19.5,2026-08-13
2026-08-04,41,5839,16.5,2026-08-13
2026-08-05,41,5160,14.5,2026-08-13
2026-08-06,41,5913,17.0,2026-08-13
2026-08-07,41,4763,13.5,2026-08-13
2026-08-08,41,4173,12.0,2026-08-13
2026-08-09,41,3704,10.5,2026-08-13
2026-08-10,41,6541,18.5,2026-08-13
2026-08-11,41,5690,16.0,2026-08-13
2026-08-12,41,5133,14.5,2026-08-13
2026-08-13,41,6008,17.0,2026-08-13
2026-08-14,41,4874,14.0,2026-08-13
2026-08-15,41,4260,12.0,2026-08-13
2026-08-16,41,4297,12.5,2026-08-13
2026-08-17,41,6455,18.5,2026-08-13
2026-08-18,41,5837,16.5,2026-08-13
2026-08-19,41,5173,15.0,2026-08-13
2026-08-20,41,5987,17.0,2026-08-13
2026-08-21,41,4636,13.0,2026-08-13
2026-08-22,41,5201,15.0,2026-08-13
2026-08-23,41,4692,13.5,2026-08-13
2026-08-24,41,6612,19.0,2026-08-13
2026-08-25,41,5959,17.0,2026-08-13
2026-08-26,41,5186,15.0,2026-08-13
2026-08-27,41,5266,15.0,2026-08-13
2026-08-28,41,5450,15.5,2026-08-13
2026-08-29,41,4548,13.0,2026-08-13
2026-08-30,41,3944,11.5,2026-08-13
2026-08-31,41,6716,19.0,2026-08-13
2026-09-01,41,5784,16.5,2026-08-13
2026-09-02,41,5180,15.0,2026-08-13
2026-09-03,41,6035,17.0,2026-08-13
2026-09-04,41,4856,14.0,2026-08-13
2026-09-05,41,4172,12.0,2026-08-13
2026-09-06,41,3651,10.5,2026-08-13
2026-09-07,41,6608,19.0,2026-08-13
2026-09-08,41,5691,16.5,2026-08-13
2026-09-09,41,5092,14.5,2026-08-13
2026-09-10,41,6017,17.0,2026-08-13
2026-09-11,41,4863,14.0,2026-08-13
2026-09-12,41,4164,12.0,2026-08-13
2026-09-13,41,3647,10.5,2026-08-13
2026-09-14,41,6598,19.0,2026-08-13
2026-09-15,41,5697,16.5,2026-08-13
2026-09-16,41,5104,14.5,2026-08-13
2026-09-17,41,6031,17.0,2026-08-13
2026-09-18,41,4862,14.0,2026-08-13
2026-09-19,41,4178,12.0,2026-08-13
2026-09-20,41,3674,10.5,2026-08-13
2026-09-21,41,6618,19.0,2026-08-13
2026-09-22,41,5733,16.5,2026-08-13
2026-09-23,41,5139,14.5,2026-08-13
2026-09-24,41,6056,17.5,2026-08-13
2026-09-25,41,4887,14.0,2026-08-13
2026-09-26,41,4177,12.0,2026-08-13
2026-09-27,41,3655,10.5,2026-08-13
2026-09-28,41,6598,19.0,2026-08-13
2026-09-29,41,5700,16.5,2026-08-13
2026-09-30,41,5109,14.5,2026-08-13
2026-10-01,41,6039,17.0,2026-08-13
2026-10-02,41,4895,14.0,2026-08-13
2026-10-03,41,4152,12.0,2026-08-13
2026-10-04,41,3615,10.5,2026-08-13
2026-10-05,41,6645,19.0,2026-08-13
2026-10-06,41,5743,16.5,2026-08-13
2026-10-07,41,5120,14.5,2026-08-13
2026-10-08,41,6059,17.5,2026-08-13
2026-10-09,41,4863,14.0,2026-08-13
2026-10-10,41,4088,11.5,2026-08-13
2026-10-11,41,3567,10.0,2026-08-13
2026-10-12,41,6584,19.0,2026-08-13
2026-07-15,42,5502,18.0,2026-08-13
2026-07-16,42,5942,19.5,2026-08-13
2026-07-17,42,5383,17.5,2026-08-13
2026-07-18,42,5735,18.5,2026-08-13
2026-07-19,42,6111,20.0,2026-08-13
2026-07-20,42,5906,19.5,2026-08-13
2026-07-21,42,5624,18.5,2026-08-13
2026-07-22,42,5282,17.0,2026-08-13
2026-07-23,42,5648,18.5,2026-08-13
2026-07-24,42,5210,17.0,2026-08-13
2026-07-25,42,5561,18.0,2026-08-13
2026-07-26,42,5956,19.5,2026-08-13
2026-07-27,42,5842,19.0,2026-08-13
2026-07-28,42,5574,18.0,2026-08-13
2026-07-29,42,5247,17.0,2026-08-13
2026-07-30,42,5598,18.5,2026-08-13
2026-07-31,42,5624,18.5,2026-08-13
2026-08-01,42,5996,19.5,2026-08-13
2026-08-02,42,6166,20.0,2026-08-13
2026-08-03,42,5934,19.5,2026-08-13
2026-08-04,42,5626,18.5,2026-08-13
2026-08-05,42,5278,17.0,2026-08-13
2026-08-06,42,5617,18.5,2026-08-13
2026-08-07,42,5206,17.0,2026-08-13
2026-08-08,42,5565,18.0,2026-08-13
2026-08-09,42,5920,19.5,2026-08-13
2026-08-10,42,5850,19.0,2026-08-13
2026-08-11,42,5583,18.0,2026-08-13
2026-08-12,42,5261,17.0,2026-08-13
2026-08-13,42,5587,18.0,2026-08-13
2026-08-14,42,5183,17.0,2026-08-13
2026-08-15,42,5556,18.0,2026-08-13
2026-08-16,42,6009,19.5,2026-08-13
2026-08-17,42,5874,19.0,2026-08-13
2026-08-18,42,5633,18.5,2026-08-13
2026-08-19,42,5313,17.5,2026-08-13
2026-08-20,42,5656,18.5,2026-08-13
2026-08-21,42,5675,18.5,2026-08-13
2026-08-22,42,5961,19.5,2026-08-13
2026-08-23,42,6198,20.0,2026-08-13
2026-08-24,42,5969,19.5,2026-08-13
2026-08-25,42,5673,18.5,2026-08-13
2026-08-26,42,5334,17.5,2026-08-13
2026-08-27,42,5867,19.0,2026-08-13
2026-08-28,42,5518,18.0,2026-08-13
2026-08-29,42,5776,19.0,2026-08-13
2026-08-30,42,6065,20.0,2026-08-13
2026-08-31,42,5910,19.5,2026-08-13
2026-09-01,42,5628,18.5,2026-08-13
2026-09-02,42,5268,17.0,2026-08-13
2026-09-03,42,5554,18.0,2026-08-13
2026-09-04,42,5160,17.0,2026-08-13
2026-09-05,42,5500,18.0,2026-08-13
2026-09-06,42,5809,19.0,2026-08-13
2026-09-07,42,5818,19.0,2026-08-13
2026-09-08,42,5562,18.0,2026-08-13
2026-09-09,42,5265,17.0,2026-08-13
2026-09-10,42,5563,18.0,2026-08-13
2026-09-11,42,5188,17.0,2026-08-13
2026-09-12,42,5544,18.0,2026-08-13
2026-09-13,42,5841,19.0,2026-08-13
2026-09-14,42,5845,19.0,2026-08-13
2026-09-15,42,5587,18.0,2026-08-13
2026-09-16,42,5301,17.5,2026-08-13
2026-09-17,42,5630,18.5,2026-08-13
2026-09-18,42,5245,17.0,2026-08-13
2026-09-19,42,5603,18.5,2026-08-13
2026-09-20,42,5890,19.0,2026-08-13
2026-09-21,42,5867,19.0,2026-08-13
2026-09-22,42,5607,18.5,2026-08-13
2026-09-23,42,5317,17.5,2026-08-13
2026-09-24,42,5644,18.5,2026-08-13
2026-09-25,42,5257,17.0,2026-08-13
2026-09-26,42,5616,18.5,2026-08-13
2026-09-27,42,5898,19.5,2026-08-13
2026-09-28,42,5872,19.0,2026-08-13
2026-09-29,42,5610,18.5,2026-08-13
2026-09-30,42,5319,17.5,2026-08-13
2026-10-01,42,5649,18.5,2026-08-13
2026-10-02,42,5211,17.0,2026-08-13
2026-10-03,42,5547,18.0,2026-08-13
2026-10-04,42,5791,19.0,2026-08-13
2026-10-05,42,5826,19.0,2026-08-13
2026-10-06,42,5568,18.0,2026-08-13
2026-10-07,42,5294,17.5,2026-08-13
2026-10-08,42,5577,18.0,2026-08-13
2026-10-09,42,5230,17.0,2026-08-13
2026-10-10,42,5595,18.5,2026-08-13
2026-10-11,42,5810,19.0,2026-08-13
2026-10-12,42,5846,19.0,2026-08-13
2026-07-15,43,1404,2.5,2026-08-13
2026-07-16,43,1146,2.0,2026-08-13
2026-07-17,43,987,2.0,2026-08-13
2026-07-18,43,878,1.5,2026-08-13
2026-07-19,43,964,2.0,2026-08-13
2026-07-20,43,1408,2.5,2026-08-13
2026-07-21,43,1125,2.0,2026-08-13
2026-07-22,43,1330,2.5,2026-08-13
2026-07-23,43,1067,2.0,2026-08-13
2026-07-24,43,925,1.5,2026-08-13
2026-07-25,43,848,1.5,2026-08-13
2026-07-26,43,934,1.5,2026-08-13
2026-07-27,43,1400,2.5,2026-08-13
2026-07-28,43,1124,2.0,2026-08-13
2026-07-29,43,1344,2.5,2026-08-13
2026-07-30,43,1076,2.0,2026-08-13
2026-07-31,43,1066,2.0,2026-08-13
2026-08-01,43,938,2.0,2026-08-13
2026-08-02,43,1015,2.0,2026-08-13
2026-08-03,43,1445,2.5,2026-08-13
2026-08-04,43,1181,2.0,2026-08-13
2026-08-05,43,1373,2.5,2026-08-13
2026-08-06,43,1123,2.0,2026-08-13
2026-08-07,43,968,2.0,2026-08-13
2026-08-08,43,881,1.5,2026-08-13
2026-08-09,43,980,2.0,2026-08-13
2026-08-10,43,1459,2.5,2026-08-13
2026-08-11,43,1172,2.0,2026-08-13
2026-08-12,43,1383,2.5,2026-08-13
2026-08-13,43,1124,2.0,2026-08-13
2026-08-14,43,969,2.0,2026-08-13
2026-08-15,43,899,1.5,2026-08-13
2026-08-16,43,1030,2.0,2026-08-13
2026-08-17,43,1472,3.0,2026-08-13
2026-08-18,43,1179,2.0,2026-08-13
2026-08-19,43,1376,2.5,2026-08-13
2026-08-20,43,1118,2.0,2026-08-13
2026-08-21,43,1067,2.0,2026-08-13
2026-08-22,43,954,2.0,2026-08-13
2026-08-23,43,1017,2.0,2026-08-13
2026-08-24,43,1451,2.5,2026-08-13
2026-08-25,43,1183,2.0,2026-08-13
2026-08-26,43,1366,2.5,2026-08-13
2026-08-27,43,1177,2.0,2026-08-13
2026-08-28,43,1024,2.0,2026-08-13
2026-08-29,43,944,2.0,2026-08-13
2026-08-30,43,1078,2.0,2026-08-13
2026-08-31,43,1547,3.0,2026-08-13
2026-09-01,43,1262,2.5,2026-08-13
2026-09-02,43,1483,3.0,2026-08-13
2026-09-03,43,1225,2.5,2026-08-13
2026-09-04,43,1038,2.0,2026-08-13
2026-09-05,43,922,1.5,2026-08-13
2026-09-06,43,990,2.0,2026-08-13
2026-09-07,43,1501,3.0,2026-08-13
2026-09-08,43,1203,2.5,2026-08-13
2026-09-09,43,1378,2.5,2026-08-13
2026-09-10,43,1121,2.0,2026-08-13
2026-09-11,43,972,2.0,2026-08-13
2026-09-12,43,906,1.5,2026-08-13
2026-09-13,43,975,2.0,2026-08-13
2026-09-14,43,1433,2.5,2026-08-13
2026-09-15,43,1134,2.0,2026-08-13
2026-09-16,43,1345,2.5,2026-08-13
2026-09-17,43,1140,2.0,2026-08-13
2026-09-18,43,1022,2.0,2026-08-13
2026-09-19,43,902,1.5,2026-08-13
2026-09-20,43,1003,2.0,2026-08-13
2026-09-21,43,1398,2.5,2026-08-13
2026-09-22,43,1088,2.0,2026-08-13
2026-09-23,43,1245,2.5,2026-08-13
2026-09-24,43,1010,2.0,2026-08-13
2026-09-25,43,895,1.5,2026-08-13
2026-09-26,43,867,1.5,2026-08-13
2026-09-27,43,966,2.0,2026-08-13
2026-09-28,43,1394,2.5,2026-08-13
2026-09-29,43,1080,2.0,2026-08-13
2026-09-30,43,1237,2.5,2026-08-13
2026-10-01,43,993,2.0,2026-08-13
2026-10-02,43,884,1.5,2026-08-13
2026-10-03,43,863,1.5,2026-08-13
2026-10-04,43,951,2.0,2026-08-13
2026-10-05,43,1376,2.5,2026-08-13
2026-10-06,43,1056,2.0,2026-08-13
2026-10-07,43,1208,2.5,2026-08-13
2026-10-08,43,998,2.0,2026-08-13
2026-10-09,43,883,1.5,2026-08-13
2026-10-10,43,878,1.5,2026-08-13
2026-10-11,43,979,2.0,2026-08-13
2026-10-12,43,1398,2.5,2026-08-13
2026-07-15,5,8050,12.0,2026-08-13
2026-07-16,5,7640,11.5,2026-08-13
2026-07-17,5,6774,10.0,2026-08-13
2026-07-18,5,6869,10.5,2026-08-13
2026-07-19,5,6153,9.0,2026-08-13
2026-07-20,5,6986,10.5,2026-08-13
2026-07-21,5,6839,10.5,2026-08-13
2026-07-22,5,6861,10.5,2026-08-13
2026-07-23,5,6481,9.5,2026-08-13
2026-07-24,5,5679,8.5,2026-08-13
2026-07-25,5,5836,9.0,2026-08-13
2026-07-26,5,5160,7.5,2026-08-13
2026-07-27,5,6448,9.5,2026-08-13
2026-07-28,5,6595,10.0,2026-08-13
2026-07-29,5,6677,10.0,2026-08-13
2026-07-30,5,6406,9.5,2026-08-13
2026-07-31,5,6515,10.0,2026-08-13
2026-08-01,5,6610,10.0,2026-08-13
2026-08-02,5,6454,9.5,2026-08-13
2026-08-03,5,7325,11.0,2026-08-13
2026-08-04,5,7211,11.0,2026-08-13
2026-08-05,5,7090,10.5,2026-08-13
2026-08-06,5,6718,10.0,2026-08-13
2026-08-07,5,5922,9.0,2026-08-13
2026-08-08,5,6035,9.0,2026-08-13
2026-08-09,5,5500,8.5,2026-08-13
2026-08-10,5,6786,10.0,2026-08-13
2026-08-11,5,6875,10.5,2026-08-13
2026-08-12,5,6844,10.5,2026-08-13
2026-08-13,5,6633,10.0,2026-08-13
2026-08-14,5,5982,9.0,2026-08-13
2026-08-15,5,6022,9.0,2026-08-13
2026-08-16,5,5909,9.0,2026-08-13
2026-08-17,5,7389,11.0,2026-08-13
2026-08-18,5,7450,11.0,2026-08-13
2026-08-19,5,7284,11.0,2026-08-13
2026-08-20,5,7084,10.5,2026-08-13
2026-08-21,5,7137,10.5,2026-08-13
2026-08-22,5,7033,10.5,2026-08-13
2026-08-23,5,7090,10.5,2026-08-13
2026-08-24,5,8010,12.0,2026-08-13
2026-08-25,5,7726,11.5,2026-08-13
2026-08-26,5,7534,11.5,2026-08-13
2026-08-27,5,7576,11.5,2026-08-13
2026-08-28,5,6508,10.0,2026-08-13
2026-08-29,5,6833,10.5,2026-08-13
2026-08-30,5,6411,9.5,2026-08-13
2026-08-31,5,7054,10.5,2026-08-13
2026-09-01,5,6826,10.5,2026-08-13
2026-09-02,5,6758,10.0,2026-08-13
2026-09-03,5,6372,9.5,2026-08-13
2026-09-04,5,5631,8.5,2026-08-13
2026-09-05,5,5736,8.5,2026-08-13
2026-09-06,5,5217,8.0,2026-08-13
2026-09-07,5,6756,10.0,2026-08-13
2026-09-08,5,6894,10.5,2026-08-13
2026-09-09,5,6807,10.0,2026-08-13
2026-09-10,5,6684,10.0,2026-08-13
2026-09-11,5,6088,9.0,2026-08-13
2026-09-12,5,6004,9.0,2026-08-13
2026-09-13,5,5226,8.0,2026-08-13
2026-09-14,5,7518,11.5,2026-08-13
2026-09-15,5,7614,11.5,2026-08-13
2026-09-16,5,7275,11.0,2026-08-13
2026-09-17,5,7389,11.0,2026-08-13
2026-09-18,5,6728,10.0,2026-08-13
2026-09-19,5,6492,9.5,2026-08-13
2026-09-20,5,5538,8.5,2026-08-13
2026-09-21,5,8125,12.0,2026-08-13
2026-09-22,5,8123,12.0,2026-08-13
2026-09-23,5,7642,11.5,2026-08-13
2026-09-24,5,7813,11.5,2026-08-13
2026-09-25,5,7027,10.5,2026-08-13
2026-09-26,5,6706,10.0,2026-08-13
2026-09-27,5,5637,8.5,2026-08-13
2026-09-28,5,8327,12.5,2026-08-13
2026-09-29,5,8277,12.5,2026-08-13
2026-09-30,5,7759,11.5,2026-08-13
2026-10-01,5,7942,12.0,2026-08-13
2026-10-02,5,7051,10.5,2026-08-13
2026-10-03,5,6639,10.0,2026-08-13
2026-10-04,5,5462,8.0,2026-08-13
2026-10-05,5,8205,12.5,2026-08-13
2026-10-06,5,8188,12.5,2026-08-13
2026-10-07,5,7686,11.5,2026-08-13
2026-10-08,5,7894,12.0,2026-08-13
2026-10-09,5,7055,10.5,2026-08-13
2026-10-10,5,6622,10.0,2026-08-13
2026-10-11,5,5419,8.0,2026-08-13
2026-10-12,5,8209,12.5,2026-08-13
2026-07-15,6,3895,4.0,2026-08-13
2026-07-16,6,4017,4.0,2026-08-13
2026-07-17,6,3088,3.0,2026-08-13
2026-07-18,6,2611,2.5,2026-08-13
2026-07-19,6,1578,1.5,2026-08-13
2026-07-20,6,3431,3.5,2026-08-13
2026-07-21,6,3180,3.0,2026-08-13
2026-07-22,6,2316,2.5,2026-08-13
2026-07-23,6,2534,2.5,2026-08-13
2026-07-24,6,2226,2.0,2026-08-13
2026-07-25,6,2131,2.0,2026-08-13
2026-07-26,6,1454,1.5,2026-08-13
2026-07-27,6,3070,3.0,2026-08-13
2026-07-28,6,2814,3.0,2026-08-13
2026-07-29,6,2258,2.5,2026-08-13
2026-07-30,6,2474,2.5,2026-08-13
2026-07-31,6,2269,2.5,2026-08-13
2026-08-01,6,2360,2.5,2026-08-13
2026-08-02,6,1601,1.5,2026-08-13
2026-08-03,6,3152,3.0,2026-08-13
2026-08-04,6,2576,2.5,2026-08-13
2026-08-05,6,2273,2.5,2026-08-13
2026-08-06,6,2497,2.5,2026-08-13
2026-08-07,6,2287,2.5,2026-08-13
2026-08-08,6,2219,2.0,2026-08-13
2026-08-09,6,1587,1.5,2026-08-13
2026-08-10,6,3130,3.0,2026-08-13
2026-08-11,6,2789,3.0,2026-08-13
2026-08-12,6,2337,2.5,2026-08-13
2026-08-13,6,2531,2.5,2026-08-13
2026-08-14,6,2352,2.5,2026-08-13
2026-08-15,6,1950,2.0,2026-08-13
2026-08-16,6,1783,2.0,2026-08-13
2026-08-17,6,3630,3.5,2026-08-13
2026-08-18,6,3001,3.0,2026-08-13
2026-08-19,6,2394,2.5,2026-08-13
2026-08-20,6,2558,2.5,2026-08-13
2026-08-21,6,2239,2.0,2026-08-13
2026-08-22,6,2295,2.5,2026-08-13
2026-08-23,6,1945,2.0,2026-08-13
2026-08-24,6,3321,3.5,2026-08-13
2026-08-25,6,2584,2.5,2026-08-13
2026-08-26,6,2235,2.0,2026-08-13
2026-08-27,6,2224,2.0,2026-08-13
2026-08-28,6,2305,2.5,2026-08-13
2026-08-29,6,2248,2.5,2026-08-13
2026-08-30,6,1581,1.5,2026-08-13
2026-08-31,6,2681,2.5,2026-08-13
2026-09-01,6,2427,2.5,2026-08-13
2026-09-02,6,2260,2.5,2026-08-13
2026-09-03,6,2511,2.5,2026-08-13
2026-09-04,6,2396,2.5,2026-08-13
2026-09-05,6,2296,2.5,2026-08-13
2026-09-06,6,1698,1.5,2026-08-13
2026-09-07,6,3623,3.5,2026-08-13
2026-09-08,6,3187,3.0,2026-08-13
2026-09-09,6,2726,2.5,2026-08-13
2026-09-10,6,3226,3.0,2026-08-13
2026-09-11,6,2595,2.5,2026-08-13
2026-09-12,6,2333,2.5,2026-08-13
2026-09-13,6,1695,1.5,2026-08-13
2026-09-14,6,3768,4.0,2026-08-13
2026-09-15,6,3301,3.5,2026-08-13
2026-09-16,6,2797,3.0,2026-08-13
2026-09-17,6,3282,3.5,2026-08-13
2026-09-18,6,2660,2.5,2026-08-13
2026-09-19,6,2424,2.5,2026-08-13
2026-09-20,6,1683,1.5,2026-08-13
2026-09-21,6,3676,3.5,2026-08-13
2026-09-22,6,3227,3.0,2026-08-13
2026-09-23,6,2714,2.5,2026-08-13
2026-09-24,6,3222,3.0,2026-08-13
2026-09-25,6,2617,2.5,2026-08-13
2026-09-26,6,2365,2.5,2026-08-13
2026-09-27,6,1684,1.5,2026-08-13
2026-09-28,6,3741,4.0,2026-08-13
2026-09-29,6,3307,3.5,2026-08-13
2026-09-30,6,2774,3.0,2026-08-13
2026-10-01,6,3277,3.5,2026-08-13
2026-10-02,6,2675,2.5,2026-08-13
2026-10-03,6,2433,2.5,2026-08-13
2026-10-04,6,1733,1.5,2026-08-13
2026-10-05,6,4169,4.0,2026-08-13
2026-10-06,6,3856,4.0,2026-08-13
2026-10-07,6,3571,3.5,2026-08-13
2026-10-08,6,4151,4.0,2026-08-13
2026-10-09,6,3378,3.5,2026-08-13
2026-10-10,6,2652,2.5,2026-08-13
2026-10-11,6,1793,2.0,2026-08-13
2026-10-12,6,4746,5.0,2026-08-13
2026-07-01,73,0,0.0,2026-08-13
2026-07-02,73,0,0.0,2026-08-13
2026-07-03,73,0,0.0,2026-08-13
2026-07-04,73,0,0.0,2026-08-13
2026-07-05,73,0,0.0,2026-08-13
2026-07-06,73,0,0.0,2026-08-13
2026-07-07,73,0,0.0,2026-08-13
2026-07-08,73,0,0.0,2026-08-13
2026-07-09,73,0,0.0,2026-08-13
2026-07-10,73,0,0.0,2026-08-13
2026-07-11,73,0,0.0,2026-08-13
2026-07-12,73,0,0.0,2026-08-13
2026-07-13,73,0,0.0,2026-08-13
2026-07-14,73,0,0.0,2026-08-13
2026-07-15,73,0,0.0,2026-08-13
2026-07-16,73,0,0.0,2026-08-13
2026-07-17,73,0,0.0,2026-08-13
2026-07-18,73,0,0.0,2026-08-13
2026-07-19,73,0,0.0,2026-08-13
2026-07-20,73,0,0.0,2026-08-13
2026-07-21,73,0,0.0,2026-08-13
2026-07-22,73,0,0.0,2026-08-13
2026-07-23,73,0,0.0,2026-08-13
2026-07-24,73,0,0.0,2026-08-13
2026-07-25,73,0,0.0,2026-08-13
2026-07-26,73,0,0.0,2026-08-13
2026-07-27,73,0,0.0,2026-08-13
2026-07-28,73,0,0.0,2026-08-13
2026-07-29,73,0,0.0,2026-08-13
2026-07-30,73,0,0.0,2026-08-13
2026-07-31,73,0,0.0,2026-08-13
2026-08-01,73,0,0.0,2026-08-13
2026-08-02,73,0,0.0,2026-08-13
2026-08-03,73,0,0.0,2026-08-13
2026-08-04,73,0,0.0,2026-08-13
2026-08-05,73,0,0.0,2026-08-13
2026-08-06,73,0,0.0,2026-08-13
2026-08-07,73,0,0.0,2026-08-13
2026-08-08,73,0,0.0,2026-08-13
2026-08-09,73,0,0.0,2026-08-13
2026-08-10,73,0,0.0,2026-08-13
2026-08-11,73,0,0.0,2026-08-13
2026-08-12,73,0,0.0,2026-08-13
2026-08-13,73,0,0.0,2026-08-13
2026-08-14,73,0,0.0,2026-08-13
2026-08-15,73,0,0.0,2026-08-13
2026-08-16,73,0,0.0,2026-08-13
2026-08-17,73,0,0.0,2026-08-13
2026-08-18,73,0,0.0,2026-08-13
2026-08-19,73,0,0.0,2026-08-13
2026-08-20,73,0,0.0,2026-08-13
2026-08-21,73,0,0.0,2026-08-13
2026-08-22,73,0,0.0,2026-08-13
2026-08-23,73,0,0.0,2026-08-13
2026-08-24,73,0,0.0,2026-08-13
2026-08-25,73,0,0.0,2026-08-13
2026-08-26,73,0,0.0,2026-08-13
2026-08-27,73,0,0.0,2026-08-13
2026-08-28,73,0,0.0,2026-08-13
2026-08-29,73,0,0.0,2026-08-13
2026-08-30,73,0,0.0,2026-08-13
2026-08-31,73,0,0.0,2026-08-13
2026-09-01,73,322,1.5,2026-08-13
2026-09-02,73,362,1.5,2026-08-13
2026-09-03,73,507,2.0,2026-08-13
2026-09-04,73,585,2.5,2026-08-13
2026-09-05,73,294,1.0,2026-08-13
2026-09-06,73,47,1.0,2026-08-13
2026-09-07,73,655,2.5,2026-08-13
2026-09-08,73,848,3.5,2026-08-13
2026-09-09,73,871,3.5,2026-08-13
2026-09-10,73,866,3.5,2026-08-13
2026-09-11,73,773,3.0,2026-08-13
2026-09-12,73,347,1.5,2026-08-13
2026-09-13,73,20,1.0,2026-08-13
2026-09-14,73,758,3.0,2026-08-13
2026-09-15,73,947,4.0,2026-08-13
2026-09-16,73,940,4.0,2026-08-13
2026-09-17,73,923,3.5,2026-08-13
2026-09-18,73,819,3.5,2026-08-13
2026-09-19,73,338,1.5,2026-08-13
2026-09-20,73,11,1.0,2026-08-13
2026-09-21,73,779,3.0,2026-08-13
2026-09-22,73,958,4.0,2026-08-13
2026-09-23,73,945,4.0,2026-08-13
2026-09-24,73,927,3.5,2026-08-13
2026-09-25,73,816,3.5,2026-08-13
2026-09-26,73,327,1.5,2026-08-13
2026-09-27,73,8,1.0,2026-08-13
2026-09-28,73,781,3.0,2026-08-13
2026-07-15,8,5585,6.5,2026-08-13
2026-07-16,8,5601,6.5,2026-08-13
2026-07-17,8,5294,6.0,2026-08-13
2026-07-18,8,5261,6.0,2026-08-13
2026-07-19,8,4593,5.5,2026-08-13
2026-07-20,8,5315,6.0,2026-08-13
2026-07-21,8,5479,6.5,2026-08-13
2026-07-22,8,5488,6.5,2026-08-13
2026-07-23,8,5390,6.0,2026-08-13
2026-07-24,8,4984,5.5,2026-08-13
2026-07-25,8,4884,5.5,2026-08-13
2026-07-26,8,4181,5.0,2026-08-13
2026-07-27,8,4989,5.5,2026-08-13
2026-07-28,8,5212,6.0,2026-08-13
2026-07-29,8,5210,6.0,2026-08-13
2026-07-30,8,5133,6.0,2026-08-13
2026-07-31,8,4689,5.5,2026-08-13
2026-08-01,8,4853,5.5,2026-08-13
2026-08-02,8,4220,5.0,2026-08-13
2026-08-03,8,4968,5.5,2026-08-13
2026-08-04,8,5211,6.0,2026-08-13
2026-08-05,8,5169,6.0,2026-08-13
2026-08-06,8,5071,6.0,2026-08-13
2026-08-07,8,4641,5.5,2026-08-13
2026-08-08,8,4624,5.5,2026-08-13
2026-08-09,8,4054,4.5,2026-08-13
2026-08-10,8,4945,5.5,2026-08-13
2026-08-11,8,5239,6.0,2026-08-13
2026-08-12,8,5240,6.0,2026-08-13
2026-08-13,8,5158,6.0,2026-08-13
2026-08-14,8,4697,5.5,2026-08-13
2026-08-15,8,4256,5.0,2026-08-13
2026-08-16,8,4059,4.5,2026-08-13
2026-08-17,8,4804,5.5,2026-08-13
2026-08-18,8,5146,6.0,2026-08-13
2026-08-19,8,5121,6.0,2026-08-13
2026-08-20,8,5056,6.0,2026-08-13
2026-08-21,8,4591,5.5,2026-08-13
2026-08-22,8,4571,5.0,2026-08-13
2026-08-23,8,4225,5.0,2026-08-13
2026-08-24,8,4863,5.5,2026-08-13
2026-08-25,8,5126,6.0,2026-08-13
2026-08-26,8,5051,6.0,2026-08-13
2026-08-27,8,4803,5.5,2026-08-13
2026-08-28,8,4681,5.5,2026-08-13
2026-08-29,8,4698,5.5,2026-08-13
2026-08-30,8,4125,4.5,2026-08-13
2026-08-31,8,4909,5.5,2026-08-13
2026-09-01,8,5163,6.0,2026-08-13
2026-09-02,8,5136,6.0,2026-08-13
2026-09-03,8,5034,6.0,2026-08-13
2026-09-04,8,4602,5.5,2026-08-13
2026-09-05,8,4581,5.5,2026-08-13
2026-09-06,8,3967,4.5,2026-08-13
2026-09-07,8,4936,5.5,2026-08-13
2026-09-08,8,5212,6.0,2026-08-13
2026-09-09,8,5234,6.0,2026-08-13
2026-09-10,8,5156,6.0,2026-08-13
2026-09-11,8,4705,5.5,2026-08-13
2026-09-12,8,4633,5.5,2026-08-13
2026-09-13,8,3959,4.5,2026-08-13
2026-09-14,8,4945,5.5,2026-08-13
2026-09-15,8,5216,6.0,2026-08-13
2026-09-16,8,5250,6.0,2026-08-13
2026-09-17,8,5205,6.0,2026-08-13
2026-09-18,8,4765,5.5,2026-08-13
2026-09-19,8,4664,5.5,2026-08-13
2026-09-20,8,3961,4.5,2026-08-13
2026-09-21,8,4952,5.5,2026-08-13
2026-09-22,8,5221,6.0,2026-08-13
2026-09-23,8,5259,6.0,2026-08-13
2026-09-24,8,5201,6.0,2026-08-13
2026-09-25,8,4762,5.5,2026-08-13
2026-09-26,8,4684,5.5,2026-08-13
2026-09-27,8,3982,4.5,2026-08-13
2026-09-28,8,4971,5.5,2026-08-13
2026-09-29,8,5234,6.0,2026-08-13
2026-09-30,8,5270,6.0,2026-08-13
2026-10-01,8,5207,6.0,2026-08-13
2026-10-02,8,4752,5.5,2026-08-13
2026-10-03,8,4638,5.5,2026-08-13
2026-10-04,8,3896,4.5,2026-08-13
2026-10-05,8,4970,5.5,2026-08-13
2026-10-06,8,5238,6.0,2026-08-13
2026-10-07,8,5292,6.0,2026-08-13
2026-10-08,8,5257,6.0,2026-08-13
2026-10-09,8,4812,5.5,2026-08-13
2026-10-10,8,4679,5.5,2026-08-13
2026-10-11,8,3877,4.5,2026-08-13
2026-10-12,8,4980,5.5,2026-08-13
2026-07-15,9,1,1.0,2026-08-13
2026-07-16,9,10,1.0,2026-08-13
2026-07-17,9,10,1.0,2026-08-13
2026-07-18,9,0,0.0,2026-08-13
2026-07-19,9,0,0.0,2026-08-13
2026-07-20,9,0,0.0,2026-08-13
2026-07-21,9,0,0.0,2026-08-13
2026-07-22,9,0,0.0,2026-08-13
2026-07-23,9,12,1.0,2026-08-13
2026-07-24,9,13,1.0,2026-08-13
2026-07-25,9,1,1.0,2026-08-13
2026-07-26,9,0,0.0,2026-08-13
2026-07-27,9,0,0.0,2026-08-13
2026-07-28,9,0,0.0,2026-08-13
2026-07-29,9,0,0.0,2026-08-13
2026-07-30,9,9,1.0,2026-08-13
2026-07-31,9,26,1.0,2026-08-13
2026-08-01,9,22,1.0,2026-08-13
2026-08-02,9,5,1.0,2026-08-13
2026-08-03,9,0,0.0,2026-08-13
2026-08-04,9,0,0.0,2026-08-13
2026-08-05,9,0,0.0,2026-08-13
2026-08-06,9,0,0.0,2026-08-13
2026-08-07,9,7,1.0,2026-08-13
2026-08-08,9,3,1.0,2026-08-13
2026-08-09,9,0,0.0,2026-08-13
2026-08-10,9,0,0.0,2026-08-13
2026-08-11,9,0,0.0,2026-08-13
2026-08-12,9,0,0.0,2026-08-13
2026-08-13,9,0,0.0,2026-08-13
2026-08-14,9,0,0.0,2026-08-13
2026-08-15,9,4,1.0,2026-08-13
2026-08-16,9,2,1.0,2026-08-13
2026-08-17,9,0,0.0,2026-08-13
2026-08-18,9,0,0.0,2026-08-13
2026-08-19,9,0,0.0,2026-08-13
2026-08-20,9,0,0.0,2026-08-13
2026-08-21,9,0,0.0,2026-08-13
2026-08-22,9,13,1.0,2026-08-13
2026-08-23,9,12,1.0,2026-08-13
2026-08-24,9,0,0.0,2026-08-13
2026-08-25,9,0,0.0,2026-08-13
2026-08-26,9,0,0.0,2026-08-13
2026-08-27,9,0,0.0,2026-08-13
2026-08-28,9,0,0.0,2026-08-13
2026-08-29,9,0,0.0,2026-08-13
2026-08-30,9,0,0.0,2026-08-13
2026-08-31,9,0,0.0,2026-08-13
2026-09-01,9,0,0.0,2026-08-13
2026-09-02,9,0,0.0,2026-08-13
2026-09-03,9,0,0.0,2026-08-13
2026-09-04,9,0,0.0,2026-08-13
2026-09-05,9,0,0.0,2026-08-13
2026-09-06,9,0,0.0,2026-08-13
2026-09-07,9,0,0.0,2026-08-13
2026-09-08,9,0,0.0,2026-08-13
2026-09-09,9,0,0.0,2026-08-13
2026-09-10,9,0,0.0,2026-08-13
2026-09-11,9,0,0.0,2026-08-13
2026-09-12,9,0,0.0,2026-08-13
2026-09-13,9,0,0.0,2026-08-13
2026-09-14,9,0,0.0,2026-08-13
2026-09-15,9,0,0.0,2026-08-13
2026-09-16,9,0,0.0,2026-08-13
2026-09-17,9,0,0.0,2026-08-13
2026-09-18,9,0,0.0,2026-08-13
2026-09-19,9,0,0.0,2026-08-13
2026-09-20,9,0,0.0,2026-08-13
2026-09-21,9,0,0.0,2026-08-13
2026-09-22,9,0,0.0,2026-08-13
2026-09-23,9,0,0.0,2026-08-13
2026-09-24,9,0,0.0,2026-08-13
2026-09-25,9,0,0.0,2026-08-13
2026-09-26,9,0,0.0,2026-08-13
2026-09-27,9,0,0.0,2026-08-13
2026-09-28,9,0,0.0,2026-08-13
2026-09-29,9,0,0.0,2026-08-13
2026-09-30,9,0,0.0,2026-08-13
2026-10-01,9,0,0.0,2026-08-13
2026-10-02,9,0,0.0,2026-08-13
2026-10-03,9,0,0.0,2026-08-13
2026-10-04,9,0,0.0,2026-08-13
2026-10-05,9,0,0.0,2026-08-13
2026-10-06,9,0,0.0,2026-08-13
2026-10-07,9,0,0.0,2026-08-13
2026-10-08,9,0,0.0,2026-08-13
2026-10-09,9,0,0.0,2026-08-13
2026-10-10,9,0,0.0,2026-08-13
2026-10-11,9,0,0.0,2026-08-13
2026-10-12,9,0,0.0,2026-08-13
2026-07-15,95,3112,4.0,2026-08-13
2026-07-16,95,3150,4.0,2026-08-13
2026-07-17,95,2671,3.0,2026-08-13
2026-07-18,95,3161,4.0,2026-08-13
2026-07-19,95,4535,5.5,2026-08-13
2026-07-20,95,3376,4.0,2026-08-13
2026-07-21,95,3420,4.0,2026-08-13
2026-07-22,95,3471,4.0,2026-08-13
2026-07-23,95,3498,4.0,2026-08-13
2026-07-24,95,2973,3.5,2026-08-13
2026-07-25,95,3464,4.0,2026-08-13
2026-07-26,95,4862,6.0,2026-08-13
2026-07-27,95,3660,4.5,2026-08-13
2026-07-28,95,3699,4.5,2026-08-13
2026-07-29,95,3706,4.5,2026-08-13
2026-07-30,95,3716,4.5,2026-08-13
2026-07-31,95,3909,4.5,2026-08-13
2026-08-01,95,3761,4.5,2026-08-13
2026-08-02,95,4950,6.0,2026-08-13
2026-08-03,95,3956,5.0,2026-08-13
2026-08-04,95,3935,5.0,2026-08-13
2026-08-05,95,3892,4.5,2026-08-13
2026-08-06,95,3853,4.5,2026-08-13
2026-08-07,95,3246,4.0,2026-08-13
2026-08-08,95,3658,4.5,2026-08-13
2026-08-09,95,4998,6.0,2026-08-13
2026-08-10,95,3874,4.5,2026-08-13
2026-08-11,95,3845,4.5,2026-08-13
2026-08-12,95,3767,4.5,2026-08-13
2026-08-13,95,3719,4.5,2026-08-13
2026-08-14,95,3128,4.0,2026-08-13
2026-08-15,95,3803,4.5,2026-08-13
2026-08-16,95,4650,5.5,2026-08-13
2026-08-17,95,3815,4.5,2026-08-13
2026-08-18,95,3800,4.5,2026-08-13
2026-08-19,95,3787,4.5,2026-08-13
2026-08-20,95,3749,4.5,2026-08-13
2026-08-21,95,3869,4.5,2026-08-13
2026-08-22,95,3871,4.5,2026-08-13
2026-08-23,95,4527,5.5,2026-08-13
2026-08-24,95,3819,4.5,2026-08-13
2026-08-25,95,3815,4.5,2026-08-13
2026-08-26,95,3826,4.5,2026-08-13
2026-08-27,95,4085,5.0,2026-08-13
2026-08-28,95,3310,4.0,2026-08-13
2026-08-29,95,3688,4.5,2026-08-13
2026-08-30,95,4996,6.0,2026-08-13
2026-08-31,95,3878,4.5,2026-08-13
2026-09-01,95,3849,4.5,2026-08-13
2026-09-02,95,3675,4.5,2026-08-13
2026-09-03,95,3543,4.5,2026-08-13
2026-09-04,95,2915,3.5,2026-08-13
2026-09-05,95,3255,4.0,2026-08-13
2026-09-06,95,4439,5.5,2026-08-13
2026-09-07,95,3426,4.0,2026-08-13
2026-09-08,95,3344,4.0,2026-08-13
2026-09-09,95,3263,4.0,2026-08-13
2026-09-10,95,3184,4.0,2026-08-13
2026-09-11,95,2643,3.0,2026-08-13
2026-09-12,95,3012,3.5,2026-08-13
2026-09-13,95,4194,5.0,2026-08-13
2026-09-14,95,3243,4.0,2026-08-13
2026-09-15,95,3153,4.0,2026-08-13
2026-09-16,95,3090,3.5,2026-08-13
2026-09-17,95,3019,3.5,2026-08-13
2026-09-18,95,2507,3.0,2026-08-13
2026-09-19,95,2869,3.5,2026-08-13
2026-09-20,95,4020,5.0,2026-08-13
2026-09-21,95,3091,3.5,2026-08-13
2026-09-22,95,3004,3.5,2026-08-13
2026-09-23,95,2955,3.5,2026-08-13
2026-09-24,95,2892,3.5,2026-08-13
2026-09-25,95,2398,3.0,2026-08-13
2026-09-26,95,2758,3.5,2026-08-13
2026-09-27,95,3894,4.5,2026-08-13
2026-09-28,95,2987,3.5,2026-08-13
2026-09-29,95,2902,3.5,2026-08-13
2026-09-30,95,2868,3.5,2026-08-13
2026-10-01,95,2815,3.5,2026-08-13
2026-10-02,95,2273,3.0,2026-08-13
2026-10-03,95,2518,3.0,2026-08-13
2026-10-04,95,3423,4.0,2026-08-13
2026-10-05,95,2588,3.0,2026-08-13
2026-10-06,95,2406,3.0,2026-08-13
2026-10-07,95,2292,3.0,2026-08-13
2026-10-08,95,2139,2.5,2026-08-13
2026-10-09,95,1665,2.0,2026-08-13
2026-10-10,95,1827,2.0,2026-08-13
2026-10-11,95,2491,3.0,2026-08-13
2026-10-12,95,1839,2.0,2026-08-13
2026-07-15,97,8436,10.0,2026-08-13
2026-07-16,97,8976,10.5,2026-08-13
2026-07-17,97,7608,9.0,2026-08-13
2026-07-18,97,8537,10.0,2026-08-13
2026-07-19,97,9655,11.5,2026-08-13
2026-07-20,97,9499,11.5,2026-08-13
2026-07-21,97,9349,11.0,2026-08-13
2026-07-22,97,8580,10.0,2026-08-13
2026-07-23,97,9083,11.0,2026-08-13
2026-07-24,97,7602,9.0,2026-08-13
2026-07-25,97,8600,10.0,2026-08-13
2026-07-26,97,9784,11.5,2026-08-13
2026-07-27,97,9614,11.5,2026-08-13
2026-07-28,97,9475,11.5,2026-08-13
2026-07-29,97,8683,10.5,2026-08-13
2026-07-30,97,9168,11.0,2026-08-13
2026-07-31,97,7963,9.5,2026-08-13
2026-08-01,97,8393,10.0,2026-08-13
2026-08-02,97,9812,11.5,2026-08-13
2026-08-03,97,9669,11.5,2026-08-13
2026-08-04,97,9398,11.0,2026-08-13
2026-08-05,97,8470,10.0,2026-08-13
2026-08-06,97,8976,10.5,2026-08-13
2026-08-07,97,7252,8.5,2026-08-13
2026-08-08,97,7911,9.5,2026-08-13
2026-08-09,97,8791,10.5,2026-08-13
2026-08-10,97,8830,10.5,2026-08-13
2026-08-11,97,8652,10.5,2026-08-13
2026-08-12,97,7841,9.5,2026-08-13
2026-08-13,97,8416,10.0,2026-08-13
2026-08-14,97,6823,8.0,2026-08-13
2026-08-15,97,7583,9.0,2026-08-13
2026-08-16,97,7122,8.5,2026-08-13
2026-08-17,97,7760,9.0,2026-08-13
2026-08-18,97,7589,9.0,2026-08-13
2026-08-19,97,6943,8.5,2026-08-13
2026-08-20,97,7551,9.0,2026-08-13
2026-08-21,97,6569,8.0,2026-08-13
2026-08-22,97,6686,8.0,2026-08-13
2026-08-23,97,6312,7.5,2026-08-13
2026-08-24,97,6927,8.0,2026-08-13
2026-08-25,97,6938,8.5,2026-08-13
2026-08-26,97,6293,7.5,2026-08-13
2026-08-27,97,7470,9.0,2026-08-13
2026-08-28,97,6629,8.0,2026-08-13
2026-08-29,97,6325,7.5,2026-08-13
2026-08-30,97,6519,8.0,2026-08-13
2026-08-31,97,7089,8.5,2026-08-13
2026-09-01,97,7094,8.5,2026-08-13
2026-09-02,97,6373,7.5,2026-08-13
2026-09-03,97,6828,8.0,2026-08-13
2026-09-04,97,6120,7.5,2026-08-13
2026-09-05,97,5477,6.5,2026-08-13
2026-09-06,97,5636,6.5,2026-08-13
2026-09-07,97,6547,8.0,2026-08-13
2026-09-08,97,6659,8.0,2026-08-13
2026-09-09,97,6231,7.5,2026-08-13
2026-09-10,97,6687,8.0,2026-08-13
2026-09-11,97,6176,7.5,2026-08-13
2026-09-12,97,5581,6.5,2026-08-13
2026-09-13,97,5723,7.0,2026-08-13
2026-09-14,97,6719,8.0,2026-08-13
2026-09-15,97,6900,8.0,2026-08-13
2026-09-16,97,6401,7.5,2026-08-13
2026-09-17,97,6847,8.0,2026-08-13
2026-09-18,97,6257,7.5,2026-08-13
2026-09-19,97,5725,7.0,2026-08-13
2026-09-20,97,5816,7.0,2026-08-13
2026-09-21,97,6781,8.0,2026-08-13
2026-09-22,97,6948,8.5,2026-08-13
2026-09-23,97,6437,7.5,2026-08-13
2026-09-24,97,6876,8.0,2026-08-13
2026-09-25,97,6260,7.5,2026-08-13
2026-09-26,97,5710,7.0,2026-08-13
2026-09-27,97,5839,7.0,2026-08-13
2026-09-28,97,6816,8.0,2026-08-13
2026-09-29,97,7000,8.5,2026-08-13
2026-09-30,97,6486,7.5,2026-08-13
2026-10-01,97,6922,8.0,2026-08-13
2026-10-02,97,6297,7.5,2026-08-13
2026-10-03,97,5741,7.0,2026-08-13
2026-10-04,97,5715,7.0,2026-08-13
2026-10-05,97,6796,8.0,2026-08-13
2026-10-06,97,6973,8.5,2026-08-13
2026-10-07,97,6388,7.5,2026-08-13
2026-10-08,97,6797,8.0,2026-08-13
2026-10-09,97,6370,7.5,2026-08-13
2026-10-10,97,5880,7.0,2026-08-13
2026-10-11,97,5869,7.0,2026-08-13
2026-10-12,97,6920,8.0,2026-08-13
2026-07-15,98,6050,6.5,2026-08-13
2026-07-16,98,6423,7.0,2026-08-13
2026-07-17,98,5880,6.5,2026-08-13
2026-07-18,98,5787,6.0,2026-08-13
2026-07-19,98,3869,4.0,2026-08-13
2026-07-20,98,6681,7.0,2026-08-13
2026-07-21,98,6476,7.0,2026-08-13
2026-07-22,98,6081,6.5,2026-08-13
2026-07-23,98,6332,7.0,2026-08-13
2026-07-24,98,5851,6.5,2026-08-13
2026-07-25,98,5735,6.0,2026-08-13
2026-07-26,98,3807,4.0,2026-08-13
2026-07-27,98,6630,7.0,2026-08-13
2026-07-28,98,6485,7.0,2026-08-13
2026-07-29,98,6048,6.5,2026-08-13
2026-07-30,98,6311,7.0,2026-08-13
2026-07-31,98,5589,6.0,2026-08-13
2026-08-01,98,6463,7.0,2026-08-13
2026-08-02,98,4575,5.0,2026-08-13
2026-08-03,98,7087,7.5,2026-08-13
2026-08-04,98,6737,7.5,2026-08-13
2026-08-05,98,6189,6.5,2026-08-13
2026-08-06,98,6485,7.0,2026-08-13
2026-08-07,98,5868,6.5,2026-08-13
2026-08-08,98,5768,6.0,2026-08-13
2026-08-09,98,3761,4.0,2026-08-13
2026-08-10,98,6555,7.0,2026-08-13
2026-08-11,98,6459,7.0,2026-08-13
2026-08-12,98,5918,6.5,2026-08-13
2026-08-13,98,6242,6.5,2026-08-13
2026-08-14,98,5740,6.0,2026-08-13
2026-08-15,98,4897,5.5,2026-08-13
2026-08-16,98,4485,5.0,2026-08-13
2026-08-17,98,6797,7.5,2026-08-13
2026-08-18,98,6694,7.0,2026-08-13
2026-08-19,98,6182,6.5,2026-08-13
2026-08-20,98,6452,7.0,2026-08-13
2026-08-21,98,5624,6.0,2026-08-13
2026-08-22,98,6276,7.0,2026-08-13
2026-08-23,98,5359,6.0,2026-08-13
2026-08-24,98,7236,8.0,2026-08-13
2026-08-25,98,6905,7.5,2026-08-13
2026-08-26,98,6378,7.0,2026-08-13
2026-08-27,98,6638,7.0,2026-08-13
2026-08-28,98,6518,7.0,2026-08-13
2026-08-29,98,6333,7.0,2026-08-13
2026-08-30,98,4404,4.5,2026-08-13
2026-08-31,98,6948,7.5,2026-08-13
2026-09-01,98,6628,7.0,2026-08-13
2026-09-02,98,5981,6.5,2026-08-13
2026-09-03,98,6286,7.0,2026-08-13
2026-09-04,98,5651,6.0,2026-08-13
2026-09-05,98,5495,6.0,2026-08-13
2026-09-06,98,3496,4.0,2026-08-13
2026-09-07,98,6440,7.0,2026-08-13
2026-09-08,98,6410,7.0,2026-08-13
2026-09-09,98,5769,6.0,2026-08-13
2026-09-10,98,6123,6.5,2026-08-13
2026-09-11,98,5600,6.0,2026-08-13
2026-09-12,98,5369,6.0,2026-08-13
2026-09-13,98,3466,3.5,2026-08-13
2026-09-14,98,6458,7.0,2026-08-13
2026-09-15,98,6435,7.0,2026-08-13
2026-09-16,98,5826,6.5,2026-08-13
2026-09-17,98,6137,6.5,2026-08-13
2026-09-18,98,5620,6.0,2026-08-13
2026-09-19,98,5379,6.0,2026-08-13
2026-09-20,98,3462,3.5,2026-08-13
2026-09-21,98,6471,7.0,2026-08-13
2026-09-22,98,6437,7.0,2026-08-13
2026-09-23,98,5836,6.5,2026-08-13
2026-09-24,98,6163,6.5,2026-08-13
2026-09-25,98,5646,6.0,2026-08-13
2026-09-26,98,5398,6.0,2026-08-13
2026-09-27,98,3473,3.5,2026-08-13
2026-09-28,98,6469,7.0,2026-08-13
2026-09-29,98,6420,7.0,2026-08-13
2026-09-30,98,5816,6.5,2026-08-13
2026-10-01,98,6133,6.5,2026-08-13
2026-10-02,98,5537,6.0,2026-08-13
2026-10-03,98,5139,5.5,2026-08-13
2026-10-04,98,3316,3.5,2026-08-13
2026-10-05,98,6221,6.5,2026-08-13
2026-10-06,98,6259,6.5,2026-08-13
2026-10-07,98,5609,6.0,2026-08-13
2026-10-08,98,5901,6.5,2026-08-13
2026-10-09,98,5447,6.0,2026-08-13
2026-10-10,98,5089,5.5,2026-08-13
2026-10-11,98,3318,3.5,2026-08-13
2026-10-12,98,6299,7.0,2026-08-13
2026-07-15,99,35,1.0,2026-08-13
2026-07-16,99,38,1.0,2026-08-13
2026-07-17,99,42,1.0,2026-08-13
2026-07-18,99,40,1.0,2026-08-13
2026-07-19,99,59,1.0,2026-08-13
2026-07-20,99,0,0.0,2026-08-13
2026-07-21,99,0,0.0,2026-08-13
2026-07-22,99,37,1.0,2026-08-13
2026-07-23,99,37,1.0,2026-08-13
2026-07-24,99,41,1.0,2026-08-13
2026-07-25,99,40,1.0,2026-08-13
2026-07-26,99,68,1.0,2026-08-13
2026-07-27,99,10,1.0,2026-08-13
2026-07-28,99,0,0.0,2026-08-13
2026-07-29,99,37,1.0,2026-08-13
2026-07-30,99,38,1.0,2026-08-13
2026-07-31,99,60,1.0,2026-08-13
2026-08-01,99,83,1.0,2026-08-13
2026-08-02,99,47,1.0,2026-08-13
2026-08-03,99,0,0.0,2026-08-13
2026-08-04,99,15,1.0,2026-08-13
2026-08-05,99,36,1.0,2026-08-13
2026-08-06,99,34,1.0,2026-08-13
2026-08-07,99,35,1.0,2026-08-13
2026-08-08,99,45,1.0,2026-08-13
2026-08-09,99,58,1.0,2026-08-13
2026-08-10,99,0,0.0,2026-08-13
2026-08-11,99,0,0.0,2026-08-13
2026-08-12,99,33,1.0,2026-08-13
2026-08-13,99,34,1.0,2026-08-13
2026-08-14,99,37,1.0,2026-08-13
2026-08-15,99,135,1.5,2026-08-13
2026-08-16,99,189,2.0,2026-08-13
2026-08-17,99,75,1.0,2026-08-13
2026-08-18,99,37,1.0,2026-08-13
2026-08-19,99,57,1.0,2026-08-13
2026-08-20,99,43,1.0,2026-08-13
2026-08-21,99,117,1.5,2026-08-13
2026-08-22,99,238,2.5,2026-08-13
2026-08-23,99,166,2.0,2026-08-13
2026-08-24,99,71,1.0,2026-08-13
2026-08-25,99,36,1.0,2026-08-13
2026-08-26,99,46,1.0,2026-08-13
2026-08-27,99,83,1.0,2026-08-13
2026-08-28,99,65,1.0,2026-08-13
2026-08-29,99,57,1.0,2026-08-13
2026-08-30,99,48,1.0,2026-08-13
2026-08-31,99,6,1.0,2026-08-13
2026-09-01,99,10,1.0,2026-08-13
2026-09-02,99,28,1.0,2026-08-13
2026-09-03,99,29,1.0,2026-08-13
2026-09-04,99,32,1.0,2026-08-13
2026-09-05,99,31,1.0,2026-08-13
2026-09-06,99,26,1.0,2026-08-13
2026-09-07,99,8,1.0,2026-08-13
2026-09-08,99,5,1.0,2026-08-13
2026-09-09,99,25,1.0,2026-08-13
2026-09-10,99,29,1.0,2026-08-13
2026-09-11,99,34,1.0,2026-08-13
2026-09-12,99,34,1.0,2026-08-13
2026-09-13,99,28,1.0,2026-08-13
2026-09-14,99,19,1.0,2026-08-13
2026-09-15,99,14,1.0,2026-08-13
2026-09-16,99,26,1.0,2026-08-13
2026-09-17,99,30,1.0,2026-08-13
2026-09-18,99,36,1.0,2026-08-13
2026-09-19,99,35,1.0,2026-08-13
2026-09-20,99,29,1.0,2026-08-13
2026-09-21,99,24,1.0,2026-08-13
2026-09-22,99,17,1.0,2026-08-13
2026-09-23,99,26,1.0,2026-08-13
2026-09-24,99,30,1.0,2026-08-13
2026-09-25,99,36,1.0,2026-08-13
2026-09-26,99,35,1.0,2026-08-13
2026-09-27,99,29,1.0,2026-08-13
2026-09-28,99,24,1.0,2026-08-13
2026-09-29,99,16,1.0,2026-08-13
2026-09-30,99,26,1.0,2026-08-13
2026-10-01,99,31,1.0,2026-08-13
2026-10-02,99,36,1.0,2026-08-13
2026-10-03,99,35,1.0,2026-08-13
2026-10-04,99,28,1.0,2026-08-13
2026-10-05,99,22,1.0,2026-08-13
2026-10-06,99,17,1.0,2026-08-13
2026-10-07,99,23,1.0,2026-08-13
2026-10-08,99,26,1.0,2026-08-13
2026-10-09,99,31,1.0,2026-08-13
2026-10-10,99,31,1.0,2026-08-13
2026-10-11,99,25,1.0,2026-08-13
2026-10-12,99,21,1.0,2026-08-13
2026-07-15,AE,103,1.0,2026-08-13
2026-07-16,AE,103,1.0,2026-08-13
2026-07-17,AE,100,1.0,2026-08-13
2026-07-18,AE,95,1.0,2026-08-13
2026-07-19,AE,101,1.0,2026-08-13
2026-07-20,AE,112,1.0,2026-08-13
2026-07-21,AE,114,1.0,2026-08-13
2026-07-22,AE,111,1.0,2026-08-13
2026-07-23,AE,111,1.0,2026-08-13
2026-07-24,AE,108,1.0,2026-08-13
2026-07-25,AE,102,1.0,2026-08-13
2026-07-26,AE,106,1.0,2026-08-13
2026-07-27,AE,116,1.0,2026-08-13
2026-07-28,AE,117,1.0,2026-08-13
2026-07-29,AE,114,1.0,2026-08-13
2026-07-30,AE,114,1.0,2026-08-13
2026-07-31,AE,120,1.0,2026-08-13
2026-08-01,AE,117,1.0,2026-08-13
2026-08-02,AE,118,1.0,2026-08-13
2026-08-03,AE,119,1.0,2026-08-13
2026-08-04,AE,114,1.0,2026-08-13
2026-08-05,AE,107,1.0,2026-08-13
2026-08-06,AE,107,1.0,2026-08-13
2026-08-07,AE,108,1.0,2026-08-13
2026-08-08,AE,108,1.0,2026-08-13
2026-08-09,AE,118,1.0,2026-08-13
2026-08-10,AE,128,1.0,2026-08-13
2026-08-11,AE,127,1.0,2026-08-13
2026-08-12,AE,121,1.0,2026-08-13
2026-08-13,AE,119,1.0,2026-08-13
2026-08-14,AE,116,1.0,2026-08-13
2026-08-15,AE,121,1.0,2026-08-13
2026-08-16,AE,126,1.0,2026-08-13
2026-08-17,AE,129,1.0,2026-08-13
2026-08-18,AE,122,1.0,2026-08-13
2026-08-19,AE,114,1.0,2026-08-13
2026-08-20,AE,112,1.0,2026-08-13
2026-08-21,AE,119,1.0,2026-08-13
2026-08-22,AE,128,1.0,2026-08-13
2026-08-23,AE,132,1.0,2026-08-13
2026-08-24,AE,131,1.0,2026-08-13
2026-08-25,AE,123,1.0,2026-08-13
2026-08-26,AE,113,1.0,2026-08-13
2026-08-27,AE,115,1.0,2026-08-13
2026-08-28,AE,115,1.0,2026-08-13
2026-08-29,AE,112,1.0,2026-08-13
2026-08-30,AE,116,1.0,2026-08-13
2026-08-31,AE,123,1.0,2026-08-13
2026-09-01,AE,123,1.0,2026-08-13
2026-09-02,AE,119,1.0,2026-08-13
2026-09-03,AE,121,1.0,2026-08-13
2026-09-04,AE,123,1.0,2026-08-13
2026-09-05,AE,124,1.0,2026-08-13
2026-09-06,AE,130,1.0,2026-08-13
2026-09-07,AE,136,1.0,2026-08-13
2026-09-08,AE,134,1.0,2026-08-13
2026-09-09,AE,127,1.0,2026-08-13
2026-09-10,AE,128,1.0,2026-08-13
2026-09-11,AE,129,1.0,2026-08-13
2026-09-12,AE,127,1.0,2026-08-13
2026-09-13,AE,132,1.0,2026-08-13
2026-09-14,AE,137,1.0,2026-08-13
2026-09-15,AE,135,1.0,2026-08-13
2026-09-16,AE,130,1.0,2026-08-13
2026-09-17,AE,131,1.0,2026-08-13
2026-09-18,AE,131,1.0,2026-08-13
2026-09-19,AE,129,1.0,2026-08-13
2026-09-20,AE,134,1.0,2026-08-13
2026-09-21,AE,138,1.0,2026-08-13
2026-09-22,AE,135,1.0,2026-08-13
2026-09-23,AE,129,1.0,2026-08-13
2026-09-24,AE,131,1.0,2026-08-13
2026-09-25,AE,132,1.0,2026-08-13
2026-09-26,AE,130,1.0,2026-08-13
2026-09-27,AE,135,1.0,2026-08-13
2026-09-28,AE,139,1.0,2026-08-13
2026-09-29,AE,135,1.0,2026-08-13
2026-09-30,AE,129,1.0,2026-08-13
2026-10-01,AE,130,1.0,2026-08-13
2026-10-02,AE,132,1.0,2026-08-13
2026-10-03,AE,134,1.0,2026-08-13
2026-10-04,AE,143,1.0,2026-08-13
2026-10-05,AE,149,1.0,2026-08-13
2026-10-06,AE,148,1.0,2026-08-13
2026-10-07,AE,141,1.0,2026-08-13
2026-10-08,AE,143,1.0,2026-08-13
2026-10-09,AE,145,1.0,2026-08-13
2026-10-10,AE,146,1.0,2026-08-13
2026-10-11,AE,151,1.0,2026-08-13
2026-10-12,AE,153,1.0,2026-08-13
