date,ligne,passagers_predits,bus_recommandes,date_generation
2026-07-15,1,570,1.5,2026-08-16
2026-07-16,1,568,1.5,2026-08-16
2026-07-17,1,523,1.5,2026-08-16
2026-07-18,1,255,1.0,2026-08-16
2026-07-19,1,0,0.0,2026-08-16
2026-07-20,1,516,1.0,2026-08-16
2026-07-21,1,544,1.0,2026-08-16
2026-07-22,1,536,1.0,2026-08-16
2026-07-23,1,556,1.0,2026-08-16
2026-07-24,1,514,1.0,2026-08-16
2026-07-25,1,248,1.0,2026-08-16
2026-07-26,1,0,0.0,2026-08-16
2026-07-27,1,533,1.0,2026-08-16
2026-07-28,1,554,1.0,2026-08-16
2026-07-29,1,532,1.0,2026-08-16
2026-07-30,1,554,1.0,2026-08-16
2026-07-31,1,639,1.0,2026-08-16
2026-08-01,1,462,1.0,2026-08-16
2026-08-02,1,193,1.0,2026-08-16
2026-08-03,1,746,1.0,2026-08-16
2026-08-04,1,750,1.0,2026-08-16
2026-08-05,1,723,1.0,2026-08-16
2026-08-06,1,732,1.0,2026-08-16
2026-08-07,1,664,1.0,2026-08-16
2026-08-08,1,346,1.0,2026-08-16
2026-08-09,1,0,0.0,2026-08-16
2026-08-10,1,539,1.0,2026-08-16
2026-08-11,1,596,1.0,2026-08-16
2026-08-12,1,589,1.0,2026-08-16
2026-08-13,1,648,1.0,2026-08-16
2026-08-14,1,631,1.0,2026-08-16
2026-08-15,1,728,1.0,2026-08-16
2026-08-16,1,570,1.0,2026-08-16
2026-08-17,1,1246,1.0,2026-08-16
2026-08-18,1,1261,1.0,2026-08-16
2026-08-19,1,1198,1.0,2026-08-16
2026-08-20,1,1132,1.0,2026-08-16
2026-08-21,1,1118,1.5,2026-08-16
2026-08-22,1,1131,1.5,2026-08-16
2026-08-23,1,825,1.0,2026-08-16
2026-08-24,1,1209,1.5,2026-08-16
2026-08-25,1,1085,1.5,2026-08-16
2026-08-26,1,863,1.5,2026-08-16
2026-08-27,1,771,1.5,2026-08-16
2026-08-28,1,597,1.5,2026-08-16
2026-08-29,1,119,1.0,2026-08-16
2026-08-30,1,0,0.0,2026-08-16
2026-08-31,1,470,1.0,2026-08-16
2026-09-01,1,539,1.0,2026-08-16
2026-09-02,1,586,1.0,2026-08-16
2026-09-03,1,828,1.0,2026-08-16
2026-09-04,1,916,1.0,2026-08-16
2026-09-05,1,690,1.0,2026-08-16
2026-09-06,1,571,1.0,2026-08-16
2026-09-07,1,1677,1.0,2026-08-16
2026-09-08,1,1689,1.0,2026-08-16
2026-09-09,1,1640,1.5,2026-08-16
2026-09-10,1,1587,1.5,2026-08-16
2026-09-11,1,1396,1.5,2026-08-16
2026-09-12,1,939,1.5,2026-08-16
2026-09-13,1,262,1.0,2026-08-16
2026-09-14,1,604,1.0,2026-08-16
2026-09-15,1,388,1.0,2026-08-16
2026-09-16,1,131,1.0,2026-08-16
2026-09-17,1,103,1.0,2026-08-16
2026-09-18,1,86,1.0,2026-08-16
2026-09-19,1,16,1.0,2026-08-16
2026-09-20,1,111,1.0,2026-08-16
2026-09-21,1,1542,1.0,2026-08-16
2026-09-22,1,1680,1.0,2026-08-16
2026-09-23,1,1663,1.5,2026-08-16
2026-09-24,1,1649,1.5,2026-08-16
2026-09-25,1,1482,2.0,2026-08-16
2026-09-26,1,1058,2.0,2026-08-16
2026-09-27,1,616,1.0,2026-08-16
2026-09-28,1,1340,1.5,2026-08-16
2026-09-29,1,1355,1.5,2026-08-16
2026-09-30,1,1257,1.5,2026-08-16
2026-10-01,1,1192,1.5,2026-08-16
2026-10-02,1,986,1.5,2026-08-16
2026-10-03,1,432,1.5,2026-08-16
2026-10-04,1,0,0.0,2026-08-16
2026-10-05,1,400,1.0,2026-08-16
2026-10-06,1,341,1.0,2026-08-16
2026-10-07,1,232,1.0,2026-08-16
2026-10-08,1,381,1.0,2026-08-16
2026-10-09,1,514,1.0,2026-08-16
2026-10-10,1,366,1.0,2026-08-16
2026-10-11,1,428,1.0,2026-08-16
2026-10-12,1,1727,1.5,2026-08-16
2026-07-15,10,112,1.0,2026-08-16
2026-07-16,10,107,1.0,2026-08-16
2026-07-17,10,95,1.0,2026-08-16
2026-07-18,10,85,1.0,2026-08-16
2026-07-19,10,89,1.0,2026-08-16
2026-07-20,10,102,1.0,2026-08-16
2026-07-21,10,111,1.0,2026-08-16
2026-07-22,10,109,1.0,2026-08-16
2026-07-23,10,104,1.0,2026-08-16
2026-07-24,10,94,1.0,2026-08-16
2026-07-25,10,82,1.0,2026-08-16
2026-07-26,10,86,1.0,2026-08-16
2026-07-27,10,100,1.0,2026-08-16
2026-07-28,10,110,1.0,2026-08-16
2026-07-29,10,108,1.0,2026-08-16
2026-07-30,10,103,1.0,2026-08-16
2026-07-31,10,102,1.0,2026-08-16
2026-08-01,10,96,1.0,2026-08-16
2026-08-02,10,101,1.0,2026-08-16
2026-08-03,10,113,1.0,2026-08-16
2026-08-04,10,125,1.0,2026-08-16
2026-08-05,10,124,1.0,2026-08-16
2026-08-06,10,120,1.0,2026-08-16
2026-08-07,10,111,1.0,2026-08-16
2026-08-08,10,104,1.0,2026-08-16
2026-08-09,10,108,1.0,2026-08-16
2026-08-10,10,123,1.0,2026-08-16
2026-08-11,10,135,1.0,2026-08-16
2026-08-12,10,133,1.0,2026-08-16
2026-08-13,10,129,1.0,2026-08-16
2026-08-14,10,114,1.0,2026-08-16
2026-08-15,10,115,1.0,2026-08-16
2026-08-16,10,122,1.0,2026-08-16
2026-08-17,10,136,1.0,2026-08-16
2026-08-18,10,146,1.0,2026-08-16
2026-08-19,10,142,1.0,2026-08-16
2026-08-20,10,136,1.0,2026-08-16
2026-08-21,10,139,1.0,2026-08-16
2026-08-22,10,142,1.0,2026-08-16
2026-08-23,10,148,1.0,2026-08-16
2026-08-24,10,158,1.0,2026-08-16
2026-08-25,10,166,1.0,2026-08-16
2026-08-26,10,162,1.0,2026-08-16
2026-08-27,10,163,1.0,2026-08-16
2026-08-28,10,153,1.0,2026-08-16
2026-08-29,10,139,1.0,2026-08-16
2026-08-30,10,142,1.0,2026-08-16
2026-08-31,10,157,1.0,2026-08-16
2026-09-01,10,168,1.0,2026-08-16
2026-09-02,10,167,1.0,2026-08-16
2026-09-03,10,163,1.0,2026-08-16
2026-09-04,10,154,1.0,2026-08-16
2026-09-05,10,147,1.0,2026-08-16
2026-09-06,10,159,1.0,2026-08-16
2026-09-07,10,178,1.0,2026-08-16
2026-09-08,10,192,1.0,2026-08-16
2026-09-09,10,192,1.0,2026-08-16
2026-09-10,10,187,1.0,2026-08-16
2026-09-11,10,177,1.0,2026-08-16
2026-09-12,10,168,1.0,2026-08-16
2026-09-13,10,178,1.0,2026-08-16
2026-09-14,10,196,1.0,2026-08-16
2026-09-15,10,209,1.0,2026-08-16
2026-09-16,10,207,1.0,2026-08-16
2026-09-17,10,201,1.0,2026-08-16
2026-09-18,10,190,1.0,2026-08-16
2026-09-19,10,182,1.0,2026-08-16
2026-09-20,10,191,1.0,2026-08-16
2026-09-21,10,206,1.0,2026-08-16
2026-09-22,10,219,1.0,2026-08-16
2026-09-23,10,217,1.0,2026-08-16
2026-09-24,10,211,1.0,2026-08-16
2026-09-25,10,200,1.0,2026-08-16
2026-09-26,10,192,1.0,2026-08-16
2026-09-27,10,200,1.0,2026-08-16
2026-09-28,10,215,1.0,2026-08-16
2026-09-29,10,228,1.0,2026-08-16
2026-09-30,10,225,1.0,2026-08-16
2026-10-01,10,219,1.0,2026-08-16
2026-10-02,10,210,1.0,2026-08-16
2026-10-03,10,205,1.0,2026-08-16
2026-10-04,10,217,1.0,2026-08-16
2026-10-05,10,236,1.0,2026-08-16
2026-10-06,10,253,1.0,2026-08-16
2026-10-07,10,253,1.0,2026-08-16
2026-10-08,10,250,1.0,2026-08-16
2026-10-09,10,241,1.0,2026-08-16
2026-10-10,10,236,1.0,2026-08-16
2026-10-11,10,246,1.0,2026-08-16
2026-10-12,10,263,1.0,2026-08-16
2026-07-15,11,5988,6.0,2026-08-16
2026-07-16,11,5900,6.0,2026-08-16
2026-07-17,11,5445,6.0,2026-08-16
2026-07-18,11,5453,6.0,2026-08-16
2026-07-19,11,5335,6.0,2026-08-16
2026-07-20,11,6138,6.0,2026-08-16
2026-07-21,11,5871,6.0,2026-08-16
2026-07-22,11,5906,6.0,2026-08-16
2026-07-23,11,5776,6.0,2026-08-16
2026-07-24,11,5297,6.0,2026-08-16
2026-07-25,11,5282,6.0,2026-08-16
2026-07-26,11,5133,6.0,2026-08-16
2026-07-27,11,5944,6.0,2026-08-16
2026-07-28,11,5697,6.0,2026-08-16
2026-07-29,11,5720,6.0,2026-08-16
2026-07-30,11,5574,6.0,2026-08-16
2026-07-31,11,5425,6.0,2026-08-16
2026-08-01,11,5503,6.0,2026-08-16
2026-08-02,11,5461,6.0,2026-08-16
2026-08-03,11,6226,6.0,2026-08-16
2026-08-04,11,5907,6.0,2026-08-16
2026-08-05,11,5902,6.0,2026-08-16
2026-08-06,11,5724,6.0,2026-08-16
2026-08-07,11,5205,6.0,2026-08-16
2026-08-08,11,5115,6.0,2026-08-16
2026-08-09,11,4905,6.0,2026-08-16
2026-08-10,11,5739,6.0,2026-08-16
2026-08-11,11,5500,6.0,2026-08-16
2026-08-12,11,5486,6.0,2026-08-16
2026-08-13,11,5311,6.0,2026-08-16
2026-08-14,11,4781,6.0,2026-08-16
2026-08-15,11,4556,6.0,2026-08-16
2026-08-16,11,4380,6.0,2026-08-16
2026-08-17,11,5215,6.0,2026-08-16
2026-08-18,11,5086,6.0,2026-08-16
2026-08-19,11,5122,6.0,2026-08-16
2026-08-20,11,5021,6.0,2026-08-16
2026-08-21,11,4908,6.0,2026-08-16
2026-08-22,11,4996,5.5,2026-08-16
2026-08-23,11,4992,5.5,2026-08-16
2026-08-24,11,5807,5.5,2026-08-16
2026-08-25,11,5607,6.0,2026-08-16
2026-08-26,11,5645,6.0,2026-08-16
2026-08-27,11,5683,5.5,2026-08-16
2026-08-28,11,5383,5.5,2026-08-16
2026-08-29,11,5425,5.5,2026-08-16
2026-08-30,11,5298,5.5,2026-08-16
2026-08-31,11,6129,5.5,2026-08-16
2026-09-01,11,5854,6.0,2026-08-16
2026-09-02,11,5828,6.0,2026-08-16
2026-09-03,11,5655,6.0,2026-08-16
2026-09-04,11,5153,6.0,2026-08-16
2026-09-05,11,5029,5.5,2026-08-16
2026-09-06,11,4793,5.5,2026-08-16
2026-09-07,11,5645,5.5,2026-08-16
2026-09-08,11,5433,5.5,2026-08-16
2026-09-09,11,5424,5.5,2026-08-16
2026-09-10,11,5283,5.5,2026-08-16
2026-09-11,11,4809,5.5,2026-08-16
2026-09-12,11,4652,5.5,2026-08-16
2026-09-13,11,4379,5.5,2026-08-16
2026-09-14,11,5227,5.5,2026-08-16
2026-09-15,11,5068,5.5,2026-08-16
2026-09-16,11,5061,5.5,2026-08-16
2026-09-17,11,4928,5.5,2026-08-16
2026-09-18,11,4469,5.5,2026-08-16
2026-09-19,11,4275,5.5,2026-08-16
2026-09-20,11,3966,5.5,2026-08-16
2026-09-21,11,4831,5.5,2026-08-16
2026-09-22,11,4746,5.5,2026-08-16
2026-09-23,11,4761,5.5,2026-08-16
2026-09-24,11,4656,5.5,2026-08-16
2026-09-25,11,4226,5.5,2026-08-16
2026-09-26,11,4004,5.0,2026-08-16
2026-09-27,11,3674,5.0,2026-08-16
2026-09-28,11,4571,5.0,2026-08-16
2026-09-29,11,4561,5.0,2026-08-16
2026-09-30,11,4601,5.0,2026-08-16
2026-10-01,11,4523,5.0,2026-08-16
2026-10-02,11,4086,5.0,2026-08-16
2026-10-03,11,3799,5.0,2026-08-16
2026-10-04,11,3401,5.0,2026-08-16
2026-10-05,11,4334,5.0,2026-08-16
2026-10-06,11,4387,5.0,2026-08-16
2026-10-07,11,4440,5.0,2026-08-16
2026-10-08,11,4395,5.0,2026-08-16
2026-10-09,11,4027,5.0,2026-08-16
2026-10-10,11,3758,5.0,2026-08-16
2026-10-11,11,3378,5.0,2026-08-16
2026-10-12,11,4367,5.0,2026-08-16
2026-07-15,12,7755,9.5,2026-08-16
2026-07-16,12,7809,9.5,2026-08-16
2026-07-17,12,7258,9.5,2026-08-16
2026-07-18,12,6521,8.0,2026-08-16
2026-07-19,12,4447,5.5,2026-08-16
2026-07-20,12,7954,9.0,2026-08-16
2026-07-21,12,8017,9.5,2026-08-16
2026-07-22,12,7911,9.5,2026-08-16
2026-07-23,12,7988,10.0,2026-08-16
2026-07-24,12,7396,9.5,2026-08-16
2026-07-25,12,6637,8.0,2026-08-16
2026-07-26,12,4524,5.5,2026-08-16
2026-07-27,12,8026,9.0,2026-08-16
2026-07-28,12,8079,9.5,2026-08-16
2026-07-29,12,7958,9.5,2026-08-16
2026-07-30,12,8040,10.0,2026-08-16
2026-07-31,12,7520,9.0,2026-08-16
2026-08-01,12,7198,8.0,2026-08-16
2026-08-02,12,5373,6.0,2026-08-16
2026-08-03,12,8439,9.5,2026-08-16
2026-08-04,12,8160,10.0,2026-08-16
2026-08-05,12,7884,9.5,2026-08-16
2026-08-06,12,7928,10.0,2026-08-16
2026-08-07,12,7338,9.5,2026-08-16
2026-08-08,12,6630,7.5,2026-08-16
2026-08-09,12,4619,5.5,2026-08-16
2026-08-10,12,8294,9.0,2026-08-16
2026-08-11,12,8427,9.5,2026-08-16
2026-08-12,12,8320,9.5,2026-08-16
2026-08-13,12,8521,9.5,2026-08-16
2026-08-14,12,7821,9.5,2026-08-16
2026-08-15,12,6918,8.5,2026-08-16
2026-08-16,12,5624,6.5,2026-08-16
2026-08-17,12,9549,10.0,2026-08-16
2026-08-18,12,9210,10.5,2026-08-16
2026-08-19,12,8891,10.0,2026-08-16
2026-08-20,12,8916,10.0,2026-08-16
2026-08-21,12,8204,9.5,2026-08-16
2026-08-22,12,8223,9.0,2026-08-16
2026-08-23,12,6652,7.0,2026-08-16
2026-08-24,12,10227,10.5,2026-08-16
2026-08-25,12,9424,10.5,2026-08-16
2026-08-26,12,8885,10.0,2026-08-16
2026-08-27,12,8711,9.5,2026-08-16
2026-08-28,12,8548,9.0,2026-08-16
2026-08-29,12,7564,8.0,2026-08-16
2026-08-30,12,5204,5.5,2026-08-16
2026-08-31,12,9551,9.0,2026-08-16
2026-09-01,12,9387,9.5,2026-08-16
2026-09-02,12,9209,9.5,2026-08-16
2026-09-03,12,9456,10.0,2026-08-16
2026-09-04,12,8624,10.0,2026-08-16
2026-09-05,12,7252,8.0,2026-08-16
2026-09-06,12,4838,6.0,2026-08-16
2026-09-07,12,9517,10.0,2026-08-16
2026-09-08,12,9676,10.5,2026-08-16
2026-09-09,12,9552,10.5,2026-08-16
2026-09-10,12,9960,11.0,2026-08-16
2026-09-11,12,9105,10.5,2026-08-16
2026-09-12,12,7621,8.5,2026-08-16
2026-09-13,12,4884,6.0,2026-08-16
2026-09-14,12,10247,10.5,2026-08-16
2026-09-15,12,10363,11.0,2026-08-16
2026-09-16,12,10163,10.5,2026-08-16
2026-09-17,12,10476,11.0,2026-08-16
2026-09-18,12,9526,11.0,2026-08-16
2026-09-19,12,7921,9.0,2026-08-16
2026-09-20,12,4782,6.0,2026-08-16
2026-09-21,12,10061,10.5,2026-08-16
2026-09-22,12,10087,11.0,2026-08-16
2026-09-23,12,9833,10.5,2026-08-16
2026-09-24,12,10160,11.0,2026-08-16
2026-09-25,12,9148,10.5,2026-08-16
2026-09-26,12,7503,8.5,2026-08-16
2026-09-27,12,4677,6.0,2026-08-16
2026-09-28,12,10123,10.5,2026-08-16
2026-09-29,12,10238,11.0,2026-08-16
2026-09-30,12,10000,10.5,2026-08-16
2026-10-01,12,10310,11.0,2026-08-16
2026-10-02,12,9260,10.5,2026-08-16
2026-10-03,12,7539,8.5,2026-08-16
2026-10-04,12,4576,6.0,2026-08-16
2026-10-05,12,10304,10.5,2026-08-16
2026-10-06,12,10416,11.0,2026-08-16
2026-10-07,12,10183,11.0,2026-08-16
2026-10-08,12,10690,11.5,2026-08-16
2026-10-09,12,9679,11.0,2026-08-16
2026-10-10,12,7851,9.0,2026-08-16
2026-10-11,12,4644,6.5,2026-08-16
2026-10-12,12,11027,11.0,2026-08-16
2026-07-15,13,440,1.0,2026-08-16
2026-07-16,13,488,1.0,2026-08-16
2026-07-17,13,447,1.0,2026-08-16
2026-07-18,13,454,1.0,2026-08-16
2026-07-19,13,353,1.0,2026-08-16
2026-07-20,13,453,1.0,2026-08-16
2026-07-21,13,497,1.0,2026-08-16
2026-07-22,13,420,1.0,2026-08-16
2026-07-23,13,458,1.0,2026-08-16
2026-07-24,13,419,1.0,2026-08-16
2026-07-25,13,426,1.0,2026-08-16
2026-07-26,13,332,1.0,2026-08-16
2026-07-27,13,425,1.0,2026-08-16
2026-07-28,13,469,1.0,2026-08-16
2026-07-29,13,398,1.0,2026-08-16
2026-07-30,13,432,1.0,2026-08-16
2026-07-31,13,419,1.0,2026-08-16
2026-08-01,13,449,1.0,2026-08-16
2026-08-02,13,369,1.0,2026-08-16
2026-08-03,13,473,1.0,2026-08-16
2026-08-04,13,507,1.0,2026-08-16
2026-08-05,13,424,1.0,2026-08-16
2026-08-06,13,450,1.0,2026-08-16
2026-08-07,13,405,1.0,2026-08-16
2026-08-08,13,407,1.0,2026-08-16
2026-08-09,13,320,1.0,2026-08-16
2026-08-10,13,403,1.0,2026-08-16
2026-08-11,13,443,1.0,2026-08-16
2026-08-12,13,377,1.0,2026-08-16
2026-08-13,13,404,1.0,2026-08-16
2026-08-14,13,367,1.0,2026-08-16
2026-08-15,13,360,1.0,2026-08-16
2026-08-16,13,305,1.0,2026-08-16
2026-08-17,13,398,1.0,2026-08-16
2026-08-18,13,440,1.0,2026-08-16
2026-08-19,13,373,1.0,2026-08-16
2026-08-20,13,391,1.0,2026-08-16
2026-08-21,13,384,1.0,2026-08-16
2026-08-22,13,399,1.0,2026-08-16
2026-08-23,13,342,1.0,2026-08-16
2026-08-24,13,437,1.0,2026-08-16
2026-08-25,13,468,1.0,2026-08-16
2026-08-26,13,390,1.0,2026-08-16
2026-08-27,13,409,1.0,2026-08-16
2026-08-28,13,389,1.0,2026-08-16
2026-08-29,13,403,1.0,2026-08-16
2026-08-30,13,327,1.0,2026-08-16
2026-08-31,13,409,1.0,2026-08-16
2026-09-01,13,440,1.0,2026-08-16
2026-09-02,13,368,1.0,2026-08-16
2026-09-03,13,386,1.0,2026-08-16
2026-09-04,13,346,1.0,2026-08-16
2026-09-05,13,345,1.0,2026-08-16
2026-09-06,13,276,1.0,2026-08-16
2026-09-07,13,350,1.0,2026-08-16
2026-09-08,13,382,1.0,2026-08-16
2026-09-09,13,324,1.0,2026-08-16
2026-09-10,13,337,1.0,2026-08-16
2026-09-11,13,301,1.0,2026-08-16
2026-09-12,13,300,1.0,2026-08-16
2026-09-13,13,241,1.0,2026-08-16
2026-09-14,13,307,1.0,2026-08-16
2026-09-15,13,337,1.0,2026-08-16
2026-09-16,13,284,1.0,2026-08-16
2026-09-17,13,289,1.0,2026-08-16
2026-09-18,13,255,1.0,2026-08-16
2026-09-19,13,253,1.0,2026-08-16
2026-09-20,13,203,1.0,2026-08-16
2026-09-21,13,262,1.0,2026-08-16
2026-09-22,13,290,1.0,2026-08-16
2026-09-23,13,244,1.0,2026-08-16
2026-09-24,13,244,1.0,2026-08-16
2026-09-25,13,207,1.0,2026-08-16
2026-09-26,13,196,1.0,2026-08-16
2026-09-27,13,153,1.0,2026-08-16
2026-09-28,13,209,1.0,2026-08-16
2026-09-29,13,232,1.0,2026-08-16
2026-09-30,13,182,1.0,2026-08-16
2026-10-01,13,154,1.0,2026-08-16
2026-10-02,13,98,1.0,2026-08-16
2026-10-03,13,81,1.0,2026-08-16
2026-10-04,13,57,1.0,2026-08-16
2026-10-05,13,96,1.0,2026-08-16
2026-10-06,13,107,1.0,2026-08-16
2026-10-07,13,46,1.0,2026-08-16
2026-10-08,13,12,1.0,2026-08-16
2026-10-09,13,0,0.0,2026-08-16
2026-10-10,13,0,0.0,2026-08-16
2026-10-11,13,0,0.0,2026-08-16
2026-10-12,13,0,0.0,2026-08-16
2026-07-15,14,323,1.0,2026-08-16
2026-07-16,14,336,1.0,2026-08-16
2026-07-17,14,309,1.0,2026-08-16
2026-07-18,14,280,1.0,2026-08-16
2026-07-19,14,261,1.0,2026-08-16
2026-07-20,14,285,1.0,2026-08-16
2026-07-21,14,299,1.0,2026-08-16
2026-07-22,14,256,1.0,2026-08-16
2026-07-23,14,253,1.0,2026-08-16
2026-07-24,14,219,1.0,2026-08-16
2026-07-25,14,186,1.0,2026-08-16
2026-07-26,14,165,1.0,2026-08-16
2026-07-27,14,178,1.0,2026-08-16
2026-07-28,14,181,1.0,2026-08-16
2026-07-29,14,138,1.0,2026-08-16
2026-07-30,14,117,1.0,2026-08-16
2026-07-31,14,84,1.0,2026-08-16
2026-08-01,14,64,1.0,2026-08-16
2026-08-02,14,54,1.0,2026-08-16
2026-08-03,14,53,1.0,2026-08-16
2026-08-04,14,44,1.0,2026-08-16
2026-08-05,14,14,1.0,2026-08-16
2026-08-06,14,0,0.0,2026-08-16
2026-08-07,14,0,0.0,2026-08-16
2026-08-08,14,0,0.0,2026-08-16
2026-08-09,14,0,0.0,2026-08-16
2026-08-10,14,0,0.0,2026-08-16
2026-08-11,14,0,0.0,2026-08-16
2026-08-12,14,0,0.0,2026-08-16
2026-08-13,14,0,0.0,2026-08-16
2026-08-14,14,0,0.0,2026-08-16
2026-08-15,14,0,0.0,2026-08-16
2026-08-16,14,0,0.0,2026-08-16
2026-08-17,14,0,0.0,2026-08-16
2026-08-18,14,0,0.0,2026-08-16
2026-08-19,14,0,0.0,2026-08-16
2026-08-20,14,0,0.0,2026-08-16
2026-08-21,14,0,0.0,2026-08-16
2026-08-22,14,0,0.0,2026-08-16
2026-08-23,14,0,0.0,2026-08-16
2026-08-24,14,0,0.0,2026-08-16
2026-08-25,14,0,0.0,2026-08-16
2026-08-26,14,0,0.0,2026-08-16
2026-08-27,14,0,0.0,2026-08-16
2026-08-28,14,0,0.0,2026-08-16
2026-08-29,14,0,0.0,2026-08-16
2026-08-30,14,0,0.0,2026-08-16
2026-08-31,14,0,0.0,2026-08-16
2026-09-01,14,0,0.0,2026-08-16
2026-09-02,14,0,0.0,2026-08-16
2026-09-03,14,0,0.0,2026-08-16
2026-09-04,14,0,0.0,2026-08-16
2026-09-05,14,0,0.0,2026-08-16
2026-09-06,14,0,0.0,2026-08-16
2026-09-07,14,0,0.0,2026-08-16
2026-09-08,14,0,0.0,2026-08-16
2026-09-09,14,0,0.0,2026-08-16
2026-09-10,14,0,0.0,2026-08-16
2026-09-11,14,0,0.0,2026-08-16
2026-09-12,14,0,0.0,2026-08-16
2026-09-13,14,0,0.0,2026-08-16
2026-09-14,14,0,0.0,2026-08-16
2026-09-15,14,0,0.0,2026-08-16
2026-09-16,14,0,0.0,2026-08-16
2026-09-17,14,0,0.0,2026-08-16
2026-09-18,14,0,0.0,2026-08-16
2026-09-19,14,0,0.0,2026-08-16
2026-09-20,14,0,0.0,2026-08-16
2026-09-21,14,0,0.0,2026-08-16
2026-09-22,14,0,0.0,2026-08-16
2026-09-23,14,0,0.0,2026-08-16
2026-09-24,14,0,0.0,2026-08-16
2026-09-25,14,0,0.0,2026-08-16
2026-09-26,14,0,0.0,2026-08-16
2026-09-27,14,0,0.0,2026-08-16
2026-09-28,14,0,0.0,2026-08-16
2026-09-29,14,0,0.0,2026-08-16
2026-09-30,14,0,0.0,2026-08-16
2026-10-01,14,0,0.0,2026-08-16
2026-10-02,14,0,0.0,2026-08-16
2026-10-03,14,0,0.0,2026-08-16
2026-10-04,14,0,0.0,2026-08-16
2026-10-05,14,0,0.0,2026-08-16
2026-10-06,14,0,0.0,2026-08-16
2026-10-07,14,0,0.0,2026-08-16
2026-10-08,14,0,0.0,2026-08-16
2026-10-09,14,0,0.0,2026-08-16
2026-10-10,14,0,0.0,2026-08-16
2026-10-11,14,0,0.0,2026-08-16
2026-10-12,14,0,0.0,2026-08-16
2026-07-15,15,212,1.0,2026-08-16
2026-07-16,15,287,1.0,2026-08-16
2026-07-17,15,204,1.0,2026-08-16
2026-07-18,15,182,1.0,2026-08-16
2026-07-19,15,4,1.0,2026-08-16
2026-07-20,15,195,1.0,2026-08-16
2026-07-21,15,276,1.0,2026-08-16
2026-07-22,15,214,1.0,2026-08-16
2026-07-23,15,282,1.0,2026-08-16
2026-07-24,15,204,1.0,2026-08-16
2026-07-25,15,183,1.0,2026-08-16
2026-07-26,15,6,1.0,2026-08-16
2026-07-27,15,198,1.0,2026-08-16
2026-07-28,15,279,1.0,2026-08-16
2026-07-29,15,215,1.0,2026-08-16
2026-07-30,15,281,1.0,2026-08-16
2026-07-31,15,256,1.0,2026-08-16
2026-08-01,15,273,1.0,2026-08-16
2026-08-02,15,121,1.0,2026-08-16
2026-08-03,15,299,1.0,2026-08-16
2026-08-04,15,351,1.0,2026-08-16
2026-08-05,15,283,1.0,2026-08-16
2026-08-06,15,344,1.0,2026-08-16
2026-08-07,15,281,1.0,2026-08-16
2026-08-08,15,283,1.0,2026-08-16
2026-08-09,15,138,1.0,2026-08-16
2026-08-10,15,293,1.0,2026-08-16
2026-08-11,15,344,1.0,2026-08-16
2026-08-12,15,282,1.0,2026-08-16
2026-08-13,15,342,1.0,2026-08-16
2026-08-14,15,290,1.0,2026-08-16
2026-08-15,15,294,1.0,2026-08-16
2026-08-16,15,224,1.0,2026-08-16
2026-08-17,15,353,1.0,2026-08-16
2026-08-18,15,403,1.0,2026-08-16
2026-08-19,15,337,1.0,2026-08-16
2026-08-20,15,402,1.0,2026-08-16
2026-08-21,15,385,1.0,2026-08-16
2026-08-22,15,397,1.0,2026-08-16
2026-08-23,15,332,1.0,2026-08-16
2026-08-24,15,441,1.0,2026-08-16
2026-08-25,15,477,1.0,2026-08-16
2026-08-26,15,400,1.0,2026-08-16
2026-08-27,15,452,1.0,2026-08-16
2026-08-28,15,422,1.0,2026-08-16
2026-08-29,15,450,1.0,2026-08-16
2026-08-30,15,351,1.0,2026-08-16
2026-08-31,15,455,1.0,2026-08-16
2026-09-01,15,488,1.0,2026-08-16
2026-09-02,15,409,1.0,2026-08-16
2026-09-03,15,484,1.0,2026-08-16
2026-09-04,15,432,1.0,2026-08-16
2026-09-05,15,456,1.0,2026-08-16
2026-09-06,15,370,1.0,2026-08-16
2026-09-07,15,468,1.0,2026-08-16
2026-09-08,15,499,1.0,2026-08-16
2026-09-09,15,426,1.0,2026-08-16
2026-09-10,15,502,1.0,2026-08-16
2026-09-11,15,458,1.0,2026-08-16
2026-09-12,15,490,1.0,2026-08-16
2026-09-13,15,407,1.0,2026-08-16
2026-09-14,15,490,1.0,2026-08-16
2026-09-15,15,520,1.0,2026-08-16
2026-09-16,15,446,1.0,2026-08-16
2026-09-17,15,523,1.0,2026-08-16
2026-09-18,15,480,1.0,2026-08-16
2026-09-19,15,516,1.0,2026-08-16
2026-09-20,15,438,1.0,2026-08-16
2026-09-21,15,515,1.0,2026-08-16
2026-09-22,15,542,1.0,2026-08-16
2026-09-23,15,467,1.0,2026-08-16
2026-09-24,15,543,1.0,2026-08-16
2026-09-25,15,499,1.0,2026-08-16
2026-09-26,15,534,1.0,2026-08-16
2026-09-27,15,458,1.0,2026-08-16
2026-09-28,15,530,1.0,2026-08-16
2026-09-29,15,551,1.0,2026-08-16
2026-09-30,15,473,1.0,2026-08-16
2026-10-01,15,548,1.0,2026-08-16
2026-10-02,15,504,1.0,2026-08-16
2026-10-03,15,541,1.0,2026-08-16
2026-10-04,15,460,1.0,2026-08-16
2026-10-05,15,532,1.0,2026-08-16
2026-10-06,15,553,1.0,2026-08-16
2026-10-07,15,474,1.0,2026-08-16
2026-10-08,15,553,1.0,2026-08-16
2026-10-09,15,508,1.0,2026-08-16
2026-10-10,15,544,1.0,2026-08-16
2026-10-11,15,468,1.0,2026-08-16
2026-10-12,15,541,1.0,2026-08-16
2026-07-15,16,6990,7.5,2026-08-16
2026-07-16,16,6895,7.5,2026-08-16
2026-07-17,16,6423,7.5,2026-08-16
2026-07-18,16,5753,6.5,2026-08-16
2026-07-19,16,4713,5.0,2026-08-16
2026-07-20,16,6365,7.0,2026-08-16
2026-07-21,16,6850,7.5,2026-08-16
2026-07-22,16,6747,7.5,2026-08-16
2026-07-23,16,6649,7.5,2026-08-16
2026-07-24,16,6172,7.0,2026-08-16
2026-07-25,16,5511,6.0,2026-08-16
2026-07-26,16,4492,5.0,2026-08-16
2026-07-27,16,6126,7.0,2026-08-16
2026-07-28,16,6653,7.0,2026-08-16
2026-07-29,16,6568,7.0,2026-08-16
2026-07-30,16,6487,7.5,2026-08-16
2026-07-31,16,5976,7.0,2026-08-16
2026-08-01,16,5765,6.0,2026-08-16
2026-08-02,16,4943,5.5,2026-08-16
2026-08-03,16,6520,7.5,2026-08-16
2026-08-04,16,6946,7.5,2026-08-16
2026-08-05,16,6815,7.5,2026-08-16
2026-08-06,16,6710,7.5,2026-08-16
2026-08-07,16,6244,7.0,2026-08-16
2026-08-08,16,5614,6.0,2026-08-16
2026-08-09,16,4643,5.0,2026-08-16
2026-08-10,16,6311,7.0,2026-08-16
2026-08-11,16,6846,7.0,2026-08-16
2026-08-12,16,6775,7.0,2026-08-16
2026-08-13,16,6714,7.5,2026-08-16
2026-08-14,16,6269,7.0,2026-08-16
2026-08-15,16,5600,6.5,2026-08-16
2026-08-16,16,5011,5.5,2026-08-16
2026-08-17,16,6688,7.5,2026-08-16
2026-08-18,16,7141,7.5,2026-08-16
2026-08-19,16,7020,7.5,2026-08-16
2026-08-20,16,6933,7.5,2026-08-16
2026-08-21,16,6430,7.0,2026-08-16
2026-08-22,16,6242,7.0,2026-08-16
2026-08-23,16,5736,6.0,2026-08-16
2026-08-24,16,7320,8.0,2026-08-16
2026-08-25,16,7631,8.0,2026-08-16
2026-08-26,16,7432,7.5,2026-08-16
2026-08-27,16,7100,7.5,2026-08-16
2026-08-28,16,6922,7.5,2026-08-16
2026-08-29,16,6460,7.0,2026-08-16
2026-08-30,16,5524,6.0,2026-08-16
2026-08-31,16,7222,8.0,2026-08-16
2026-09-01,16,7622,8.0,2026-08-16
2026-09-02,16,7491,8.0,2026-08-16
2026-09-03,16,7416,8.0,2026-08-16
2026-09-04,16,6976,8.0,2026-08-16
2026-09-05,16,6326,7.0,2026-08-16
2026-09-06,16,5277,6.0,2026-08-16
2026-09-07,16,7134,8.0,2026-08-16
2026-09-08,16,7623,8.0,2026-08-16
2026-09-09,16,7504,8.0,2026-08-16
2026-09-10,16,7426,8.0,2026-08-16
2026-09-11,16,6984,8.0,2026-08-16
2026-09-12,16,6290,6.5,2026-08-16
2026-09-13,16,5191,5.5,2026-08-16
2026-09-14,16,7149,8.0,2026-08-16
2026-09-15,16,7672,8.0,2026-08-16
2026-09-16,16,7549,8.0,2026-08-16
2026-09-17,16,7505,8.0,2026-08-16
2026-09-18,16,7051,8.0,2026-08-16
2026-09-19,16,6298,7.0,2026-08-16
2026-09-20,16,5142,5.5,2026-08-16
2026-09-21,16,7116,8.0,2026-08-16
2026-09-22,16,7642,8.0,2026-08-16
2026-09-23,16,7519,8.0,2026-08-16
2026-09-24,16,7437,8.0,2026-08-16
2026-09-25,16,6981,8.0,2026-08-16
2026-09-26,16,6252,6.5,2026-08-16
2026-09-27,16,5119,5.5,2026-08-16
2026-09-28,16,7132,8.0,2026-08-16
2026-09-29,16,7661,8.0,2026-08-16
2026-09-30,16,7528,8.0,2026-08-16
2026-10-01,16,7432,8.0,2026-08-16
2026-10-02,16,6967,7.5,2026-08-16
2026-10-03,16,6200,6.5,2026-08-16
2026-10-04,16,5027,5.5,2026-08-16
2026-10-05,16,7166,8.0,2026-08-16
2026-10-06,16,7730,8.0,2026-08-16
2026-10-07,16,7583,8.0,2026-08-16
2026-10-08,16,7498,8.0,2026-08-16
2026-10-09,16,7011,7.5,2026-08-16
2026-10-10,16,6198,6.5,2026-08-16
2026-10-11,16,4982,5.5,2026-08-16
2026-10-12,16,7241,8.0,2026-08-16
2026-07-15,2,3978,4.0,2026-08-16
2026-07-16,2,3906,4.0,2026-08-16
2026-07-17,2,3516,4.0,2026-08-16
2026-07-18,2,3307,3.5,2026-08-16
2026-07-19,2,3277,3.5,2026-08-16
2026-07-20,2,3746,4.0,2026-08-16
2026-07-21,2,4099,4.0,2026-08-16
2026-07-22,2,4114,4.0,2026-08-16
2026-07-23,2,4029,4.0,2026-08-16
2026-07-24,2,3609,4.0,2026-08-16
2026-07-25,2,3387,3.5,2026-08-16
2026-07-26,2,3342,4.0,2026-08-16
2026-07-27,2,3816,4.0,2026-08-16
2026-07-28,2,4170,4.0,2026-08-16
2026-07-29,2,4177,4.0,2026-08-16
2026-07-30,2,4082,4.0,2026-08-16
2026-07-31,2,3857,4.0,2026-08-16
2026-08-01,2,3757,3.5,2026-08-16
2026-08-02,2,3756,4.0,2026-08-16
2026-08-03,2,4209,4.5,2026-08-16
2026-08-04,2,4505,4.5,2026-08-16
2026-08-05,2,4457,4.5,2026-08-16
2026-08-06,2,4328,4.5,2026-08-16
2026-08-07,2,3865,4.5,2026-08-16
2026-08-08,2,3629,4.0,2026-08-16
2026-08-09,2,3575,4.5,2026-08-16
2026-08-10,2,4055,4.5,2026-08-16
2026-08-11,2,4386,4.5,2026-08-16
2026-08-12,2,4362,4.5,2026-08-16
2026-08-13,2,4245,4.5,2026-08-16
2026-08-14,2,3781,4.5,2026-08-16
2026-08-15,2,3579,4.0,2026-08-16
2026-08-16,2,3611,4.0,2026-08-16
2026-08-17,2,4098,4.5,2026-08-16
2026-08-18,2,4418,4.5,2026-08-16
2026-08-19,2,4382,4.5,2026-08-16
2026-08-20,2,4254,4.5,2026-08-16
2026-08-21,2,3992,4.5,2026-08-16
2026-08-22,2,3897,4.5,2026-08-16
2026-08-23,2,3941,4.5,2026-08-16
2026-08-24,2,4385,5.0,2026-08-16
2026-08-25,2,4654,5.0,2026-08-16
2026-08-26,2,4578,5.0,2026-08-16
2026-08-27,2,4398,5.0,2026-08-16
2026-08-28,2,4111,5.0,2026-08-16
2026-08-29,2,3983,4.5,2026-08-16
2026-08-30,2,3966,5.0,2026-08-16
2026-08-31,2,4436,5.0,2026-08-16
2026-09-01,2,4728,5.0,2026-08-16
2026-09-02,2,4670,5.0,2026-08-16
2026-09-03,2,4530,5.0,2026-08-16
2026-09-04,2,4033,5.0,2026-08-16
2026-09-05,2,3774,4.5,2026-08-16
2026-09-06,2,3705,4.5,2026-08-16
2026-09-07,2,4196,5.0,2026-08-16
2026-09-08,2,4523,5.0,2026-08-16
2026-09-09,2,4488,5.0,2026-08-16
2026-09-10,2,4366,5.0,2026-08-16
2026-09-11,2,3884,5.0,2026-08-16
2026-09-12,2,3635,4.5,2026-08-16
2026-09-13,2,3572,4.5,2026-08-16
2026-09-14,2,4069,4.5,2026-08-16
2026-09-15,2,4413,5.0,2026-08-16
2026-09-16,2,4388,5.0,2026-08-16
2026-09-17,2,4264,5.0,2026-08-16
2026-09-18,2,3789,4.5,2026-08-16
2026-09-19,2,3539,4.5,2026-08-16
2026-09-20,2,3475,4.0,2026-08-16
2026-09-21,2,3969,4.5,2026-08-16
2026-09-22,2,4312,4.5,2026-08-16
2026-09-23,2,4288,4.5,2026-08-16
2026-09-24,2,4168,4.5,2026-08-16
2026-09-25,2,3690,4.5,2026-08-16
2026-09-26,2,3430,4.0,2026-08-16
2026-09-27,2,3364,4.0,2026-08-16
2026-09-28,2,3860,4.5,2026-08-16
2026-09-29,2,4209,4.5,2026-08-16
2026-09-30,2,4194,4.5,2026-08-16
2026-10-01,2,4078,4.5,2026-08-16
2026-10-02,2,3611,4.5,2026-08-16
2026-10-03,2,3349,4.0,2026-08-16
2026-10-04,2,3280,4.0,2026-08-16
2026-10-05,2,3789,4.5,2026-08-16
2026-10-06,2,4145,4.5,2026-08-16
2026-10-07,2,4126,4.5,2026-08-16
2026-10-08,2,4009,4.5,2026-08-16
2026-10-09,2,3536,4.5,2026-08-16
2026-10-10,2,3272,4.0,2026-08-16
2026-10-11,2,3213,4.0,2026-08-16
2026-10-12,2,3741,4.5,2026-08-16
2026-07-15,20,3482,4.0,2026-08-16
2026-07-16,20,3821,4.0,2026-08-16
2026-07-17,20,3466,4.0,2026-08-16
2026-07-18,20,3286,3.5,2026-08-16
2026-07-19,20,2952,3.5,2026-08-16
2026-07-20,20,3655,3.5,2026-08-16
2026-07-21,20,3753,4.0,2026-08-16
2026-07-22,20,3249,4.0,2026-08-16
2026-07-23,20,3544,4.0,2026-08-16
2026-07-24,20,3239,4.0,2026-08-16
2026-07-25,20,3070,3.5,2026-08-16
2026-07-26,20,2769,3.5,2026-08-16
2026-07-27,20,3472,3.5,2026-08-16
2026-07-28,20,3619,4.0,2026-08-16
2026-07-29,20,3166,4.0,2026-08-16
2026-07-30,20,3455,4.0,2026-08-16
2026-07-31,20,3231,3.5,2026-08-16
2026-08-01,20,3198,3.5,2026-08-16
2026-08-02,20,2892,3.5,2026-08-16
2026-08-03,20,3604,4.0,2026-08-16
2026-08-04,20,3729,4.0,2026-08-16
2026-08-05,20,3256,4.0,2026-08-16
2026-08-06,20,3558,4.0,2026-08-16
2026-08-07,20,3277,4.0,2026-08-16
2026-08-08,20,3127,3.5,2026-08-16
2026-08-09,20,2840,3.5,2026-08-16
2026-08-10,20,3566,4.0,2026-08-16
2026-08-11,20,3719,4.0,2026-08-16
2026-08-12,20,3279,4.0,2026-08-16
2026-08-13,20,3572,4.0,2026-08-16
2026-08-14,20,3310,4.0,2026-08-16
2026-08-15,20,3221,3.5,2026-08-16
2026-08-16,20,2989,3.5,2026-08-16
2026-08-17,20,3699,4.0,2026-08-16
2026-08-18,20,3811,4.0,2026-08-16
2026-08-19,20,3344,4.0,2026-08-16
2026-08-20,20,3648,4.0,2026-08-16
2026-08-21,20,3410,3.5,2026-08-16
2026-08-22,20,3443,3.5,2026-08-16
2026-08-23,20,3147,3.5,2026-08-16
2026-08-24,20,3859,4.0,2026-08-16
2026-08-25,20,3919,4.0,2026-08-16
2026-08-26,20,3414,4.0,2026-08-16
2026-08-27,20,3580,4.0,2026-08-16
2026-08-28,20,3482,4.0,2026-08-16
2026-08-29,20,3323,3.5,2026-08-16
2026-08-30,20,3023,3.5,2026-08-16
2026-08-31,20,3763,4.0,2026-08-16
2026-09-01,20,3855,4.0,2026-08-16
2026-09-02,20,3373,4.0,2026-08-16
2026-09-03,20,3673,4.0,2026-08-16
2026-09-04,20,3378,4.0,2026-08-16
2026-09-05,20,3223,3.5,2026-08-16
2026-09-06,20,2934,3.5,2026-08-16
2026-09-07,20,3667,4.0,2026-08-16
2026-09-08,20,3790,4.0,2026-08-16
2026-09-09,20,3321,4.0,2026-08-16
2026-09-10,20,3630,4.0,2026-08-16
2026-09-11,20,3350,4.0,2026-08-16
2026-09-12,20,3206,3.5,2026-08-16
2026-09-13,20,2919,3.5,2026-08-16
2026-09-14,20,3644,4.0,2026-08-16
2026-09-15,20,3772,4.0,2026-08-16
2026-09-16,20,3314,4.0,2026-08-16
2026-09-17,20,3631,4.0,2026-08-16
2026-09-18,20,3355,4.0,2026-08-16
2026-09-19,20,3208,3.5,2026-08-16
2026-09-20,20,2918,3.5,2026-08-16
2026-09-21,20,3632,4.0,2026-08-16
2026-09-22,20,3760,4.0,2026-08-16
2026-09-23,20,3309,4.0,2026-08-16
2026-09-24,20,3603,4.0,2026-08-16
2026-09-25,20,3336,4.0,2026-08-16
2026-09-26,20,3192,3.5,2026-08-16
2026-09-27,20,2911,3.5,2026-08-16
2026-09-28,20,3627,4.0,2026-08-16
2026-09-29,20,3758,4.0,2026-08-16
2026-09-30,20,3306,4.0,2026-08-16
2026-10-01,20,3596,4.0,2026-08-16
2026-10-02,20,3334,4.0,2026-08-16
2026-10-03,20,3188,3.5,2026-08-16
2026-10-04,20,2887,3.5,2026-08-16
2026-10-05,20,3603,4.0,2026-08-16
2026-10-06,20,3732,4.0,2026-08-16
2026-10-07,20,3278,4.0,2026-08-16
2026-10-08,20,3574,4.0,2026-08-16
2026-10-09,20,3306,4.0,2026-08-16
2026-10-10,20,3163,3.5,2026-08-16
2026-10-11,20,2871,3.5,2026-08-16
2026-10-12,20,3601,4.0,2026-08-16
2026-07-15,21,5295,6.0,2026-08-16
2026-07-16,21,5623,6.0,2026-08-16
2026-07-17,21,4999,6.0,2026-08-16
2026-07-18,21,4608,5.5,2026-08-16
2026-07-19,21,3756,5.0,2026-08-16
2026-07-20,21,5321,5.5,2026-08-16
2026-07-21,21,5329,5.5,2026-08-16
2026-07-22,21,4865,5.5,2026-08-16
2026-07-23,21,5118,5.5,2026-08-16
2026-07-24,21,4540,5.5,2026-08-16
2026-07-25,21,4181,5.0,2026-08-16
2026-07-26,21,3466,4.5,2026-08-16
2026-07-27,21,4911,5.5,2026-08-16
2026-07-28,21,4986,5.5,2026-08-16
2026-07-29,21,4614,5.5,2026-08-16
2026-07-30,21,4840,5.5,2026-08-16
2026-07-31,21,4589,5.5,2026-08-16
2026-08-01,21,4564,5.0,2026-08-16
2026-08-02,21,3970,4.5,2026-08-16
2026-08-03,21,5436,5.5,2026-08-16
2026-08-04,21,5372,5.5,2026-08-16
2026-08-05,21,4921,5.5,2026-08-16
2026-08-06,21,5135,5.5,2026-08-16
2026-08-07,21,4610,5.5,2026-08-16
2026-08-08,21,4322,5.0,2026-08-16
2026-08-09,21,3722,4.5,2026-08-16
2026-08-10,21,5187,5.5,2026-08-16
2026-08-11,21,5250,5.5,2026-08-16
2026-08-12,21,4884,5.5,2026-08-16
2026-08-13,21,5137,5.5,2026-08-16
2026-08-14,21,4645,5.5,2026-08-16
2026-08-15,21,4423,5.5,2026-08-16
2026-08-16,21,4030,5.0,2026-08-16
2026-08-17,21,5411,5.5,2026-08-16
2026-08-18,21,5357,5.5,2026-08-16
2026-08-19,21,4937,5.5,2026-08-16
2026-08-20,21,5160,5.5,2026-08-16
2026-08-21,21,4921,5.5,2026-08-16
2026-08-22,21,4985,5.5,2026-08-16
2026-08-23,21,4527,5.0,2026-08-16
2026-08-24,21,5869,5.5,2026-08-16
2026-08-25,21,5645,5.5,2026-08-16
2026-08-26,21,5136,5.5,2026-08-16
2026-08-27,21,5233,5.5,2026-08-16
2026-08-28,21,5008,5.5,2026-08-16
2026-08-29,21,4809,5.5,2026-08-16
2026-08-30,21,4225,5.0,2026-08-16
2026-08-31,21,5780,5.5,2026-08-16
2026-09-01,21,5655,6.0,2026-08-16
2026-09-02,21,5178,5.5,2026-08-16
2026-09-03,21,5440,6.0,2026-08-16
2026-09-04,21,4881,6.0,2026-08-16
2026-09-05,21,4604,5.5,2026-08-16
2026-09-06,21,3989,5.0,2026-08-16
2026-09-07,21,5643,6.0,2026-08-16
2026-09-08,21,5608,6.0,2026-08-16
2026-09-09,21,5168,6.0,2026-08-16
2026-09-10,21,5460,6.0,2026-08-16
2026-09-11,21,4910,6.0,2026-08-16
2026-09-12,21,4618,5.5,2026-08-16
2026-09-13,21,3950,5.0,2026-08-16
2026-09-14,21,5575,6.0,2026-08-16
2026-09-15,21,5547,6.0,2026-08-16
2026-09-16,21,5109,6.0,2026-08-16
2026-09-17,21,5408,6.0,2026-08-16
2026-09-18,21,4894,6.0,2026-08-16
2026-09-19,21,4603,5.5,2026-08-16
2026-09-20,21,3924,5.0,2026-08-16
2026-09-21,21,5547,6.0,2026-08-16
2026-09-22,21,5541,6.0,2026-08-16
2026-09-23,21,5110,6.0,2026-08-16
2026-09-24,21,5395,6.0,2026-08-16
2026-09-25,21,4834,6.0,2026-08-16
2026-09-26,21,4513,5.5,2026-08-16
2026-09-27,21,3833,5.0,2026-08-16
2026-09-28,21,5435,6.0,2026-08-16
2026-09-29,21,5446,6.0,2026-08-16
2026-09-30,21,5029,6.0,2026-08-16
2026-10-01,21,5313,6.0,2026-08-16
2026-10-02,21,4770,6.0,2026-08-16
2026-10-03,21,4461,5.5,2026-08-16
2026-10-04,21,3791,5.0,2026-08-16
2026-10-05,21,5494,6.0,2026-08-16
2026-10-06,21,5531,6.0,2026-08-16
2026-10-07,21,5101,6.0,2026-08-16
2026-10-08,21,5422,6.0,2026-08-16
2026-10-09,21,4858,6.0,2026-08-16
2026-10-10,21,4514,5.5,2026-08-16
2026-10-11,21,3790,5.0,2026-08-16
2026-10-12,21,5511,6.0,2026-08-16
2026-07-15,23,3657,4.5,2026-08-16
2026-07-16,23,3956,4.5,2026-08-16
2026-07-17,23,3550,4.0,2026-08-16
2026-07-18,23,3205,3.5,2026-08-16
2026-07-19,23,2610,3.5,2026-08-16
2026-07-20,23,3796,4.0,2026-08-16
2026-07-21,23,3919,4.0,2026-08-16
2026-07-22,23,3547,4.5,2026-08-16
2026-07-23,23,3851,4.0,2026-08-16
2026-07-24,23,3447,4.0,2026-08-16
2026-07-25,23,3112,3.5,2026-08-16
2026-07-26,23,2532,3.5,2026-08-16
2026-07-27,23,3693,4.0,2026-08-16
2026-07-28,23,3824,4.0,2026-08-16
2026-07-29,23,3465,4.0,2026-08-16
2026-07-30,23,3761,4.0,2026-08-16
2026-07-31,23,3480,4.0,2026-08-16
2026-08-01,23,3279,3.5,2026-08-16
2026-08-02,23,2756,3.5,2026-08-16
2026-08-03,23,3856,4.0,2026-08-16
2026-08-04,23,3883,4.0,2026-08-16
2026-08-05,23,3478,4.0,2026-08-16
2026-08-06,23,3752,4.0,2026-08-16
2026-08-07,23,3357,4.0,2026-08-16
2026-08-08,23,3058,3.5,2026-08-16
2026-08-09,23,2550,3.5,2026-08-16
2026-08-10,23,3759,4.0,2026-08-16
2026-08-11,23,3878,4.0,2026-08-16
2026-08-12,23,3519,4.0,2026-08-16
2026-08-13,23,3826,4.0,2026-08-16
2026-08-14,23,3439,4.0,2026-08-16
2026-08-15,23,3147,3.5,2026-08-16
2026-08-16,23,2707,3.5,2026-08-16
2026-08-17,23,3815,4.0,2026-08-16
2026-08-18,23,3833,4.0,2026-08-16
2026-08-19,23,3434,4.0,2026-08-16
2026-08-20,23,3680,4.0,2026-08-16
2026-08-21,23,3423,4.0,2026-08-16
2026-08-22,23,3253,3.5,2026-08-16
2026-08-23,23,2838,3.5,2026-08-16
2026-08-24,23,3823,4.0,2026-08-16
2026-08-25,23,3775,4.0,2026-08-16
2026-08-26,23,3380,4.5,2026-08-16
2026-08-27,23,3354,4.0,2026-08-16
2026-08-28,23,3191,4.0,2026-08-16
2026-08-29,23,3051,3.5,2026-08-16
2026-08-30,23,2659,3.5,2026-08-16
2026-08-31,23,3822,4.0,2026-08-16
2026-09-01,23,3909,4.5,2026-08-16
2026-09-02,23,3579,4.5,2026-08-16
2026-09-03,23,3901,4.5,2026-08-16
2026-09-04,23,3547,4.0,2026-08-16
2026-09-05,23,3265,4.0,2026-08-16
2026-09-06,23,2762,4.0,2026-08-16
2026-09-07,23,4111,4.0,2026-08-16
2026-09-08,23,4242,4.5,2026-08-16
2026-09-09,23,3837,4.5,2026-08-16
2026-09-10,23,4163,4.5,2026-08-16
2026-09-11,23,3706,4.0,2026-08-16
2026-09-12,23,3369,4.0,2026-08-16
2026-09-13,23,2819,4.0,2026-08-16
2026-09-14,23,4215,4.0,2026-08-16
2026-09-15,23,4325,4.5,2026-08-16
2026-09-16,23,3877,4.5,2026-08-16
2026-09-17,23,4217,4.5,2026-08-16
2026-09-18,23,3744,4.0,2026-08-16
2026-09-19,23,3366,4.0,2026-08-16
2026-09-20,23,2787,4.0,2026-08-16
2026-09-21,23,4206,4.0,2026-08-16
2026-09-22,23,4332,4.5,2026-08-16
2026-09-23,23,3893,4.5,2026-08-16
2026-09-24,23,4215,4.5,2026-08-16
2026-09-25,23,3738,4.0,2026-08-16
2026-09-26,23,3384,4.0,2026-08-16
2026-09-27,23,2809,4.0,2026-08-16
2026-09-28,23,4269,4.0,2026-08-16
2026-09-29,23,4386,4.5,2026-08-16
2026-09-30,23,3941,4.5,2026-08-16
2026-10-01,23,4272,4.5,2026-08-16
2026-10-02,23,3751,4.0,2026-08-16
2026-10-03,23,3380,4.0,2026-08-16
2026-10-04,23,2789,4.0,2026-08-16
2026-10-05,23,4374,4.5,2026-08-16
2026-10-06,23,4513,4.5,2026-08-16
2026-10-07,23,4035,4.5,2026-08-16
2026-10-08,23,4401,4.5,2026-08-16
2026-10-09,23,3870,4.5,2026-08-16
2026-10-10,23,3499,4.0,2026-08-16
2026-10-11,23,2897,4.0,2026-08-16
2026-10-12,23,4580,4.5,2026-08-16
2026-07-15,24,427,1.0,2026-08-16
2026-07-16,24,447,1.0,2026-08-16
2026-07-17,24,420,1.5,2026-08-16
2026-07-18,24,665,1.5,2026-08-16
2026-07-19,24,915,1.5,2026-08-16
2026-07-20,24,529,1.5,2026-08-16
2026-07-21,24,556,1.5,2026-08-16
2026-07-22,24,727,1.5,2026-08-16
2026-07-23,24,767,1.5,2026-08-16
2026-07-24,24,780,1.5,2026-08-16
2026-07-25,24,1140,1.5,2026-08-16
2026-07-26,24,1460,1.5,2026-08-16
2026-07-27,24,923,1.5,2026-08-16
2026-07-28,24,1019,1.5,2026-08-16
2026-07-29,24,1207,1.5,2026-08-16
2026-07-30,24,1199,1.5,2026-08-16
2026-07-31,24,1133,1.5,2026-08-16
2026-08-01,24,1332,1.5,2026-08-16
2026-08-02,24,1425,1.5,2026-08-16
2026-08-03,24,830,1.5,2026-08-16
2026-08-04,24,855,1.5,2026-08-16
2026-08-05,24,931,1.5,2026-08-16
2026-08-06,24,903,1.5,2026-08-16
2026-08-07,24,848,1.5,2026-08-16
2026-08-08,24,1095,2.0,2026-08-16
2026-08-09,24,1299,2.0,2026-08-16
2026-08-10,24,741,1.5,2026-08-16
2026-08-11,24,766,1.5,2026-08-16
2026-08-12,24,921,1.5,2026-08-16
2026-08-13,24,981,1.5,2026-08-16
2026-08-14,24,1038,1.5,2026-08-16
2026-08-15,24,1217,1.5,2026-08-16
2026-08-16,24,1410,1.5,2026-08-16
2026-08-17,24,1159,1.5,2026-08-16
2026-08-18,24,1425,1.5,2026-08-16
2026-08-19,24,1796,1.5,2026-08-16
2026-08-20,24,1933,1.5,2026-08-16
2026-08-21,24,1972,1.5,2026-08-16
2026-08-22,24,1864,2.0,2026-08-16
2026-08-23,24,1839,2.0,2026-08-16
2026-08-24,24,1234,1.5,2026-08-16
2026-08-25,24,1336,1.5,2026-08-16
2026-08-26,24,1410,1.5,2026-08-16
2026-08-27,24,1178,1.5,2026-08-16
2026-08-28,24,1012,2.0,2026-08-16
2026-08-29,24,1296,2.0,2026-08-16
2026-08-30,24,1444,2.0,2026-08-16
2026-08-31,24,754,1.5,2026-08-16
2026-09-01,24,723,1.5,2026-08-16
2026-09-02,24,682,1.5,2026-08-16
2026-09-03,24,594,1.5,2026-08-16
2026-09-04,24,520,1.5,2026-08-16
2026-09-05,24,731,1.5,2026-08-16
2026-09-06,24,961,1.5,2026-08-16
2026-09-07,24,461,1.5,2026-08-16
2026-09-08,24,321,1.5,2026-08-16
2026-09-09,24,208,1.0,2026-08-16
2026-09-10,24,175,1.0,2026-08-16
2026-09-11,24,204,1.0,2026-08-16
2026-09-12,24,295,1.5,2026-08-16
2026-09-13,24,496,1.5,2026-08-16
2026-09-14,24,174,1.0,2026-08-16
2026-09-15,24,144,1.0,2026-08-16
2026-09-16,24,140,1.0,2026-08-16
2026-09-17,24,152,1.0,2026-08-16
2026-09-18,24,162,1.0,2026-08-16
2026-09-19,24,205,1.5,2026-08-16
2026-09-20,24,325,1.5,2026-08-16
2026-09-21,24,145,1.0,2026-08-16
2026-09-22,24,119,1.0,2026-08-16
2026-09-23,24,118,1.0,2026-08-16
2026-09-24,24,125,1.0,2026-08-16
2026-09-25,24,123,1.0,2026-08-16
2026-09-26,24,149,1.0,2026-08-16
2026-09-27,24,259,1.5,2026-08-16
2026-09-28,24,119,1.0,2026-08-16
2026-09-29,24,106,1.0,2026-08-16
2026-09-30,24,113,1.0,2026-08-16
2026-10-01,24,120,1.0,2026-08-16
2026-10-02,24,114,1.0,2026-08-16
2026-10-03,24,131,1.0,2026-08-16
2026-10-04,24,239,1.5,2026-08-16
2026-10-05,24,114,1.0,2026-08-16
2026-10-06,24,100,1.0,2026-08-16
2026-10-07,24,107,1.0,2026-08-16
2026-10-08,24,111,1.0,2026-08-16
2026-10-09,24,106,1.0,2026-08-16
2026-10-10,24,138,1.0,2026-08-16
2026-10-11,24,278,1.5,2026-08-16
2026-10-12,24,111,1.0,2026-08-16
2026-07-15,26,4467,4.5,2026-08-16
2026-07-16,26,4659,4.5,2026-08-16
2026-07-17,26,4259,4.5,2026-08-16
2026-07-18,26,4197,4.5,2026-08-16
2026-07-19,26,3953,5.0,2026-08-16
2026-07-20,26,4495,5.0,2026-08-16
2026-07-21,26,4749,5.0,2026-08-16
2026-07-22,26,4385,5.0,2026-08-16
2026-07-23,26,4579,5.0,2026-08-16
2026-07-24,26,4165,5.0,2026-08-16
2026-07-25,26,4099,5.0,2026-08-16
2026-07-26,26,3858,5.0,2026-08-16
2026-07-27,26,4409,5.0,2026-08-16
2026-07-28,26,4681,5.0,2026-08-16
2026-07-29,26,4320,5.0,2026-08-16
2026-07-30,26,4512,5.0,2026-08-16
2026-07-31,26,4293,5.0,2026-08-16
2026-08-01,26,4426,5.0,2026-08-16
2026-08-02,26,4232,5.0,2026-08-16
2026-08-03,26,4830,5.0,2026-08-16
2026-08-04,26,5040,5.0,2026-08-16
2026-08-05,26,4610,5.0,2026-08-16
2026-08-06,26,4820,5.0,2026-08-16
2026-08-07,26,4378,5.0,2026-08-16
2026-08-08,26,4300,5.0,2026-08-16
2026-08-09,26,4041,5.0,2026-08-16
2026-08-10,26,4626,5.0,2026-08-16
2026-08-11,26,4867,5.0,2026-08-16
2026-08-12,26,4470,5.0,2026-08-16
2026-08-13,26,4679,5.0,2026-08-16
2026-08-14,26,4246,5.0,2026-08-16
2026-08-15,26,3998,5.0,2026-08-16
2026-08-16,26,3920,5.0,2026-08-16
2026-08-17,26,4565,5.0,2026-08-16
2026-08-18,26,4822,5.0,2026-08-16
2026-08-19,26,4437,5.0,2026-08-16
2026-08-20,26,4671,5.0,2026-08-16
2026-08-21,26,4458,5.0,2026-08-16
2026-08-22,26,4442,5.0,2026-08-16
2026-08-23,26,4390,5.0,2026-08-16
2026-08-24,26,5024,5.0,2026-08-16
2026-08-25,26,5186,5.0,2026-08-16
2026-08-26,26,4729,5.0,2026-08-16
2026-08-27,26,4834,5.0,2026-08-16
2026-08-28,26,4603,5.0,2026-08-16
2026-08-29,26,4610,5.0,2026-08-16
2026-08-30,26,4372,5.0,2026-08-16
2026-08-31,26,4975,5.0,2026-08-16
2026-09-01,26,5161,5.0,2026-08-16
2026-09-02,26,4708,5.0,2026-08-16
2026-09-03,26,4939,5.0,2026-08-16
2026-09-04,26,4501,5.0,2026-08-16
2026-09-05,26,4436,5.0,2026-08-16
2026-09-06,26,4180,5.0,2026-08-16
2026-09-07,26,4787,5.0,2026-08-16
2026-09-08,26,4987,5.0,2026-08-16
2026-09-09,26,4560,5.0,2026-08-16
2026-09-10,26,4782,5.0,2026-08-16
2026-09-11,26,4351,5.0,2026-08-16
2026-09-12,26,4263,5.0,2026-08-16
2026-09-13,26,3984,5.0,2026-08-16
2026-09-14,26,4568,5.0,2026-08-16
2026-09-15,26,4778,5.0,2026-08-16
2026-09-16,26,4368,5.0,2026-08-16
2026-09-17,26,4582,5.0,2026-08-16
2026-09-18,26,4175,5.0,2026-08-16
2026-09-19,26,4084,5.0,2026-08-16
2026-09-20,26,3815,5.0,2026-08-16
2026-09-21,26,4391,5.0,2026-08-16
2026-09-22,26,4620,5.0,2026-08-16
2026-09-23,26,4234,5.0,2026-08-16
2026-09-24,26,4440,5.0,2026-08-16
2026-09-25,26,4050,5.0,2026-08-16
2026-09-26,26,3956,5.0,2026-08-16
2026-09-27,26,3692,5.0,2026-08-16
2026-09-28,26,4266,5.0,2026-08-16
2026-09-29,26,4507,5.0,2026-08-16
2026-09-30,26,4140,5.0,2026-08-16
2026-10-01,26,4347,4.5,2026-08-16
2026-10-02,26,3960,4.5,2026-08-16
2026-10-03,26,3866,4.5,2026-08-16
2026-10-04,26,3592,4.5,2026-08-16
2026-10-05,26,4172,5.0,2026-08-16
2026-10-06,26,4403,5.0,2026-08-16
2026-10-07,26,4038,5.0,2026-08-16
2026-10-08,26,4258,4.5,2026-08-16
2026-10-09,26,3921,4.5,2026-08-16
2026-10-10,26,3836,4.5,2026-08-16
2026-10-11,26,3557,4.5,2026-08-16
2026-10-12,26,4129,5.0,2026-08-16
2026-07-15,27,411,1.0,2026-08-16
2026-07-16,27,438,1.0,2026-08-16
2026-07-17,27,354,1.0,2026-08-16
2026-07-18,27,214,1.0,2026-08-16
2026-07-19,27,27,1.0,2026-08-16
2026-07-20,27,251,1.0,2026-08-16
2026-07-21,27,255,1.0,2026-08-16
2026-07-22,27,198,1.0,2026-08-16
2026-07-23,27,205,1.0,2026-08-16
2026-07-24,27,141,1.0,2026-08-16
2026-07-25,27,89,1.0,2026-08-16
2026-07-26,27,15,1.0,2026-08-16
2026-07-27,27,181,1.0,2026-08-16
2026-07-28,27,210,1.0,2026-08-16
2026-07-29,27,172,1.0,2026-08-16
2026-07-30,27,172,1.0,2026-08-16
2026-07-31,27,107,1.0,2026-08-16
2026-08-01,27,40,1.0,2026-08-16
2026-08-02,27,3,1.0,2026-08-16
2026-08-03,27,5,1.0,2026-08-16
2026-08-04,27,0,0.0,2026-08-16
2026-08-05,27,0,0.0,2026-08-16
2026-08-06,27,0,0.0,2026-08-16
2026-08-07,27,11,1.0,2026-08-16
2026-08-08,27,38,1.0,2026-08-16
2026-08-09,27,47,1.0,2026-08-16
2026-08-10,27,74,1.0,2026-08-16
2026-08-11,27,98,1.0,2026-08-16
2026-08-12,27,75,1.0,2026-08-16
2026-08-13,27,70,1.0,2026-08-16
2026-08-14,27,69,1.0,2026-08-16
2026-08-15,27,42,1.0,2026-08-16
2026-08-16,27,24,1.0,2026-08-16
2026-08-17,27,50,1.0,2026-08-16
2026-08-18,27,43,1.0,2026-08-16
2026-08-19,27,0,0.0,2026-08-16
2026-08-20,27,0,0.0,2026-08-16
2026-08-21,27,0,0.0,2026-08-16
2026-08-22,27,0,0.0,2026-08-16
2026-08-23,27,0,0.0,2026-08-16
2026-08-24,27,0,0.0,2026-08-16
2026-08-25,27,0,0.0,2026-08-16
2026-08-26,27,0,0.0,2026-08-16
2026-08-27,27,0,0.0,2026-08-16
2026-08-28,27,0,0.0,2026-08-16
2026-08-29,27,0,0.0,2026-08-16
2026-08-30,27,27,1.0,2026-08-16
2026-08-31,27,22,1.0,2026-08-16
2026-09-01,27,47,1.0,2026-08-16
2026-09-02,27,44,1.0,2026-08-16
2026-09-03,27,48,1.0,2026-08-16
2026-09-04,27,64,1.0,2026-08-16
2026-09-05,27,89,1.0,2026-08-16
2026-09-06,27,40,1.0,2026-08-16
2026-09-07,27,174,1.0,2026-08-16
2026-09-08,27,275,1.0,2026-08-16
2026-09-09,27,264,1.0,2026-08-16
2026-09-10,27,316,1.0,2026-08-16
2026-09-11,27,270,1.0,2026-08-16
2026-09-12,27,166,1.0,2026-08-16
2026-09-13,27,40,1.0,2026-08-16
2026-09-14,27,604,1.0,2026-08-16
2026-09-15,27,713,1.0,2026-08-16
2026-09-16,27,679,1.0,2026-08-16
2026-09-17,27,701,1.0,2026-08-16
2026-09-18,27,558,1.0,2026-08-16
2026-09-19,27,394,1.0,2026-08-16
2026-09-20,27,15,1.0,2026-08-16
2026-09-21,27,828,1.0,2026-08-16
2026-09-22,27,903,1.0,2026-08-16
2026-09-23,27,831,1.0,2026-08-16
2026-09-24,27,903,1.0,2026-08-16
2026-09-25,27,764,1.0,2026-08-16
2026-09-26,27,583,1.0,2026-08-16
2026-09-27,27,72,1.0,2026-08-16
2026-09-28,27,1130,1.0,2026-08-16
2026-09-29,27,1165,1.0,2026-08-16
2026-09-30,27,1061,1.0,2026-08-16
2026-10-01,27,1120,1.0,2026-08-16
2026-10-02,27,954,1.0,2026-08-16
2026-10-03,27,723,1.0,2026-08-16
2026-10-04,27,96,1.0,2026-08-16
2026-10-05,27,1203,1.0,2026-08-16
2026-10-06,27,1177,1.0,2026-08-16
2026-10-07,27,1039,1.0,2026-08-16
2026-10-08,27,1121,1.0,2026-08-16
2026-10-09,27,941,1.0,2026-08-16
2026-10-10,27,687,1.0,2026-08-16
2026-10-11,27,80,1.0,2026-08-16
2026-10-12,27,1275,1.0,2026-08-16
2026-07-15,3,4598,5.5,2026-08-16
2026-07-16,3,4684,6.0,2026-08-16
2026-07-17,3,4383,5.5,2026-08-16
2026-07-18,3,3768,5.0,2026-08-16
2026-07-19,3,2574,3.5,2026-08-16
2026-07-20,3,4578,5.5,2026-08-16
2026-07-21,3,4783,5.5,2026-08-16
2026-07-22,3,4760,5.5,2026-08-16
2026-07-23,3,4858,6.0,2026-08-16
2026-07-24,3,4538,5.5,2026-08-16
2026-07-25,3,3898,5.0,2026-08-16
2026-07-26,3,2673,4.0,2026-08-16
2026-07-27,3,4707,5.5,2026-08-16
2026-07-28,3,4902,6.0,2026-08-16
2026-07-29,3,4865,6.0,2026-08-16
2026-07-30,3,4961,6.0,2026-08-16
2026-07-31,3,4589,5.5,2026-08-16
2026-08-01,3,4302,5.5,2026-08-16
2026-08-02,3,3259,4.0,2026-08-16
2026-08-03,3,5331,6.0,2026-08-16
2026-08-04,3,5393,6.0,2026-08-16
2026-08-05,3,5305,6.0,2026-08-16
2026-08-06,3,5371,6.5,2026-08-16
2026-08-07,3,5017,6.0,2026-08-16
2026-08-08,3,4351,5.5,2026-08-16
2026-08-09,3,3094,4.0,2026-08-16
2026-08-10,3,5192,5.5,2026-08-16
2026-08-11,3,5295,6.0,2026-08-16
2026-08-12,3,5216,6.0,2026-08-16
2026-08-13,3,5305,6.0,2026-08-16
2026-08-14,3,4954,6.0,2026-08-16
2026-08-15,3,4390,5.0,2026-08-16
2026-08-16,3,3443,4.0,2026-08-16
2026-08-17,3,5580,6.0,2026-08-16
2026-08-18,3,5598,6.0,2026-08-16
2026-08-19,3,5485,6.0,2026-08-16
2026-08-20,3,5551,6.5,2026-08-16
2026-08-21,3,5120,5.5,2026-08-16
2026-08-22,3,4983,5.5,2026-08-16
2026-08-23,3,4132,4.5,2026-08-16
2026-08-24,3,6210,6.5,2026-08-16
2026-08-25,3,6095,6.5,2026-08-16
2026-08-26,3,5927,6.5,2026-08-16
2026-08-27,3,5741,6.0,2026-08-16
2026-08-28,3,5581,6.5,2026-08-16
2026-08-29,3,5031,6.0,2026-08-16
2026-08-30,3,3815,4.5,2026-08-16
2026-08-31,3,6022,6.0,2026-08-16
2026-09-01,3,5963,6.5,2026-08-16
2026-09-02,3,5792,6.5,2026-08-16
2026-09-03,3,5857,6.5,2026-08-16
2026-09-04,3,5453,6.5,2026-08-16
2026-09-05,3,4696,5.5,2026-08-16
2026-09-06,3,3280,4.0,2026-08-16
2026-09-07,3,5605,6.0,2026-08-16
2026-09-08,3,5622,6.0,2026-08-16
2026-09-09,3,5495,6.0,2026-08-16
2026-09-10,3,5580,6.0,2026-08-16
2026-09-11,3,5184,6.0,2026-08-16
2026-09-12,3,4424,5.5,2026-08-16
2026-09-13,3,3015,4.0,2026-08-16
2026-09-14,3,5347,5.5,2026-08-16
2026-09-15,3,5415,6.0,2026-08-16
2026-09-16,3,5303,5.5,2026-08-16
2026-09-17,3,5389,6.0,2026-08-16
2026-09-18,3,5017,6.0,2026-08-16
2026-09-19,3,4273,5.0,2026-08-16
2026-09-20,3,2869,4.0,2026-08-16
2026-09-21,3,5179,5.5,2026-08-16
2026-09-22,3,5277,5.5,2026-08-16
2026-09-23,3,5170,5.5,2026-08-16
2026-09-24,3,5254,6.0,2026-08-16
2026-09-25,3,4867,5.5,2026-08-16
2026-09-26,3,4119,5.0,2026-08-16
2026-09-27,3,2755,3.5,2026-08-16
2026-09-28,3,5027,5.5,2026-08-16
2026-09-29,3,5130,5.5,2026-08-16
2026-09-30,3,5035,5.5,2026-08-16
2026-10-01,3,5115,6.0,2026-08-16
2026-10-02,3,4725,5.5,2026-08-16
2026-10-03,3,3964,5.0,2026-08-16
2026-10-04,3,2600,3.5,2026-08-16
2026-10-05,3,4934,5.0,2026-08-16
2026-10-06,3,5048,5.5,2026-08-16
2026-10-07,3,4948,5.5,2026-08-16
2026-10-08,3,5052,5.5,2026-08-16
2026-10-09,3,4678,5.5,2026-08-16
2026-10-10,3,3932,5.0,2026-08-16
2026-10-11,3,2593,3.5,2026-08-16
2026-10-12,3,4964,5.0,2026-08-16
2026-07-15,31,3413,5.5,2026-08-16
2026-07-16,31,3339,5.5,2026-08-16
2026-07-17,31,2940,5.0,2026-08-16
2026-07-18,31,2776,4.5,2026-08-16
2026-07-19,31,2329,4.0,2026-08-16
2026-07-20,31,3049,5.0,2026-08-16
2026-07-21,31,3266,5.5,2026-08-16
2026-07-22,31,3229,5.5,2026-08-16
2026-07-23,31,3213,5.5,2026-08-16
2026-07-24,31,2823,5.0,2026-08-16
2026-07-25,31,2665,4.5,2026-08-16
2026-07-26,31,2239,4.0,2026-08-16
2026-07-27,31,2938,5.0,2026-08-16
2026-07-28,31,3188,5.5,2026-08-16
2026-07-29,31,3157,5.0,2026-08-16
2026-07-30,31,3143,5.5,2026-08-16
2026-07-31,31,2939,5.0,2026-08-16
2026-08-01,31,2922,4.5,2026-08-16
2026-08-02,31,2515,4.0,2026-08-16
2026-08-03,31,3224,5.5,2026-08-16
2026-08-04,31,3419,5.5,2026-08-16
2026-08-05,31,3365,5.5,2026-08-16
2026-08-06,31,3333,5.5,2026-08-16
2026-08-07,31,2947,5.5,2026-08-16
2026-08-08,31,2785,4.5,2026-08-16
2026-08-09,31,2359,4.0,2026-08-16
2026-08-10,31,3076,5.0,2026-08-16
2026-08-11,31,3320,5.5,2026-08-16
2026-08-12,31,3304,5.5,2026-08-16
2026-08-13,31,3292,5.5,2026-08-16
2026-08-14,31,2909,5.5,2026-08-16
2026-08-15,31,2726,5.0,2026-08-16
2026-08-16,31,2433,4.5,2026-08-16
2026-08-17,31,3179,5.5,2026-08-16
2026-08-18,31,3397,5.5,2026-08-16
2026-08-19,31,3356,5.5,2026-08-16
2026-08-20,31,3341,5.5,2026-08-16
2026-08-21,31,3131,5.0,2026-08-16
2026-08-22,31,3112,5.0,2026-08-16
2026-08-23,31,2818,4.5,2026-08-16
2026-08-24,31,3552,5.5,2026-08-16
2026-08-25,31,3691,6.0,2026-08-16
2026-08-26,31,3598,5.5,2026-08-16
2026-08-27,31,3458,5.5,2026-08-16
2026-08-28,31,3232,5.5,2026-08-16
2026-08-29,31,3135,5.0,2026-08-16
2026-08-30,31,2710,4.5,2026-08-16
2026-08-31,31,3434,5.5,2026-08-16
2026-09-01,31,3611,5.5,2026-08-16
2026-09-02,31,3538,5.5,2026-08-16
2026-09-03,31,3519,5.5,2026-08-16
2026-09-04,31,3128,5.5,2026-08-16
2026-09-05,31,2977,5.0,2026-08-16
2026-09-06,31,2565,4.5,2026-08-16
2026-09-07,31,3344,5.5,2026-08-16
2026-09-08,31,3582,5.5,2026-08-16
2026-09-09,31,3553,5.5,2026-08-16
2026-09-10,31,3552,5.5,2026-08-16
2026-09-11,31,3167,5.5,2026-08-16
2026-09-12,31,3018,5.0,2026-08-16
2026-09-13,31,2576,4.5,2026-08-16
2026-09-14,31,3356,5.5,2026-08-16
2026-09-15,31,3584,5.5,2026-08-16
2026-09-16,31,3554,5.5,2026-08-16
2026-09-17,31,3575,5.5,2026-08-16
2026-09-18,31,3194,5.5,2026-08-16
2026-09-19,31,3033,5.0,2026-08-16
2026-09-20,31,2586,4.5,2026-08-16
2026-09-21,31,3362,5.5,2026-08-16
2026-09-22,31,3582,5.5,2026-08-16
2026-09-23,31,3546,5.5,2026-08-16
2026-09-24,31,3542,5.5,2026-08-16
2026-09-25,31,3147,5.5,2026-08-16
2026-09-26,31,2997,5.0,2026-08-16
2026-09-27,31,2547,4.5,2026-08-16
2026-09-28,31,3331,5.5,2026-08-16
2026-09-29,31,3563,5.5,2026-08-16
2026-09-30,31,3531,5.5,2026-08-16
2026-10-01,31,3517,5.5,2026-08-16
2026-10-02,31,3126,5.5,2026-08-16
2026-10-03,31,2977,5.0,2026-08-16
2026-10-04,31,2535,4.5,2026-08-16
2026-10-05,31,3354,5.5,2026-08-16
2026-10-06,31,3602,5.5,2026-08-16
2026-10-07,31,3577,5.5,2026-08-16
2026-10-08,31,3583,5.5,2026-08-16
2026-10-09,31,3193,5.5,2026-08-16
2026-10-10,31,3047,5.0,2026-08-16
2026-10-11,31,2598,4.5,2026-08-16
2026-10-12,31,3444,5.5,2026-08-16
2026-07-15,32,2126,3.0,2026-08-16
2026-07-16,32,2013,3.0,2026-08-16
2026-07-17,32,1833,3.0,2026-08-16
2026-07-18,32,2041,3.0,2026-08-16
2026-07-19,32,2067,3.0,2026-08-16
2026-07-20,32,1978,2.5,2026-08-16
2026-07-21,32,1818,2.5,2026-08-16
2026-07-22,32,1759,2.5,2026-08-16
2026-07-23,32,1645,2.5,2026-08-16
2026-07-24,32,1479,2.5,2026-08-16
2026-07-25,32,1658,2.5,2026-08-16
2026-07-26,32,1686,2.5,2026-08-16
2026-07-27,32,1656,2.5,2026-08-16
2026-07-28,32,1554,2.5,2026-08-16
2026-07-29,32,1523,2.5,2026-08-16
2026-07-30,32,1436,2.0,2026-08-16
2026-07-31,32,1390,2.0,2026-08-16
2026-08-01,32,1480,2.0,2026-08-16
2026-08-02,32,1478,2.0,2026-08-16
2026-08-03,32,1486,2.0,2026-08-16
2026-08-04,32,1452,2.0,2026-08-16
2026-08-05,32,1474,2.0,2026-08-16
2026-08-06,32,1433,2.0,2026-08-16
2026-08-07,32,1328,2.0,2026-08-16
2026-08-08,32,1542,2.0,2026-08-16
2026-08-09,32,1623,2.0,2026-08-16
2026-08-10,32,1653,2.0,2026-08-16
2026-08-11,32,1586,2.0,2026-08-16
2026-08-12,32,1571,2.0,2026-08-16
2026-08-13,32,1495,2.0,2026-08-16
2026-08-14,32,1361,2.5,2026-08-16
2026-08-15,32,1422,2.5,2026-08-16
2026-08-16,32,1386,2.5,2026-08-16
2026-08-17,32,1396,2.5,2026-08-16
2026-08-18,32,1363,2.5,2026-08-16
2026-08-19,32,1379,2.5,2026-08-16
2026-08-20,32,1340,2.5,2026-08-16
2026-08-21,32,1344,2.5,2026-08-16
2026-08-22,32,1318,2.5,2026-08-16
2026-08-23,32,1298,2.5,2026-08-16
2026-08-24,32,1366,2.5,2026-08-16
2026-08-25,32,1391,2.5,2026-08-16
2026-08-26,32,1451,2.5,2026-08-16
2026-08-27,32,1555,2.5,2026-08-16
2026-08-28,32,1465,2.5,2026-08-16
2026-08-29,32,1748,2.5,2026-08-16
2026-08-30,32,1898,2.5,2026-08-16
2026-08-31,32,1927,2.5,2026-08-16
2026-09-01,32,1835,2.5,2026-08-16
2026-09-02,32,1787,2.5,2026-08-16
2026-09-03,32,1671,2.5,2026-08-16
2026-09-04,32,1484,2.5,2026-08-16
2026-09-05,32,1621,2.5,2026-08-16
2026-09-06,32,1618,2.5,2026-08-16
2026-09-07,32,1584,2.5,2026-08-16
2026-09-08,32,1456,2.5,2026-08-16
2026-09-09,32,1366,2.5,2026-08-16
2026-09-10,32,1221,2.5,2026-08-16
2026-09-11,32,1016,2.5,2026-08-16
2026-09-12,32,1055,2.5,2026-08-16
2026-09-13,32,979,2.5,2026-08-16
2026-09-14,32,1000,2.5,2026-08-16
2026-09-15,32,976,2.0,2026-08-16
2026-09-16,32,947,2.0,2026-08-16
2026-09-17,32,851,2.0,2026-08-16
2026-09-18,32,707,2.0,2026-08-16
2026-09-19,32,735,2.0,2026-08-16
2026-09-20,32,666,2.0,2026-08-16
2026-09-21,32,743,2.0,2026-08-16
2026-09-22,32,786,2.0,2026-08-16
2026-09-23,32,796,2.0,2026-08-16
2026-09-24,32,736,2.0,2026-08-16
2026-09-25,32,611,2.0,2026-08-16
2026-09-26,32,653,2.0,2026-08-16
2026-09-27,32,593,2.0,2026-08-16
2026-09-28,32,693,2.0,2026-08-16
2026-09-29,32,753,2.0,2026-08-16
2026-09-30,32,776,2.0,2026-08-16
2026-10-01,32,727,2.0,2026-08-16
2026-10-02,32,603,2.0,2026-08-16
2026-10-03,32,624,2.0,2026-08-16
2026-10-04,32,557,2.0,2026-08-16
2026-10-05,32,683,2.0,2026-08-16
2026-10-06,32,766,2.0,2026-08-16
2026-10-07,32,780,2.0,2026-08-16
2026-10-08,32,751,2.0,2026-08-16
2026-10-09,32,636,2.0,2026-08-16
2026-10-10,32,627,2.0,2026-08-16
2026-10-11,32,577,2.0,2026-08-16
2026-10-12,32,732,2.0,2026-08-16
2026-07-15,33,2266,3.0,2026-08-16
2026-07-16,33,2215,3.0,2026-08-16
2026-07-17,33,2096,3.0,2026-08-16
2026-07-18,33,2189,3.0,2026-08-16
2026-07-19,33,2276,3.0,2026-08-16
2026-07-20,33,2409,3.0,2026-08-16
2026-07-21,33,2367,3.0,2026-08-16
2026-07-22,33,2344,3.0,2026-08-16
2026-07-23,33,2291,3.0,2026-08-16
2026-07-24,33,2166,3.0,2026-08-16
2026-07-25,33,2257,3.5,2026-08-16
2026-07-26,33,2339,3.0,2026-08-16
2026-07-27,33,2467,3.0,2026-08-16
2026-07-28,33,2419,3.0,2026-08-16
2026-07-29,33,2394,3.5,2026-08-16
2026-07-30,33,2339,3.5,2026-08-16
2026-07-31,33,2337,3.5,2026-08-16
2026-08-01,33,2437,3.5,2026-08-16
2026-08-02,33,2498,3.5,2026-08-16
2026-08-03,33,2597,3.5,2026-08-16
2026-08-04,33,2519,3.5,2026-08-16
2026-08-05,33,2477,3.5,2026-08-16
2026-08-06,33,2407,3.5,2026-08-16
2026-08-07,33,2268,3.5,2026-08-16
2026-08-08,33,2356,3.5,2026-08-16
2026-08-09,33,2429,3.5,2026-08-16
2026-08-10,33,2546,3.5,2026-08-16
2026-08-11,33,2482,3.5,2026-08-16
2026-08-12,33,2443,3.5,2026-08-16
2026-08-13,33,2377,3.5,2026-08-16
2026-08-14,33,2239,3.5,2026-08-16
2026-08-15,33,2242,3.5,2026-08-16
2026-08-16,33,2304,3.5,2026-08-16
2026-08-17,33,2421,3.5,2026-08-16
2026-08-18,33,2372,3.5,2026-08-16
2026-08-19,33,2351,3.5,2026-08-16
2026-08-20,33,2298,3.5,2026-08-16
2026-08-21,33,2297,3.5,2026-08-16
2026-08-22,33,2304,3.5,2026-08-16
2026-08-23,33,2356,3.5,2026-08-16
2026-08-24,33,2458,3.5,2026-08-16
2026-08-25,33,2391,3.5,2026-08-16
2026-08-26,33,2357,3.5,2026-08-16
2026-08-27,33,2347,3.5,2026-08-16
2026-08-28,33,2206,3.5,2026-08-16
2026-08-29,33,2284,3.5,2026-08-16
2026-08-30,33,2348,3.5,2026-08-16
2026-08-31,33,2459,3.5,2026-08-16
2026-09-01,33,2389,3.5,2026-08-16
2026-09-02,33,2342,3.5,2026-08-16
2026-09-03,33,2265,3.5,2026-08-16
2026-09-04,33,2121,3.5,2026-08-16
2026-09-05,33,2194,3.5,2026-08-16
2026-09-06,33,2256,3.5,2026-08-16
2026-09-07,33,2369,3.5,2026-08-16
2026-09-08,33,2298,3.5,2026-08-16
2026-09-09,33,2254,3.5,2026-08-16
2026-09-10,33,2175,3.5,2026-08-16
2026-09-11,33,2029,3.5,2026-08-16
2026-09-12,33,2094,3.5,2026-08-16
2026-09-13,33,2153,3.0,2026-08-16
2026-09-14,33,2265,3.0,2026-08-16
2026-09-15,33,2196,3.0,2026-08-16
2026-09-16,33,2151,3.0,2026-08-16
2026-09-17,33,2075,3.0,2026-08-16
2026-09-18,33,1934,3.0,2026-08-16
2026-09-19,33,1997,3.0,2026-08-16
2026-09-20,33,2056,3.0,2026-08-16
2026-09-21,33,2172,3.0,2026-08-16
2026-09-22,33,2109,3.0,2026-08-16
2026-09-23,33,2069,3.0,2026-08-16
2026-09-24,33,1997,3.0,2026-08-16
2026-09-25,33,1861,3.0,2026-08-16
2026-09-26,33,1926,3.0,2026-08-16
2026-09-27,33,1989,3.0,2026-08-16
2026-09-28,33,2111,3.0,2026-08-16
2026-09-29,33,2053,3.0,2026-08-16
2026-09-30,33,2014,3.0,2026-08-16
2026-10-01,33,1944,3.0,2026-08-16
2026-10-02,33,1809,3.0,2026-08-16
2026-10-03,33,1867,3.0,2026-08-16
2026-10-04,33,1924,3.0,2026-08-16
2026-10-05,33,2046,3.0,2026-08-16
2026-10-06,33,1993,3.0,2026-08-16
2026-10-07,33,1960,3.0,2026-08-16
2026-10-08,33,1889,3.0,2026-08-16
2026-10-09,33,1770,3.0,2026-08-16
2026-10-10,33,1826,3.0,2026-08-16
2026-10-11,33,1883,3.0,2026-08-16
2026-10-12,33,2017,3.0,2026-08-16
2026-07-15,35,4607,6.0,2026-08-16
2026-07-16,35,4725,6.0,2026-08-16
2026-07-17,35,4453,6.0,2026-08-16
2026-07-18,35,4333,5.0,2026-08-16
2026-07-19,35,3989,4.5,2026-08-16
2026-07-20,35,5202,5.5,2026-08-16
2026-07-21,35,5275,5.5,2026-08-16
2026-07-22,35,4864,5.5,2026-08-16
2026-07-23,35,5051,5.5,2026-08-16
2026-07-24,35,4467,5.5,2026-08-16
2026-07-25,35,4308,5.0,2026-08-16
2026-07-26,35,3878,4.5,2026-08-16
2026-07-27,35,5291,5.5,2026-08-16
2026-07-28,35,5387,5.5,2026-08-16
2026-07-29,35,4934,5.5,2026-08-16
2026-07-30,35,5113,5.5,2026-08-16
2026-07-31,35,4813,5.5,2026-08-16
2026-08-01,35,4798,5.0,2026-08-16
2026-08-02,35,4248,4.5,2026-08-16
2026-08-03,35,5669,5.5,2026-08-16
2026-08-04,35,5541,5.5,2026-08-16
2026-08-05,35,4894,5.5,2026-08-16
2026-08-06,35,4929,6.0,2026-08-16
2026-08-07,35,4288,5.5,2026-08-16
2026-08-08,35,4129,5.0,2026-08-16
2026-08-09,35,3786,4.5,2026-08-16
2026-08-10,35,5136,5.5,2026-08-16
2026-08-11,35,5298,6.0,2026-08-16
2026-08-12,35,4855,6.0,2026-08-16
2026-08-13,35,5054,6.0,2026-08-16
2026-08-14,35,4417,6.0,2026-08-16
2026-08-15,35,4278,5.5,2026-08-16
2026-08-16,35,4204,5.0,2026-08-16
2026-08-17,35,6333,6.0,2026-08-16
2026-08-18,35,6367,6.0,2026-08-16
2026-08-19,35,5443,6.0,2026-08-16
2026-08-20,35,5337,6.0,2026-08-16
2026-08-21,35,4703,5.5,2026-08-16
2026-08-22,35,4686,5.5,2026-08-16
2026-08-23,35,4515,5.0,2026-08-16
2026-08-24,35,6232,6.0,2026-08-16
2026-08-25,35,6015,6.0,2026-08-16
2026-08-26,35,5145,6.0,2026-08-16
2026-08-27,35,4978,5.5,2026-08-16
2026-08-28,35,4531,5.5,2026-08-16
2026-08-29,35,4326,5.0,2026-08-16
2026-08-30,35,3920,4.5,2026-08-16
2026-08-31,35,5733,6.0,2026-08-16
2026-09-01,35,5821,6.0,2026-08-16
2026-09-02,35,5264,6.0,2026-08-16
2026-09-03,35,5569,6.5,2026-08-16
2026-09-04,35,4783,6.5,2026-08-16
2026-09-05,35,4473,5.5,2026-08-16
2026-09-06,35,3788,4.5,2026-08-16
2026-09-07,35,7393,6.5,2026-08-16
2026-09-08,35,8115,7.0,2026-08-16
2026-09-09,35,7146,6.5,2026-08-16
2026-09-10,35,7661,7.0,2026-08-16
2026-09-11,35,5983,6.5,2026-08-16
2026-09-12,35,4889,5.5,2026-08-16
2026-09-13,35,3638,5.0,2026-08-16
2026-09-14,35,6191,6.5,2026-08-16
2026-09-15,35,6395,7.0,2026-08-16
2026-09-16,35,5371,7.0,2026-08-16
2026-09-17,35,5506,7.0,2026-08-16
2026-09-18,35,4480,7.0,2026-08-16
2026-09-19,35,4013,5.5,2026-08-16
2026-09-20,35,3574,4.5,2026-08-16
2026-09-21,35,5324,6.5,2026-08-16
2026-09-22,35,5448,7.0,2026-08-16
2026-09-23,35,4873,7.0,2026-08-16
2026-09-24,35,5017,7.0,2026-08-16
2026-09-25,35,4349,6.5,2026-08-16
2026-09-26,35,4069,5.5,2026-08-16
2026-09-27,35,3577,4.5,2026-08-16
2026-09-28,35,6150,6.5,2026-08-16
2026-09-29,35,6467,7.0,2026-08-16
2026-09-30,35,5704,7.0,2026-08-16
2026-10-01,35,6071,7.0,2026-08-16
2026-10-02,35,4952,6.5,2026-08-16
2026-10-03,35,4428,5.5,2026-08-16
2026-10-04,35,3618,4.5,2026-08-16
2026-10-05,35,7217,6.5,2026-08-16
2026-10-06,35,7828,7.0,2026-08-16
2026-10-07,35,6842,7.0,2026-08-16
2026-10-08,35,7481,7.0,2026-08-16
2026-10-09,35,6008,7.0,2026-08-16
2026-10-10,35,4944,5.5,2026-08-16
2026-10-11,35,3577,4.5,2026-08-16
2026-10-12,35,7756,7.0,2026-08-16
2026-07-15,36,4999,7.5,2026-08-16
2026-07-16,36,5262,7.5,2026-08-16
2026-07-17,36,4644,7.0,2026-08-16
2026-07-18,36,4607,6.5,2026-08-16
2026-07-19,36,3879,6.0,2026-08-16
2026-07-20,36,5019,7.0,2026-08-16
2026-07-21,36,5068,7.5,2026-08-16
2026-07-22,36,4705,7.5,2026-08-16
2026-07-23,36,4966,7.5,2026-08-16
2026-07-24,36,4389,7.0,2026-08-16
2026-07-25,36,4358,6.5,2026-08-16
2026-07-26,36,3716,6.0,2026-08-16
2026-07-27,36,4865,7.0,2026-08-16
2026-07-28,36,4946,7.5,2026-08-16
2026-07-29,36,4602,7.0,2026-08-16
2026-07-30,36,4851,7.5,2026-08-16
2026-07-31,36,4425,7.0,2026-08-16
2026-08-01,36,4636,6.5,2026-08-16
2026-08-02,36,4045,6.0,2026-08-16
2026-08-03,36,5185,7.0,2026-08-16
2026-08-04,36,5172,7.5,2026-08-16
2026-08-05,36,4752,7.0,2026-08-16
2026-08-06,36,4968,7.5,2026-08-16
2026-08-07,36,4371,7.0,2026-08-16
2026-08-08,36,4341,6.5,2026-08-16
2026-08-09,36,3703,6.0,2026-08-16
2026-08-10,36,4863,7.0,2026-08-16
2026-08-11,36,4969,7.5,2026-08-16
2026-08-12,36,4631,7.0,2026-08-16
2026-08-13,36,4881,7.5,2026-08-16
2026-08-14,36,4319,7.0,2026-08-16
2026-08-15,36,3954,6.5,2026-08-16
2026-08-16,36,3669,6.0,2026-08-16
2026-08-17,36,4896,7.0,2026-08-16
2026-08-18,36,5001,7.5,2026-08-16
2026-08-19,36,4617,7.0,2026-08-16
2026-08-20,36,4861,7.5,2026-08-16
2026-08-21,36,4443,7.0,2026-08-16
2026-08-22,36,4279,6.5,2026-08-16
2026-08-23,36,4038,6.0,2026-08-16
2026-08-24,36,5266,7.0,2026-08-16
2026-08-25,36,5244,7.5,2026-08-16
2026-08-26,36,4777,7.5,2026-08-16
2026-08-27,36,4685,7.0,2026-08-16
2026-08-28,36,4402,7.0,2026-08-16
2026-08-29,36,4526,6.5,2026-08-16
2026-08-30,36,4014,6.0,2026-08-16
2026-08-31,36,5167,7.0,2026-08-16
2026-09-01,36,5202,7.5,2026-08-16
2026-09-02,36,4828,7.5,2026-08-16
2026-09-03,36,5094,7.5,2026-08-16
2026-09-04,36,4511,7.0,2026-08-16
2026-09-05,36,4487,6.5,2026-08-16
2026-09-06,36,3824,6.0,2026-08-16
2026-09-07,36,5071,7.0,2026-08-16
2026-09-08,36,5163,7.5,2026-08-16
2026-09-09,36,4785,7.5,2026-08-16
2026-09-10,36,5094,7.5,2026-08-16
2026-09-11,36,4515,7.0,2026-08-16
2026-09-12,36,4482,6.5,2026-08-16
2026-09-13,36,3789,6.0,2026-08-16
2026-09-14,36,5090,7.0,2026-08-16
2026-09-15,36,5234,7.5,2026-08-16
2026-09-16,36,4857,7.5,2026-08-16
2026-09-17,36,5124,7.5,2026-08-16
2026-09-18,36,4515,7.0,2026-08-16
2026-09-19,36,4491,6.5,2026-08-16
2026-09-20,36,3784,6.0,2026-08-16
2026-09-21,36,5107,7.0,2026-08-16
2026-09-22,36,5223,7.5,2026-08-16
2026-09-23,36,4820,7.0,2026-08-16
2026-09-24,36,5131,7.5,2026-08-16
2026-09-25,36,4510,7.0,2026-08-16
2026-09-26,36,4461,6.5,2026-08-16
2026-09-27,36,3760,6.0,2026-08-16
2026-09-28,36,5094,7.0,2026-08-16
2026-09-29,36,5231,7.5,2026-08-16
2026-09-30,36,4835,7.0,2026-08-16
2026-10-01,36,5148,7.5,2026-08-16
2026-10-02,36,4547,7.0,2026-08-16
2026-10-03,36,4541,6.5,2026-08-16
2026-10-04,36,3800,6.0,2026-08-16
2026-10-05,36,5275,7.0,2026-08-16
2026-10-06,36,5462,7.5,2026-08-16
2026-10-07,36,5040,7.0,2026-08-16
2026-10-08,36,5433,7.5,2026-08-16
2026-10-09,36,4785,7.0,2026-08-16
2026-10-10,36,4749,6.5,2026-08-16
2026-10-11,36,3939,6.0,2026-08-16
2026-10-12,36,5515,7.0,2026-08-16
2026-07-15,37,275,1.0,2026-08-16
2026-07-16,37,312,1.0,2026-08-16
2026-07-17,37,300,1.0,2026-08-16
2026-07-18,37,244,1.0,2026-08-16
2026-07-19,37,12,1.0,2026-08-16
2026-07-20,37,262,1.0,2026-08-16
2026-07-21,37,317,1.0,2026-08-16
2026-07-22,37,258,1.0,2026-08-16
2026-07-23,37,291,1.0,2026-08-16
2026-07-24,37,280,1.0,2026-08-16
2026-07-25,37,225,1.0,2026-08-16
2026-07-26,37,11,1.0,2026-08-16
2026-07-27,37,239,1.0,2026-08-16
2026-07-28,37,295,1.0,2026-08-16
2026-07-29,37,239,1.0,2026-08-16
2026-07-30,37,270,1.0,2026-08-16
2026-07-31,37,229,1.0,2026-08-16
2026-08-01,37,203,1.0,2026-08-16
2026-08-02,37,43,1.0,2026-08-16
2026-08-03,37,228,1.0,2026-08-16
2026-08-04,37,266,1.0,2026-08-16
2026-08-05,37,210,1.0,2026-08-16
2026-08-06,37,235,1.0,2026-08-16
2026-08-07,37,225,1.0,2026-08-16
2026-08-08,37,179,1.0,2026-08-16
2026-08-09,37,17,1.0,2026-08-16
2026-08-10,37,190,1.0,2026-08-16
2026-08-11,37,253,1.0,2026-08-16
2026-08-12,37,210,1.0,2026-08-16
2026-08-13,37,246,1.0,2026-08-16
2026-08-14,37,244,1.0,2026-08-16
2026-08-15,37,186,1.0,2026-08-16
2026-08-16,37,56,1.0,2026-08-16
2026-08-17,37,239,1.0,2026-08-16
2026-08-18,37,268,1.0,2026-08-16
2026-08-19,37,210,1.0,2026-08-16
2026-08-20,37,229,1.0,2026-08-16
2026-08-21,37,187,1.0,2026-08-16
2026-08-22,37,157,1.0,2026-08-16
2026-08-23,37,49,1.0,2026-08-16
2026-08-24,37,191,1.0,2026-08-16
2026-08-25,37,205,1.0,2026-08-16
2026-08-26,37,145,1.0,2026-08-16
2026-08-27,37,100,1.0,2026-08-16
2026-08-28,37,97,1.0,2026-08-16
2026-08-29,37,71,1.0,2026-08-16
2026-08-30,37,0,0.0,2026-08-16
2026-08-31,37,90,1.0,2026-08-16
2026-09-01,37,140,1.0,2026-08-16
2026-09-02,37,114,1.0,2026-08-16
2026-09-03,37,151,1.0,2026-08-16
2026-09-04,37,160,1.0,2026-08-16
2026-09-05,37,140,1.0,2026-08-16
2026-09-06,37,14,1.0,2026-08-16
2026-09-07,37,198,1.0,2026-08-16
2026-09-08,37,281,1.0,2026-08-16
2026-09-09,37,257,1.0,2026-08-16
2026-09-10,37,314,1.0,2026-08-16
2026-09-11,37,318,1.0,2026-08-16
2026-09-12,37,263,1.0,2026-08-16
2026-09-13,37,9,1.0,2026-08-16
2026-09-14,37,327,1.0,2026-08-16
2026-09-15,37,403,1.0,2026-08-16
2026-09-16,37,338,1.0,2026-08-16
2026-09-17,37,380,1.0,2026-08-16
2026-09-18,37,364,1.0,2026-08-16
2026-09-19,37,286,1.0,2026-08-16
2026-09-20,37,3,1.0,2026-08-16
2026-09-21,37,367,1.0,2026-08-16
2026-09-22,37,439,1.0,2026-08-16
2026-09-23,37,357,1.0,2026-08-16
2026-09-24,37,413,1.0,2026-08-16
2026-09-25,37,402,1.0,2026-08-16
2026-09-26,37,315,1.0,2026-08-16
2026-09-27,37,6,1.0,2026-08-16
2026-09-28,37,415,1.0,2026-08-16
2026-09-29,37,476,1.0,2026-08-16
2026-09-30,37,383,1.0,2026-08-16
2026-10-01,37,440,1.0,2026-08-16
2026-10-02,37,423,1.0,2026-08-16
2026-10-03,37,327,1.0,2026-08-16
2026-10-04,37,2,1.0,2026-08-16
2026-10-05,37,449,1.0,2026-08-16
2026-10-06,37,500,1.0,2026-08-16
2026-10-07,37,392,1.0,2026-08-16
2026-10-08,37,457,1.0,2026-08-16
2026-10-09,37,440,1.0,2026-08-16
2026-10-10,37,337,1.0,2026-08-16
2026-10-11,37,3,1.0,2026-08-16
2026-10-12,37,485,1.0,2026-08-16
2026-07-15,38,2909,4.5,2026-08-16
2026-07-16,38,3340,4.5,2026-08-16
2026-07-17,38,3051,4.5,2026-08-16
2026-07-18,38,2835,4.0,2026-08-16
2026-07-19,38,2409,3.5,2026-08-16
2026-07-20,38,3190,4.0,2026-08-16
2026-07-21,38,3331,4.5,2026-08-16
2026-07-22,38,2741,4.5,2026-08-16
2026-07-23,38,3132,4.5,2026-08-16
2026-07-24,38,2869,4.5,2026-08-16
2026-07-25,38,2678,3.5,2026-08-16
2026-07-26,38,2292,3.5,2026-08-16
2026-07-27,38,3055,4.0,2026-08-16
2026-07-28,38,3198,4.5,2026-08-16
2026-07-29,38,2638,4.0,2026-08-16
2026-07-30,38,2983,4.5,2026-08-16
2026-07-31,38,2810,4.0,2026-08-16
2026-08-01,38,2851,4.0,2026-08-16
2026-08-02,38,2531,3.5,2026-08-16
2026-08-03,38,3313,4.0,2026-08-16
2026-08-04,38,3398,4.5,2026-08-16
2026-08-05,38,2768,4.5,2026-08-16
2026-08-06,38,3103,4.5,2026-08-16
2026-08-07,38,2836,4.5,2026-08-16
2026-08-08,38,2642,3.5,2026-08-16
2026-08-09,38,2255,3.5,2026-08-16
2026-08-10,38,2996,4.0,2026-08-16
2026-08-11,38,3125,4.5,2026-08-16
2026-08-12,38,2587,4.0,2026-08-16
2026-08-13,38,2936,4.5,2026-08-16
2026-08-14,38,2701,4.0,2026-08-16
2026-08-15,38,2435,4.0,2026-08-16
2026-08-16,38,2169,3.5,2026-08-16
2026-08-17,38,2880,4.0,2026-08-16
2026-08-18,38,2940,4.5,2026-08-16
2026-08-19,38,2404,4.0,2026-08-16
2026-08-20,38,2676,4.0,2026-08-16
2026-08-21,38,2555,4.0,2026-08-16
2026-08-22,38,2521,4.0,2026-08-16
2026-08-23,38,2283,3.5,2026-08-16
2026-08-24,38,2963,4.5,2026-08-16
2026-08-25,38,2980,4.5,2026-08-16
2026-08-26,38,2441,4.5,2026-08-16
2026-08-27,38,2571,4.0,2026-08-16
2026-08-28,38,2435,4.0,2026-08-16
2026-08-29,38,2341,3.5,2026-08-16
2026-08-30,38,2046,3.5,2026-08-16
2026-08-31,38,2688,4.0,2026-08-16
2026-09-01,38,2759,4.0,2026-08-16
2026-09-02,38,2281,4.0,2026-08-16
2026-09-03,38,2554,4.0,2026-08-16
2026-09-04,38,2386,4.0,2026-08-16
2026-09-05,38,2272,3.5,2026-08-16
2026-09-06,38,2009,3.5,2026-08-16
2026-09-07,38,2686,4.0,2026-08-16
2026-09-08,38,2802,4.0,2026-08-16
2026-09-09,38,2348,4.0,2026-08-16
2026-09-10,38,2648,4.0,2026-08-16
2026-09-11,38,2492,4.0,2026-08-16
2026-09-12,38,2379,3.5,2026-08-16
2026-09-13,38,2099,3.0,2026-08-16
2026-09-14,38,2773,4.0,2026-08-16
2026-09-15,38,2877,4.0,2026-08-16
2026-09-16,38,2408,4.0,2026-08-16
2026-09-17,38,2718,4.0,2026-08-16
2026-09-18,38,2562,4.0,2026-08-16
2026-09-19,38,2447,3.5,2026-08-16
2026-09-20,38,2159,3.0,2026-08-16
2026-09-21,38,2848,4.0,2026-08-16
2026-09-22,38,2954,4.0,2026-08-16
2026-09-23,38,2475,4.0,2026-08-16
2026-09-24,38,2790,4.0,2026-08-16
2026-09-25,38,2622,4.0,2026-08-16
2026-09-26,38,2498,3.5,2026-08-16
2026-09-27,38,2200,3.0,2026-08-16
2026-09-28,38,2899,4.0,2026-08-16
2026-09-29,38,3006,4.0,2026-08-16
2026-09-30,38,2513,4.0,2026-08-16
2026-10-01,38,2836,4.0,2026-08-16
2026-10-02,38,2668,4.0,2026-08-16
2026-10-03,38,2539,3.5,2026-08-16
2026-10-04,38,2232,3.5,2026-08-16
2026-10-05,38,2969,4.0,2026-08-16
2026-10-06,38,3090,4.0,2026-08-16
2026-10-07,38,2580,4.0,2026-08-16
2026-10-08,38,2943,4.0,2026-08-16
2026-10-09,38,2775,4.0,2026-08-16
2026-10-10,38,2625,3.5,2026-08-16
2026-10-11,38,2278,3.5,2026-08-16
2026-10-12,38,3025,4.0,2026-08-16
2026-07-15,39,220,1.0,2026-08-16
2026-07-16,39,215,1.0,2026-08-16
2026-07-17,39,181,1.0,2026-08-16
2026-07-18,39,275,1.0,2026-08-16
2026-07-19,39,0,0.0,2026-08-16
2026-07-20,39,83,1.0,2026-08-16
2026-07-21,39,109,1.0,2026-08-16
2026-07-22,39,62,1.0,2026-08-16
2026-07-23,39,40,1.0,2026-08-16
2026-07-24,39,17,1.0,2026-08-16
2026-07-25,39,45,1.0,2026-08-16
2026-07-26,39,0,0.0,2026-08-16
2026-07-27,39,57,1.0,2026-08-16
2026-07-28,39,60,1.0,2026-08-16
2026-07-29,39,39,1.0,2026-08-16
2026-07-30,39,17,1.0,2026-08-16
2026-07-31,39,14,1.0,2026-08-16
2026-08-01,39,38,1.0,2026-08-16
2026-08-02,39,0,0.0,2026-08-16
2026-08-03,39,26,1.0,2026-08-16
2026-08-04,39,5,1.0,2026-08-16
2026-08-05,39,0,0.0,2026-08-16
2026-08-06,39,0,0.0,2026-08-16
2026-08-07,39,0,0.0,2026-08-16
2026-08-08,39,0,0.0,2026-08-16
2026-08-09,39,0,0.0,2026-08-16
2026-08-10,39,21,1.0,2026-08-16
2026-08-11,39,12,1.0,2026-08-16
2026-08-12,39,6,1.0,2026-08-16
2026-08-13,39,0,0.0,2026-08-16
2026-08-14,39,0,0.0,2026-08-16
2026-08-15,39,1,1.0,2026-08-16
2026-08-16,39,0,0.0,2026-08-16
2026-08-17,39,25,1.0,2026-08-16
2026-08-18,39,27,1.0,2026-08-16
2026-08-19,39,7,1.0,2026-08-16
2026-08-20,39,0,0.0,2026-08-16
2026-08-21,39,0,0.0,2026-08-16
2026-08-22,39,1,1.0,2026-08-16
2026-08-23,39,0,0.0,2026-08-16
2026-08-24,39,0,0.0,2026-08-16
2026-08-25,39,0,0.0,2026-08-16
2026-08-26,39,0,0.0,2026-08-16
2026-08-27,39,0,0.0,2026-08-16
2026-08-28,39,0,0.0,2026-08-16
2026-08-29,39,0,0.0,2026-08-16
2026-08-30,39,0,0.0,2026-08-16
2026-08-31,39,0,0.0,2026-08-16
2026-09-01,39,0,0.0,2026-08-16
2026-09-02,39,0,0.0,2026-08-16
2026-09-03,39,0,0.0,2026-08-16
2026-09-04,39,3,1.0,2026-08-16
2026-09-05,39,52,1.0,2026-08-16
2026-09-06,39,28,1.0,2026-08-16
2026-09-07,39,87,1.0,2026-08-16
2026-09-08,39,171,1.0,2026-08-16
2026-09-09,39,205,1.0,2026-08-16
2026-09-10,39,248,1.0,2026-08-16
2026-09-11,39,264,1.0,2026-08-16
2026-09-12,39,407,1.0,2026-08-16
2026-09-13,39,28,1.0,2026-08-16
2026-09-14,39,367,1.0,2026-08-16
2026-09-15,39,455,1.0,2026-08-16
2026-09-16,39,461,1.0,2026-08-16
2026-09-17,39,505,1.0,2026-08-16
2026-09-18,39,512,1.0,2026-08-16
2026-09-19,39,703,1.0,2026-08-16
2026-09-20,39,86,1.0,2026-08-16
2026-09-21,39,507,1.0,2026-08-16
2026-09-22,39,563,1.0,2026-08-16
2026-09-23,39,539,1.0,2026-08-16
2026-09-24,39,590,1.0,2026-08-16
2026-09-25,39,580,1.0,2026-08-16
2026-09-26,39,761,1.0,2026-08-16
2026-09-27,39,48,1.0,2026-08-16
2026-09-28,39,538,1.0,2026-08-16
2026-09-29,39,569,1.0,2026-08-16
2026-09-30,39,543,1.0,2026-08-16
2026-10-01,39,596,1.0,2026-08-16
2026-10-02,39,574,1.0,2026-08-16
2026-10-03,39,752,1.0,2026-08-16
2026-10-04,39,1,1.0,2026-08-16
2026-10-05,39,523,1.0,2026-08-16
2026-10-06,39,531,1.0,2026-08-16
2026-10-07,39,499,1.0,2026-08-16
2026-10-08,39,557,1.0,2026-08-16
2026-10-09,39,536,1.0,2026-08-16
2026-10-10,39,717,1.0,2026-08-16
2026-10-11,39,0,0.0,2026-08-16
2026-10-12,39,515,1.0,2026-08-16
2026-07-15,40,3347,5.0,2026-08-16
2026-07-16,40,3541,5.0,2026-08-16
2026-07-17,40,3124,5.0,2026-08-16
2026-07-18,40,2931,4.5,2026-08-16
2026-07-19,40,2534,4.0,2026-08-16
2026-07-20,40,3733,5.0,2026-08-16
2026-07-21,40,3466,5.0,2026-08-16
2026-07-22,40,3233,5.0,2026-08-16
2026-07-23,40,3409,5.0,2026-08-16
2026-07-24,40,2993,5.0,2026-08-16
2026-07-25,40,2809,4.5,2026-08-16
2026-07-26,40,2436,4.0,2026-08-16
2026-07-27,40,3598,4.5,2026-08-16
2026-07-28,40,3385,5.0,2026-08-16
2026-07-29,40,3166,5.0,2026-08-16
2026-07-30,40,3337,5.0,2026-08-16
2026-07-31,40,3184,4.5,2026-08-16
2026-08-01,40,3167,4.5,2026-08-16
2026-08-02,40,2811,4.0,2026-08-16
2026-08-03,40,4071,5.0,2026-08-16
2026-08-04,40,3723,5.0,2026-08-16
2026-08-05,40,3429,5.0,2026-08-16
2026-08-06,40,3587,5.0,2026-08-16
2026-08-07,40,3135,5.0,2026-08-16
2026-08-08,40,2929,4.5,2026-08-16
2026-08-09,40,2515,4.0,2026-08-16
2026-08-10,40,3724,5.0,2026-08-16
2026-08-11,40,3463,5.0,2026-08-16
2026-08-12,40,3222,5.0,2026-08-16
2026-08-13,40,3409,5.0,2026-08-16
2026-08-14,40,2983,5.0,2026-08-16
2026-08-15,40,2863,4.5,2026-08-16
2026-08-16,40,2688,4.0,2026-08-16
2026-08-17,40,3946,5.0,2026-08-16
2026-08-18,40,3597,5.0,2026-08-16
2026-08-19,40,3308,5.0,2026-08-16
2026-08-20,40,3451,5.0,2026-08-16
2026-08-21,40,3271,5.0,2026-08-16
2026-08-22,40,3312,5.0,2026-08-16
2026-08-23,40,3094,4.5,2026-08-16
2026-08-24,40,4373,5.5,2026-08-16
2026-08-25,40,3916,5.5,2026-08-16
2026-08-26,40,3585,5.5,2026-08-16
2026-08-27,40,3612,5.0,2026-08-16
2026-08-28,40,3342,5.0,2026-08-16
2026-08-29,40,3193,5.0,2026-08-16
2026-08-30,40,2773,4.0,2026-08-16
2026-08-31,40,4026,5.0,2026-08-16
2026-09-01,40,3669,5.0,2026-08-16
2026-09-02,40,3376,5.0,2026-08-16
2026-09-03,40,3538,5.0,2026-08-16
2026-09-04,40,3069,5.0,2026-08-16
2026-09-05,40,2856,4.5,2026-08-16
2026-09-06,40,2444,4.0,2026-08-16
2026-09-07,40,3752,5.0,2026-08-16
2026-09-08,40,3458,5.0,2026-08-16
2026-09-09,40,3197,5.0,2026-08-16
2026-09-10,40,3369,5.0,2026-08-16
2026-09-11,40,2937,5.0,2026-08-16
2026-09-12,40,2743,4.5,2026-08-16
2026-09-13,40,2359,4.0,2026-08-16
2026-09-14,40,3643,5.0,2026-08-16
2026-09-15,40,3371,5.0,2026-08-16
2026-09-16,40,3107,5.0,2026-08-16
2026-09-17,40,3312,5.0,2026-08-16
2026-09-18,40,2900,5.0,2026-08-16
2026-09-19,40,2693,4.5,2026-08-16
2026-09-20,40,2317,4.0,2026-08-16
2026-09-21,40,3586,5.0,2026-08-16
2026-09-22,40,3326,5.0,2026-08-16
2026-09-23,40,3065,5.0,2026-08-16
2026-09-24,40,3231,5.0,2026-08-16
2026-09-25,40,2827,5.0,2026-08-16
2026-09-26,40,2642,4.5,2026-08-16
2026-09-27,40,2285,4.0,2026-08-16
2026-09-28,40,3548,5.0,2026-08-16
2026-09-29,40,3310,5.0,2026-08-16
2026-09-30,40,3060,5.0,2026-08-16
2026-10-01,40,3229,5.0,2026-08-16
2026-10-02,40,2826,5.0,2026-08-16
2026-10-03,40,2648,4.5,2026-08-16
2026-10-04,40,2295,4.0,2026-08-16
2026-10-05,40,3654,5.0,2026-08-16
2026-10-06,40,3382,5.0,2026-08-16
2026-10-07,40,3122,5.0,2026-08-16
2026-10-08,40,3310,5.0,2026-08-16
2026-10-09,40,2898,5.0,2026-08-16
2026-10-10,40,2716,4.5,2026-08-16
2026-10-11,40,2344,4.0,2026-08-16
2026-10-12,40,3755,5.0,2026-08-16
2026-07-15,41,4822,8.5,2026-08-16
2026-07-16,41,5657,8.5,2026-08-16
2026-07-17,41,4826,8.5,2026-08-16
2026-07-18,41,4208,7.5,2026-08-16
2026-07-19,41,3555,6.5,2026-08-16
2026-07-20,41,5927,8.5,2026-08-16
2026-07-21,41,5251,8.5,2026-08-16
2026-07-22,41,4763,8.5,2026-08-16
2026-07-23,41,5595,8.5,2026-08-16
2026-07-24,41,4760,8.5,2026-08-16
2026-07-25,41,4122,7.5,2026-08-16
2026-07-26,41,3516,6.5,2026-08-16
2026-07-27,41,5940,8.5,2026-08-16
2026-07-28,41,5295,8.5,2026-08-16
2026-07-29,41,4816,8.5,2026-08-16
2026-07-30,41,5679,8.5,2026-08-16
2026-07-31,41,5175,8.0,2026-08-16
2026-08-01,41,4934,8.0,2026-08-16
2026-08-02,41,4287,7.0,2026-08-16
2026-08-03,41,6938,8.5,2026-08-16
2026-08-04,41,5965,9.0,2026-08-16
2026-08-05,41,5329,8.5,2026-08-16
2026-08-06,41,6207,8.5,2026-08-16
2026-08-07,41,5132,8.5,2026-08-16
2026-08-08,41,4322,7.5,2026-08-16
2026-08-09,41,3557,6.5,2026-08-16
2026-08-10,41,6124,8.5,2026-08-16
2026-08-11,41,5298,8.5,2026-08-16
2026-08-12,41,4776,8.5,2026-08-16
2026-08-13,41,5692,9.0,2026-08-16
2026-08-14,41,4787,8.5,2026-08-16
2026-08-15,41,4433,7.5,2026-08-16
2026-08-16,41,4107,7.0,2026-08-16
2026-08-17,41,6804,9.0,2026-08-16
2026-08-18,41,5811,9.0,2026-08-16
2026-08-19,41,5172,8.5,2026-08-16
2026-08-20,41,6040,9.0,2026-08-16
2026-08-21,41,5315,8.5,2026-08-16
2026-08-22,41,5372,8.0,2026-08-16
2026-08-23,41,4847,7.5,2026-08-16
2026-08-24,41,7529,9.0,2026-08-16
2026-08-25,41,6194,9.0,2026-08-16
2026-08-26,41,5444,9.0,2026-08-16
2026-08-27,41,5792,8.5,2026-08-16
2026-08-28,41,5503,9.0,2026-08-16
2026-08-29,41,4895,7.5,2026-08-16
2026-08-30,41,4071,7.0,2026-08-16
2026-08-31,41,6780,9.0,2026-08-16
2026-09-01,41,5699,9.0,2026-08-16
2026-09-02,41,5075,9.0,2026-08-16
2026-09-03,41,6067,9.0,2026-08-16
2026-09-04,41,5038,9.0,2026-08-16
2026-09-05,41,4275,7.5,2026-08-16
2026-09-06,41,3557,6.5,2026-08-16
2026-09-07,41,6327,8.5,2026-08-16
2026-09-08,41,5375,8.5,2026-08-16
2026-09-09,41,4760,8.5,2026-08-16
2026-09-10,41,5715,8.5,2026-08-16
2026-09-11,41,4748,8.5,2026-08-16
2026-09-12,41,4064,7.0,2026-08-16
2026-09-13,41,3404,6.5,2026-08-16
2026-09-14,41,6104,8.5,2026-08-16
2026-09-15,41,5274,8.5,2026-08-16
2026-09-16,41,4718,8.5,2026-08-16
2026-09-17,41,5714,8.5,2026-08-16
2026-09-18,41,4840,8.5,2026-08-16
2026-09-19,41,4160,7.5,2026-08-16
2026-09-20,41,3527,6.5,2026-08-16
2026-09-21,41,6242,8.5,2026-08-16
2026-09-22,41,5428,8.5,2026-08-16
2026-09-23,41,4857,8.5,2026-08-16
2026-09-24,41,5812,8.5,2026-08-16
2026-09-25,41,4884,8.5,2026-08-16
2026-09-26,41,4200,7.5,2026-08-16
2026-09-27,41,3558,6.5,2026-08-16
2026-09-28,41,6254,8.5,2026-08-16
2026-09-29,41,5441,8.5,2026-08-16
2026-09-30,41,4885,8.5,2026-08-16
2026-10-01,41,5845,9.0,2026-08-16
2026-10-02,41,4904,9.0,2026-08-16
2026-10-03,41,4227,7.5,2026-08-16
2026-10-04,41,3575,6.5,2026-08-16
2026-10-05,41,6383,8.5,2026-08-16
2026-10-06,41,5471,9.0,2026-08-16
2026-10-07,41,4833,8.5,2026-08-16
2026-10-08,41,5815,9.0,2026-08-16
2026-10-09,41,4862,9.0,2026-08-16
2026-10-10,41,4150,7.0,2026-08-16
2026-10-11,41,3487,6.5,2026-08-16
2026-10-12,41,6315,8.5,2026-08-16
2026-07-15,42,5472,9.0,2026-08-16
2026-07-16,42,5811,9.0,2026-08-16
2026-07-17,42,5312,9.0,2026-08-16
2026-07-18,42,5771,9.0,2026-08-16
2026-07-19,42,6312,9.0,2026-08-16
2026-07-20,42,5901,9.0,2026-08-16
2026-07-21,42,5695,9.0,2026-08-16
2026-07-22,42,5376,9.0,2026-08-16
2026-07-23,42,5709,9.0,2026-08-16
2026-07-24,42,5211,9.0,2026-08-16
2026-07-25,42,5644,9.0,2026-08-16
2026-07-26,42,6177,9.0,2026-08-16
2026-07-27,42,5781,9.0,2026-08-16
2026-07-28,42,5556,9.0,2026-08-16
2026-07-29,42,5220,9.0,2026-08-16
2026-07-30,42,5498,9.0,2026-08-16
2026-07-31,42,5412,9.0,2026-08-16
2026-08-01,42,5898,9.0,2026-08-16
2026-08-02,42,6481,9.0,2026-08-16
2026-08-03,42,6179,9.0,2026-08-16
2026-08-04,42,5896,9.0,2026-08-16
2026-08-05,42,5485,9.0,2026-08-16
2026-08-06,42,5633,9.0,2026-08-16
2026-08-07,42,5063,9.0,2026-08-16
2026-08-08,42,5344,9.0,2026-08-16
2026-08-09,42,5808,9.0,2026-08-16
2026-08-10,42,5648,9.0,2026-08-16
2026-08-11,42,5481,9.0,2026-08-16
2026-08-12,42,5177,9.0,2026-08-16
2026-08-13,42,5413,9.0,2026-08-16
2026-08-14,42,5006,9.0,2026-08-16
2026-08-15,42,5048,9.0,2026-08-16
2026-08-16,42,5531,9.0,2026-08-16
2026-08-17,42,5629,9.0,2026-08-16
2026-08-18,42,5485,9.0,2026-08-16
2026-08-19,42,5181,9.0,2026-08-16
2026-08-20,42,5328,9.0,2026-08-16
2026-08-21,42,5454,9.0,2026-08-16
2026-08-22,42,5686,9.0,2026-08-16
2026-08-23,42,6037,9.0,2026-08-16
2026-08-24,42,6033,9.0,2026-08-16
2026-08-25,42,5747,9.0,2026-08-16
2026-08-26,42,5364,9.0,2026-08-16
2026-08-27,42,5693,9.0,2026-08-16
2026-08-28,42,5265,9.0,2026-08-16
2026-08-29,42,5553,9.0,2026-08-16
2026-08-30,42,6013,9.0,2026-08-16
2026-08-31,42,6004,9.0,2026-08-16
2026-09-01,42,5794,9.0,2026-08-16
2026-09-02,42,5444,9.0,2026-08-16
2026-09-03,42,5613,9.0,2026-08-16
2026-09-04,42,5177,9.0,2026-08-16
2026-09-05,42,5480,9.0,2026-08-16
2026-09-06,42,5955,9.0,2026-08-16
2026-09-07,42,5902,9.0,2026-08-16
2026-09-08,42,5746,9.0,2026-08-16
2026-09-09,42,5446,9.0,2026-08-16
2026-09-10,42,5710,9.0,2026-08-16
2026-09-11,42,5319,9.0,2026-08-16
2026-09-12,42,5693,9.0,2026-08-16
2026-09-13,42,6093,9.0,2026-08-16
2026-09-14,42,5875,8.5,2026-08-16
2026-09-15,42,5602,8.5,2026-08-16
2026-09-16,42,5256,9.0,2026-08-16
2026-09-17,42,5487,8.5,2026-08-16
2026-09-18,42,5092,8.5,2026-08-16
2026-09-19,42,5402,8.5,2026-08-16
2026-09-20,42,5810,8.5,2026-08-16
2026-09-21,42,5672,8.5,2026-08-16
2026-09-22,42,5464,8.5,2026-08-16
2026-09-23,42,5173,8.5,2026-08-16
2026-09-24,42,5400,8.5,2026-08-16
2026-09-25,42,5048,8.5,2026-08-16
2026-09-26,42,5433,8.5,2026-08-16
2026-09-27,42,5867,8.5,2026-08-16
2026-09-28,42,5776,8.5,2026-08-16
2026-09-29,42,5584,8.5,2026-08-16
2026-09-30,42,5292,8.5,2026-08-16
2026-10-01,42,5528,8.5,2026-08-16
2026-10-02,42,5150,8.5,2026-08-16
2026-10-03,42,5474,8.5,2026-08-16
2026-10-04,42,5814,8.5,2026-08-16
2026-10-05,42,5690,8.5,2026-08-16
2026-10-06,42,5439,8.5,2026-08-16
2026-10-07,42,5111,8.5,2026-08-16
2026-10-08,42,5303,8.5,2026-08-16
2026-10-09,42,5013,8.5,2026-08-16
2026-10-10,42,5354,8.5,2026-08-16
2026-10-11,42,5689,8.5,2026-08-16
2026-10-12,42,5704,8.5,2026-08-16
2026-07-15,43,1364,2.0,2026-08-16
2026-07-16,43,1107,2.0,2026-08-16
2026-07-17,43,900,2.0,2026-08-16
2026-07-18,43,772,2.0,2026-08-16
2026-07-19,43,889,2.0,2026-08-16
2026-07-20,43,1264,2.0,2026-08-16
2026-07-21,43,1027,2.0,2026-08-16
2026-07-22,43,1255,2.0,2026-08-16
2026-07-23,43,1037,2.0,2026-08-16
2026-07-24,43,849,2.0,2026-08-16
2026-07-25,43,748,2.0,2026-08-16
2026-07-26,43,879,2.0,2026-08-16
2026-07-27,43,1265,2.0,2026-08-16
2026-07-28,43,1039,2.0,2026-08-16
2026-07-29,43,1265,2.0,2026-08-16
2026-07-30,43,1043,2.0,2026-08-16
2026-07-31,43,967,2.0,2026-08-16
2026-08-01,43,932,2.0,2026-08-16
2026-08-02,43,1078,2.0,2026-08-16
2026-08-03,43,1453,2.0,2026-08-16
2026-08-04,43,1158,2.0,2026-08-16
2026-08-05,43,1365,2.0,2026-08-16
2026-08-06,43,1096,2.0,2026-08-16
2026-08-07,43,888,2.0,2026-08-16
2026-08-08,43,779,2.0,2026-08-16
2026-08-09,43,913,2.0,2026-08-16
2026-08-10,43,1296,2.0,2026-08-16
2026-08-11,43,1057,2.0,2026-08-16
2026-08-12,43,1285,2.0,2026-08-16
2026-08-13,43,1073,2.0,2026-08-16
2026-08-14,43,900,2.0,2026-08-16
2026-08-15,43,871,2.0,2026-08-16
2026-08-16,43,1033,2.0,2026-08-16
2026-08-17,43,1402,2.0,2026-08-16
2026-08-18,43,1114,2.0,2026-08-16
2026-08-19,43,1310,2.0,2026-08-16
2026-08-20,43,1063,2.0,2026-08-16
2026-08-21,43,986,2.0,2026-08-16
2026-08-22,43,1050,2.0,2026-08-16
2026-08-23,43,1221,2.0,2026-08-16
2026-08-24,43,1563,2.0,2026-08-16
2026-08-25,43,1211,2.0,2026-08-16
2026-08-26,43,1401,2.0,2026-08-16
2026-08-27,43,1202,2.0,2026-08-16
2026-08-28,43,1081,2.0,2026-08-16
2026-08-29,43,979,2.0,2026-08-16
2026-08-30,43,1124,2.0,2026-08-16
2026-08-31,43,1509,2.0,2026-08-16
2026-09-01,43,1215,2.0,2026-08-16
2026-09-02,43,1458,2.0,2026-08-16
2026-09-03,43,1202,2.0,2026-08-16
2026-09-04,43,1014,2.0,2026-08-16
2026-09-05,43,918,2.0,2026-08-16
2026-09-06,43,1071,2.0,2026-08-16
2026-09-07,43,1456,2.0,2026-08-16
2026-09-08,43,1155,2.0,2026-08-16
2026-09-09,43,1378,2.0,2026-08-16
2026-09-10,43,1126,2.0,2026-08-16
2026-09-11,43,946,2.0,2026-08-16
2026-09-12,43,859,2.0,2026-08-16
2026-09-13,43,1005,2.0,2026-08-16
2026-09-14,43,1383,2.0,2026-08-16
2026-09-15,43,1094,2.0,2026-08-16
2026-09-16,43,1307,2.0,2026-08-16
2026-09-17,43,1078,2.0,2026-08-16
2026-09-18,43,894,2.0,2026-08-16
2026-09-19,43,785,2.0,2026-08-16
2026-09-20,43,910,2.0,2026-08-16
2026-09-21,43,1291,2.0,2026-08-16
2026-09-22,43,1025,2.0,2026-08-16
2026-09-23,43,1236,2.0,2026-08-16
2026-09-24,43,1018,2.0,2026-08-16
2026-09-25,43,853,2.0,2026-08-16
2026-09-26,43,780,2.0,2026-08-16
2026-09-27,43,930,2.0,2026-08-16
2026-09-28,43,1310,2.0,2026-08-16
2026-09-29,43,1045,2.0,2026-08-16
2026-09-30,43,1248,2.0,2026-08-16
2026-10-01,43,1030,2.0,2026-08-16
2026-10-02,43,858,2.0,2026-08-16
2026-10-03,43,783,2.0,2026-08-16
2026-10-04,43,927,2.0,2026-08-16
2026-10-05,43,1278,2.0,2026-08-16
2026-10-06,43,992,2.0,2026-08-16
2026-10-07,43,1162,2.0,2026-08-16
2026-10-08,43,957,2.0,2026-08-16
2026-10-09,43,823,2.0,2026-08-16
2026-10-10,43,785,2.0,2026-08-16
2026-10-11,43,945,2.0,2026-08-16
2026-10-12,43,1305,2.0,2026-08-16
2026-07-15,5,8323,8.0,2026-08-16
2026-07-16,5,8215,8.5,2026-08-16
2026-07-17,5,7483,8.0,2026-08-16
2026-07-18,5,7442,7.5,2026-08-16
2026-07-19,5,6501,6.0,2026-08-16
2026-07-20,5,7670,8.0,2026-08-16
2026-07-21,5,7610,8.0,2026-08-16
2026-07-22,5,7408,7.5,2026-08-16
2026-07-23,5,7166,7.5,2026-08-16
2026-07-24,5,6438,7.5,2026-08-16
2026-07-25,5,6421,7.0,2026-08-16
2026-07-26,5,5567,6.0,2026-08-16
2026-07-27,5,6748,7.5,2026-08-16
2026-07-28,5,6901,7.5,2026-08-16
2026-07-29,5,6854,7.5,2026-08-16
2026-07-30,5,6697,7.5,2026-08-16
2026-07-31,5,6000,7.0,2026-08-16
2026-08-01,5,6473,7.0,2026-08-16
2026-08-02,5,5928,6.0,2026-08-16
2026-08-03,5,7150,7.5,2026-08-16
2026-08-04,5,7196,8.0,2026-08-16
2026-08-05,5,7041,7.5,2026-08-16
2026-08-06,5,6794,7.5,2026-08-16
2026-08-07,5,6041,7.5,2026-08-16
2026-08-08,5,5923,6.5,2026-08-16
2026-08-09,5,5043,5.5,2026-08-16
2026-08-10,5,6246,7.5,2026-08-16
2026-08-11,5,6407,7.5,2026-08-16
2026-08-12,5,6329,7.5,2026-08-16
2026-08-13,5,6195,7.5,2026-08-16
2026-08-14,5,5551,7.0,2026-08-16
2026-08-15,5,4889,6.0,2026-08-16
2026-08-16,5,4757,6.0,2026-08-16
2026-08-17,5,6195,7.5,2026-08-16
2026-08-18,5,6503,7.5,2026-08-16
2026-08-19,5,6503,7.5,2026-08-16
2026-08-20,5,6407,7.5,2026-08-16
2026-08-21,5,5943,7.0,2026-08-16
2026-08-22,5,5903,7.0,2026-08-16
2026-08-23,5,5984,7.0,2026-08-16
2026-08-24,5,7271,8.0,2026-08-16
2026-08-25,5,7360,8.0,2026-08-16
2026-08-26,5,7231,7.5,2026-08-16
2026-08-27,5,6829,7.5,2026-08-16
2026-08-28,5,6531,7.5,2026-08-16
2026-08-29,5,6653,7.0,2026-08-16
2026-08-30,5,6042,6.5,2026-08-16
2026-08-31,5,7195,8.0,2026-08-16
2026-09-01,5,7249,8.0,2026-08-16
2026-09-02,5,7135,7.5,2026-08-16
2026-09-03,5,6969,7.5,2026-08-16
2026-09-04,5,6324,7.5,2026-08-16
2026-09-05,5,6188,7.0,2026-08-16
2026-09-06,5,5335,6.0,2026-08-16
2026-09-07,5,6884,7.5,2026-08-16
2026-09-08,5,7167,7.5,2026-08-16
2026-09-09,5,7186,7.5,2026-08-16
2026-09-10,5,7118,7.5,2026-08-16
2026-09-11,5,6523,7.5,2026-08-16
2026-09-12,5,6367,7.0,2026-08-16
2026-09-13,5,5550,6.0,2026-08-16
2026-09-14,5,7301,7.5,2026-08-16
2026-09-15,5,7617,8.0,2026-08-16
2026-09-16,5,7665,7.5,2026-08-16
2026-09-17,5,7694,8.0,2026-08-16
2026-09-18,5,7134,7.5,2026-08-16
2026-09-19,5,6904,7.0,2026-08-16
2026-09-20,5,6004,6.0,2026-08-16
2026-09-21,5,7753,8.0,2026-08-16
2026-09-22,5,8008,8.0,2026-08-16
2026-09-23,5,7996,8.0,2026-08-16
2026-09-24,5,7885,8.0,2026-08-16
2026-09-25,5,7218,7.5,2026-08-16
2026-09-26,5,7005,7.0,2026-08-16
2026-09-27,5,6081,6.0,2026-08-16
2026-09-28,5,7829,8.0,2026-08-16
2026-09-29,5,8061,8.0,2026-08-16
2026-09-30,5,8035,8.0,2026-08-16
2026-10-01,5,7889,8.0,2026-08-16
2026-10-02,5,7190,7.5,2026-08-16
2026-10-03,5,6905,7.0,2026-08-16
2026-10-04,5,5860,6.0,2026-08-16
2026-10-05,5,7809,8.0,2026-08-16
2026-10-06,5,8069,8.0,2026-08-16
2026-10-07,5,8051,8.0,2026-08-16
2026-10-08,5,7903,8.0,2026-08-16
2026-10-09,5,7136,7.5,2026-08-16
2026-10-10,5,6777,7.0,2026-08-16
2026-10-11,5,5680,6.0,2026-08-16
2026-10-12,5,7708,8.0,2026-08-16
2026-07-15,6,3867,4.0,2026-08-16
2026-07-16,6,4121,4.5,2026-08-16
2026-07-17,6,3687,4.0,2026-08-16
2026-07-18,6,3094,3.5,2026-08-16
2026-07-19,6,1569,2.5,2026-08-16
2026-07-20,6,3669,3.5,2026-08-16
2026-07-21,6,3862,4.0,2026-08-16
2026-07-22,6,3402,3.5,2026-08-16
2026-07-23,6,3524,4.0,2026-08-16
2026-07-24,6,3124,3.5,2026-08-16
2026-07-25,6,2631,3.0,2026-08-16
2026-07-26,6,1333,2.0,2026-08-16
2026-07-27,6,3258,3.0,2026-08-16
2026-07-28,6,3503,3.5,2026-08-16
2026-07-29,6,3129,3.5,2026-08-16
2026-07-30,6,3258,3.5,2026-08-16
2026-07-31,6,2899,3.0,2026-08-16
2026-08-01,6,2688,3.0,2026-08-16
2026-08-02,6,1831,2.0,2026-08-16
2026-08-03,6,3446,3.0,2026-08-16
2026-08-04,6,3554,3.0,2026-08-16
2026-08-05,6,3089,3.0,2026-08-16
2026-08-06,6,3146,3.5,2026-08-16
2026-08-07,6,2765,3.0,2026-08-16
2026-08-08,6,2308,3.0,2026-08-16
2026-08-09,6,1209,2.0,2026-08-16
2026-08-10,6,2989,3.0,2026-08-16
2026-08-11,6,3284,3.5,2026-08-16
2026-08-12,6,2986,3.5,2026-08-16
2026-08-13,6,3155,3.5,2026-08-16
2026-08-14,6,2850,3.5,2026-08-16
2026-08-15,6,2480,3.0,2026-08-16
2026-08-16,6,1930,2.0,2026-08-16
2026-08-17,6,3819,3.0,2026-08-16
2026-08-18,6,3949,3.5,2026-08-16
2026-08-19,6,3436,3.5,2026-08-16
2026-08-20,6,3455,3.5,2026-08-16
2026-08-21,6,3040,3.0,2026-08-16
2026-08-22,6,2943,3.0,2026-08-16
2026-08-23,6,2375,2.0,2026-08-16
2026-08-24,6,4042,3.0,2026-08-16
2026-08-25,6,3967,3.5,2026-08-16
2026-08-26,6,3328,3.5,2026-08-16
2026-08-27,6,3009,3.0,2026-08-16
2026-08-28,6,2827,3.0,2026-08-16
2026-08-29,6,2508,3.0,2026-08-16
2026-08-30,6,1518,2.0,2026-08-16
2026-08-31,6,3395,3.0,2026-08-16
2026-09-01,6,3645,3.5,2026-08-16
2026-09-02,6,3336,3.5,2026-08-16
2026-09-03,6,3579,4.0,2026-08-16
2026-09-04,6,3313,4.0,2026-08-16
2026-09-05,6,2901,3.5,2026-08-16
2026-09-06,6,1533,2.5,2026-08-16
2026-09-07,6,4085,4.0,2026-08-16
2026-09-08,6,4501,4.5,2026-08-16
2026-09-09,6,4199,4.5,2026-08-16
2026-09-10,6,4536,4.5,2026-08-16
2026-09-11,6,4178,4.5,2026-08-16
2026-09-12,6,3612,4.0,2026-08-16
2026-09-13,6,1812,2.5,2026-08-16
2026-09-14,6,4853,4.5,2026-08-16
2026-09-15,6,5198,5.0,2026-08-16
2026-09-16,6,4746,5.0,2026-08-16
2026-09-17,6,5048,5.0,2026-08-16
2026-09-18,6,4557,5.0,2026-08-16
2026-09-19,6,3834,4.0,2026-08-16
2026-09-20,6,1791,2.5,2026-08-16
2026-09-21,6,4845,4.5,2026-08-16
2026-09-22,6,5129,5.0,2026-08-16
2026-09-23,6,4661,5.0,2026-08-16
2026-09-24,6,4985,5.0,2026-08-16
2026-09-25,6,4537,5.0,2026-08-16
2026-09-26,6,3886,4.0,2026-08-16
2026-09-27,6,1864,2.5,2026-08-16
2026-09-28,6,5285,4.5,2026-08-16
2026-09-29,6,5632,5.0,2026-08-16
2026-09-30,6,5148,5.0,2026-08-16
2026-10-01,6,5505,5.5,2026-08-16
2026-10-02,6,5010,5.0,2026-08-16
2026-10-03,6,4281,4.0,2026-08-16
2026-10-04,6,1983,2.5,2026-08-16
2026-10-05,6,5811,5.0,2026-08-16
2026-10-06,6,6256,5.5,2026-08-16
2026-10-07,6,5755,5.0,2026-08-16
2026-10-08,6,6256,5.5,2026-08-16
2026-10-09,6,5708,5.0,2026-08-16
2026-10-10,6,4635,4.0,2026-08-16
2026-10-11,6,2017,2.5,2026-08-16
2026-10-12,6,6190,5.0,2026-08-16
2026-07-01,73,0,0.0,2026-08-16
2026-07-02,73,0,0.0,2026-08-16
2026-07-03,73,0,0.0,2026-08-16
2026-07-04,73,0,0.0,2026-08-16
2026-07-05,73,0,0.0,2026-08-16
2026-07-06,73,0,0.0,2026-08-16
2026-07-07,73,0,0.0,2026-08-16
2026-07-08,73,0,0.0,2026-08-16
2026-07-09,73,0,0.0,2026-08-16
2026-07-10,73,0,0.0,2026-08-16
2026-07-11,73,0,0.0,2026-08-16
2026-07-12,73,0,0.0,2026-08-16
2026-07-13,73,0,0.0,2026-08-16
2026-07-14,73,0,0.0,2026-08-16
2026-07-15,73,0,0.0,2026-08-16
2026-07-16,73,0,0.0,2026-08-16
2026-07-17,73,0,0.0,2026-08-16
2026-07-18,73,0,0.0,2026-08-16
2026-07-19,73,0,0.0,2026-08-16
2026-07-20,73,0,0.0,2026-08-16
2026-07-21,73,0,0.0,2026-08-16
2026-07-22,73,0,0.0,2026-08-16
2026-07-23,73,0,0.0,2026-08-16
2026-07-24,73,0,0.0,2026-08-16
2026-07-25,73,0,0.0,2026-08-16
2026-07-26,73,0,0.0,2026-08-16
2026-07-27,73,0,0.0,2026-08-16
2026-07-28,73,0,0.0,2026-08-16
2026-07-29,73,0,0.0,2026-08-16
2026-07-30,73,0,0.0,2026-08-16
2026-07-31,73,0,0.0,2026-08-16
2026-08-01,73,0,0.0,2026-08-16
2026-08-02,73,0,0.0,2026-08-16
2026-08-03,73,0,0.0,2026-08-16
2026-08-04,73,0,0.0,2026-08-16
2026-08-05,73,0,0.0,2026-08-16
2026-08-06,73,0,0.0,2026-08-16
2026-08-07,73,0,0.0,2026-08-16
2026-08-08,73,0,0.0,2026-08-16
2026-08-09,73,0,0.0,2026-08-16
2026-08-10,73,0,0.0,2026-08-16
2026-08-11,73,0,0.0,2026-08-16
2026-08-12,73,0,0.0,2026-08-16
2026-08-13,73,0,0.0,2026-08-16
2026-08-14,73,0,0.0,2026-08-16
2026-08-15,73,0,0.0,2026-08-16
2026-08-16,73,0,0.0,2026-08-16
2026-08-17,73,0,0.0,2026-08-16
2026-08-18,73,0,0.0,2026-08-16
2026-08-19,73,0,0.0,2026-08-16
2026-08-20,73,0,0.0,2026-08-16
2026-08-21,73,0,0.0,2026-08-16
2026-08-22,73,0,0.0,2026-08-16
2026-08-23,73,0,0.0,2026-08-16
2026-08-24,73,0,0.0,2026-08-16
2026-08-25,73,0,0.0,2026-08-16
2026-08-26,73,0,0.0,2026-08-16
2026-08-27,73,0,0.0,2026-08-16
2026-08-28,73,0,0.0,2026-08-16
2026-08-29,73,0,0.0,2026-08-16
2026-08-30,73,0,0.0,2026-08-16
2026-08-31,73,0,0.0,2026-08-16
2026-09-01,73,541,1.0,2026-08-16
2026-09-02,73,511,1.0,2026-08-16
2026-09-03,73,529,1.0,2026-08-16
2026-09-04,73,457,1.0,2026-08-16
2026-09-05,73,185,1.0,2026-08-16
2026-09-06,73,2,1.0,2026-08-16
2026-09-07,73,407,1.0,2026-08-16
2026-09-08,73,523,1.0,2026-08-16
2026-09-09,73,524,1.0,2026-08-16
2026-09-10,73,593,1.0,2026-08-16
2026-09-11,73,541,1.0,2026-08-16
2026-09-12,73,208,1.0,2026-08-16
2026-09-13,73,0,0.0,2026-08-16
2026-09-14,73,697,1.0,2026-08-16
2026-09-15,73,818,1.0,2026-08-16
2026-09-16,73,833,1.0,2026-08-16
2026-09-17,73,904,1.0,2026-08-16
2026-09-18,73,785,1.0,2026-08-16
2026-09-19,73,382,1.0,2026-08-16
2026-09-20,73,174,1.0,2026-08-16
2026-09-21,73,954,1.0,2026-08-16
2026-09-22,73,1027,1.0,2026-08-16
2026-09-23,73,1005,1.0,2026-08-16
2026-09-24,73,1030,1.0,2026-08-16
2026-09-25,73,849,1.0,2026-08-16
2026-09-26,73,379,1.0,2026-08-16
2026-09-27,73,84,1.0,2026-08-16
2026-09-28,73,823,1.0,2026-08-16
2026-07-15,8,5995,5.5,2026-08-16
2026-07-16,8,5940,5.5,2026-08-16
2026-07-17,8,5462,5.5,2026-08-16
2026-07-18,8,5381,5.5,2026-08-16
2026-07-19,8,4655,4.5,2026-08-16
2026-07-20,8,5590,5.5,2026-08-16
2026-07-21,8,5703,5.5,2026-08-16
2026-07-22,8,5670,5.5,2026-08-16
2026-07-23,8,5530,5.5,2026-08-16
2026-07-24,8,5062,5.5,2026-08-16
2026-07-25,8,4950,5.5,2026-08-16
2026-07-26,8,4258,4.5,2026-08-16
2026-07-27,8,5176,5.5,2026-08-16
2026-07-28,8,5380,5.5,2026-08-16
2026-07-29,8,5410,5.5,2026-08-16
2026-07-30,8,5276,5.5,2026-08-16
2026-07-31,8,4819,5.0,2026-08-16
2026-08-01,8,4851,5.5,2026-08-16
2026-08-02,8,4180,4.5,2026-08-16
2026-08-03,8,5033,5.5,2026-08-16
2026-08-04,8,5214,5.5,2026-08-16
2026-08-05,8,5240,5.5,2026-08-16
2026-08-06,8,5098,5.5,2026-08-16
2026-08-07,8,4629,5.5,2026-08-16
2026-08-08,8,4510,5.0,2026-08-16
2026-08-09,8,3826,4.5,2026-08-16
2026-08-10,8,4749,5.5,2026-08-16
2026-08-11,8,5090,5.5,2026-08-16
2026-08-12,8,5190,5.5,2026-08-16
2026-08-13,8,5075,5.5,2026-08-16
2026-08-14,8,4586,5.5,2026-08-16
2026-08-15,8,4069,5.0,2026-08-16
2026-08-16,8,3563,4.5,2026-08-16
2026-08-17,8,4512,5.5,2026-08-16
2026-08-18,8,4790,5.5,2026-08-16
2026-08-19,8,4824,5.5,2026-08-16
2026-08-20,8,4704,5.5,2026-08-16
2026-08-21,8,4331,5.0,2026-08-16
2026-08-22,8,4234,5.0,2026-08-16
2026-08-23,8,3867,4.5,2026-08-16
2026-08-24,8,4731,5.5,2026-08-16
2026-08-25,8,4845,5.5,2026-08-16
2026-08-26,8,4788,5.5,2026-08-16
2026-08-27,8,4663,5.0,2026-08-16
2026-08-28,8,4439,5.5,2026-08-16
2026-08-29,8,4388,5.0,2026-08-16
2026-08-30,8,3877,4.5,2026-08-16
2026-08-31,8,4712,5.5,2026-08-16
2026-09-01,8,4873,5.5,2026-08-16
2026-09-02,8,4835,5.5,2026-08-16
2026-09-03,8,4695,5.5,2026-08-16
2026-09-04,8,4269,5.5,2026-08-16
2026-09-05,8,4147,5.0,2026-08-16
2026-09-06,8,3662,4.5,2026-08-16
2026-09-07,8,4626,5.5,2026-08-16
2026-09-08,8,4920,5.5,2026-08-16
2026-09-09,8,4972,5.5,2026-08-16
2026-09-10,8,4882,5.5,2026-08-16
2026-09-11,8,4441,5.5,2026-08-16
2026-09-12,8,4291,5.0,2026-08-16
2026-09-13,8,3735,4.5,2026-08-16
2026-09-14,8,4687,5.5,2026-08-16
2026-09-15,8,4958,5.5,2026-08-16
2026-09-16,8,4988,5.5,2026-08-16
2026-09-17,8,4907,5.5,2026-08-16
2026-09-18,8,4486,5.5,2026-08-16
2026-09-19,8,4334,5.0,2026-08-16
2026-09-20,8,3758,4.5,2026-08-16
2026-09-21,8,4708,5.5,2026-08-16
2026-09-22,8,4971,5.5,2026-08-16
2026-09-23,8,5001,5.5,2026-08-16
2026-09-24,8,4894,5.5,2026-08-16
2026-09-25,8,4429,5.5,2026-08-16
2026-09-26,8,4269,5.0,2026-08-16
2026-09-27,8,3701,4.5,2026-08-16
2026-09-28,8,4666,5.5,2026-08-16
2026-09-29,8,4946,5.5,2026-08-16
2026-09-30,8,4984,5.5,2026-08-16
2026-10-01,8,4873,5.5,2026-08-16
2026-10-02,8,4374,5.5,2026-08-16
2026-10-03,8,4169,5.0,2026-08-16
2026-10-04,8,3572,4.5,2026-08-16
2026-10-05,8,4595,5.5,2026-08-16
2026-10-06,8,4901,5.5,2026-08-16
2026-10-07,8,4947,5.5,2026-08-16
2026-10-08,8,4873,5.5,2026-08-16
2026-10-09,8,4400,5.5,2026-08-16
2026-10-10,8,4201,5.5,2026-08-16
2026-10-11,8,3609,4.5,2026-08-16
2026-10-12,8,4655,5.5,2026-08-16
2026-07-15,9,11,1.0,2026-08-16
2026-07-16,9,13,1.0,2026-08-16
2026-07-17,9,18,1.0,2026-08-16
2026-07-18,9,20,1.0,2026-08-16
2026-07-19,9,21,1.0,2026-08-16
2026-07-20,9,16,1.0,2026-08-16
2026-07-21,9,14,1.0,2026-08-16
2026-07-22,9,13,1.0,2026-08-16
2026-07-23,9,16,1.0,2026-08-16
2026-07-24,9,23,1.0,2026-08-16
2026-07-25,9,25,1.0,2026-08-16
2026-07-26,9,26,1.0,2026-08-16
2026-07-27,9,22,1.0,2026-08-16
2026-07-28,9,20,1.0,2026-08-16
2026-07-29,9,19,1.0,2026-08-16
2026-07-30,9,22,1.0,2026-08-16
2026-07-31,9,13,1.0,2026-08-16
2026-08-01,9,13,1.0,2026-08-16
2026-08-02,9,13,1.0,2026-08-16
2026-08-03,9,12,1.0,2026-08-16
2026-08-04,9,11,1.0,2026-08-16
2026-08-05,9,11,1.0,2026-08-16
2026-08-06,9,12,1.0,2026-08-16
2026-08-07,9,14,1.0,2026-08-16
2026-08-08,9,17,1.0,2026-08-16
2026-08-09,9,18,1.0,2026-08-16
2026-08-10,9,17,1.0,2026-08-16
2026-08-11,9,16,1.0,2026-08-16
2026-08-12,9,15,1.0,2026-08-16
2026-08-13,9,16,1.0,2026-08-16
2026-08-14,9,22,1.0,2026-08-16
2026-08-15,9,17,1.0,2026-08-16
2026-08-16,9,16,1.0,2026-08-16
2026-08-17,9,14,1.0,2026-08-16
2026-08-18,9,13,1.0,2026-08-16
2026-08-19,9,12,1.0,2026-08-16
2026-08-20,9,13,1.0,2026-08-16
2026-08-21,9,11,1.0,2026-08-16
2026-08-22,9,10,1.0,2026-08-16
2026-08-23,9,10,1.0,2026-08-16
2026-08-24,9,10,1.0,2026-08-16
2026-08-25,9,10,1.0,2026-08-16
2026-08-26,9,9,1.0,2026-08-16
2026-08-27,9,8,1.0,2026-08-16
2026-08-28,9,8,1.0,2026-08-16
2026-08-29,9,9,1.0,2026-08-16
2026-08-30,9,11,1.0,2026-08-16
2026-08-31,9,11,1.0,2026-08-16
2026-09-01,9,11,1.0,2026-08-16
2026-09-02,9,10,1.0,2026-08-16
2026-09-03,9,11,1.0,2026-08-16
2026-09-04,9,14,1.0,2026-08-16
2026-09-05,9,17,1.0,2026-08-16
2026-09-06,9,19,1.0,2026-08-16
2026-09-07,9,18,1.0,2026-08-16
2026-09-08,9,18,1.0,2026-08-16
2026-09-09,9,17,1.0,2026-08-16
2026-09-10,9,19,1.0,2026-08-16
2026-09-11,9,21,1.0,2026-08-16
2026-09-12,9,24,1.0,2026-08-16
2026-09-13,9,25,1.0,2026-08-16
2026-09-14,9,23,1.0,2026-08-16
2026-09-15,9,22,1.0,2026-08-16
2026-09-16,9,21,1.0,2026-08-16
2026-09-17,9,22,1.0,2026-08-16
2026-09-18,9,27,1.0,2026-08-16
2026-09-19,9,30,1.0,2026-08-16
2026-09-20,9,31,1.0,2026-08-16
2026-09-21,9,26,1.0,2026-08-16
2026-09-22,9,25,1.0,2026-08-16
2026-09-23,9,24,1.0,2026-08-16
2026-09-24,9,27,1.0,2026-08-16
2026-09-25,9,33,1.0,2026-08-16
2026-09-26,9,36,1.0,2026-08-16
2026-09-27,9,37,1.0,2026-08-16
2026-09-28,9,33,1.0,2026-08-16
2026-09-29,9,32,1.0,2026-08-16
2026-09-30,9,31,1.0,2026-08-16
2026-10-01,9,34,1.0,2026-08-16
2026-10-02,9,40,1.0,2026-08-16
2026-10-03,9,42,1.0,2026-08-16
2026-10-04,9,43,1.0,2026-08-16
2026-10-05,9,37,1.0,2026-08-16
2026-10-06,9,35,1.0,2026-08-16
2026-10-07,9,34,1.0,2026-08-16
2026-10-08,9,35,1.0,2026-08-16
2026-10-09,9,41,1.0,2026-08-16
2026-10-10,9,42,1.0,2026-08-16
2026-10-11,9,43,1.0,2026-08-16
2026-10-12,9,38,1.0,2026-08-16
2026-07-15,95,2784,3.0,2026-08-16
2026-07-16,95,2708,3.0,2026-08-16
2026-07-17,95,2730,3.0,2026-08-16
2026-07-18,95,2949,3.0,2026-08-16
2026-07-19,95,3298,3.0,2026-08-16
2026-07-20,95,3238,3.0,2026-08-16
2026-07-21,95,3046,3.0,2026-08-16
2026-07-22,95,2933,3.0,2026-08-16
2026-07-23,95,2828,3.0,2026-08-16
2026-07-24,95,2830,3.0,2026-08-16
2026-07-25,95,3038,3.0,2026-08-16
2026-07-26,95,3374,3.0,2026-08-16
2026-07-27,95,3298,3.0,2026-08-16
2026-07-28,95,3091,3.0,2026-08-16
2026-07-29,95,2969,3.0,2026-08-16
2026-07-30,95,2855,3.0,2026-08-16
2026-07-31,95,2877,3.0,2026-08-16
2026-08-01,95,3049,3.0,2026-08-16
2026-08-02,95,3344,3.0,2026-08-16
2026-08-03,95,3237,3.0,2026-08-16
2026-08-04,95,3012,3.0,2026-08-16
2026-08-05,95,2870,3.0,2026-08-16
2026-08-06,95,2740,3.0,2026-08-16
2026-08-07,95,2716,3.0,2026-08-16
2026-08-08,95,2900,3.0,2026-08-16
2026-08-09,95,3207,3.0,2026-08-16
2026-08-10,95,3115,3.0,2026-08-16
2026-08-11,95,2892,3.0,2026-08-16
2026-08-12,95,2747,3.0,2026-08-16
2026-08-13,95,2613,3.0,2026-08-16
2026-08-14,95,2583,3.0,2026-08-16
2026-08-15,95,2647,3.0,2026-08-16
2026-08-16,95,2888,3.0,2026-08-16
2026-08-17,95,2791,3.0,2026-08-16
2026-08-18,95,2585,3.0,2026-08-16
2026-08-19,95,2449,3.0,2026-08-16
2026-08-20,95,2323,3.0,2026-08-16
2026-08-21,95,2334,3.0,2026-08-16
2026-08-22,95,2376,3.0,2026-08-16
2026-08-23,95,2584,3.0,2026-08-16
2026-08-24,95,2484,3.0,2026-08-16
2026-08-25,95,2283,2.5,2026-08-16
2026-08-26,95,2147,2.5,2026-08-16
2026-08-27,95,2138,2.5,2026-08-16
2026-08-28,95,2116,2.5,2026-08-16
2026-08-29,95,2270,2.5,2026-08-16
2026-08-30,95,2522,2.5,2026-08-16
2026-08-31,95,2427,2.5,2026-08-16
2026-09-01,95,2215,2.5,2026-08-16
2026-09-02,95,2049,2.5,2026-08-16
2026-09-03,95,1894,2.5,2026-08-16
2026-09-04,95,1835,2.5,2026-08-16
2026-09-05,95,1972,2.5,2026-08-16
2026-09-06,95,2207,2.5,2026-08-16
2026-09-07,95,2118,2.5,2026-08-16
2026-09-08,95,1914,2.5,2026-08-16
2026-09-09,95,1759,2.5,2026-08-16
2026-09-10,95,1619,2.5,2026-08-16
2026-09-11,95,1574,2.5,2026-08-16
2026-09-12,95,1724,2.5,2026-08-16
2026-09-13,95,1966,2.5,2026-08-16
2026-09-14,95,1898,2.5,2026-08-16
2026-09-15,95,1715,2.5,2026-08-16
2026-09-16,95,1575,2.5,2026-08-16
2026-09-17,95,1460,2.0,2026-08-16
2026-09-18,95,1448,2.5,2026-08-16
2026-09-19,95,1585,2.5,2026-08-16
2026-09-20,95,1832,2.5,2026-08-16
2026-09-21,95,1777,2.0,2026-08-16
2026-09-22,95,1605,2.0,2026-08-16
2026-09-23,95,1475,2.0,2026-08-16
2026-09-24,95,1386,2.0,2026-08-16
2026-09-25,95,1388,2.0,2026-08-16
2026-09-26,95,1498,2.0,2026-08-16
2026-09-27,95,1748,2.0,2026-08-16
2026-09-28,95,1701,2.0,2026-08-16
2026-09-29,95,1537,2.0,2026-08-16
2026-09-30,95,1417,2.0,2026-08-16
2026-10-01,95,1343,2.0,2026-08-16
2026-10-02,95,1349,2.0,2026-08-16
2026-10-03,95,1413,2.0,2026-08-16
2026-10-04,95,1610,2.0,2026-08-16
2026-10-05,95,1536,2.0,2026-08-16
2026-10-06,95,1404,2.0,2026-08-16
2026-10-07,95,1376,2.0,2026-08-16
2026-10-08,95,1354,2.0,2026-08-16
2026-10-09,95,1370,2.0,2026-08-16
2026-10-10,95,1440,2.0,2026-08-16
2026-10-11,95,1542,2.0,2026-08-16
2026-10-12,95,1507,2.0,2026-08-16
2026-07-15,97,8110,8.5,2026-08-16
2026-07-16,97,8359,8.0,2026-08-16
2026-07-17,97,7103,8.0,2026-08-16
2026-07-18,97,7742,8.0,2026-08-16
2026-07-19,97,8833,8.0,2026-08-16
2026-07-20,97,8145,8.0,2026-08-16
2026-07-21,97,8179,8.5,2026-08-16
2026-07-22,97,7565,8.5,2026-08-16
2026-07-23,97,7825,8.0,2026-08-16
2026-07-24,97,6679,8.0,2026-08-16
2026-07-25,97,7225,8.0,2026-08-16
2026-07-26,97,8191,8.0,2026-08-16
2026-07-27,97,7770,8.0,2026-08-16
2026-07-28,97,7849,8.0,2026-08-16
2026-07-29,97,7273,8.0,2026-08-16
2026-07-30,97,7480,8.0,2026-08-16
2026-07-31,97,7108,8.0,2026-08-16
2026-08-01,97,7542,8.0,2026-08-16
2026-08-02,97,8692,8.0,2026-08-16
2026-08-03,97,8736,8.0,2026-08-16
2026-08-04,97,8773,8.0,2026-08-16
2026-08-05,97,8144,8.0,2026-08-16
2026-08-06,97,8245,8.0,2026-08-16
2026-08-07,97,7022,8.0,2026-08-16
2026-08-08,97,7224,8.0,2026-08-16
2026-08-09,97,7884,8.0,2026-08-16
2026-08-10,97,7668,8.0,2026-08-16
2026-08-11,97,7620,8.0,2026-08-16
2026-08-12,97,7004,8.0,2026-08-16
2026-08-13,97,7044,8.0,2026-08-16
2026-08-14,97,5966,8.0,2026-08-16
2026-08-15,97,5938,7.5,2026-08-16
2026-08-16,97,6101,7.5,2026-08-16
2026-08-17,97,6981,7.5,2026-08-16
2026-08-18,97,7052,8.0,2026-08-16
2026-08-19,97,6650,8.0,2026-08-16
2026-08-20,97,6728,8.0,2026-08-16
2026-08-21,97,6920,7.5,2026-08-16
2026-08-22,97,7296,7.5,2026-08-16
2026-08-23,97,7294,7.5,2026-08-16
2026-08-24,97,7981,8.0,2026-08-16
2026-08-25,97,7824,8.0,2026-08-16
2026-08-26,97,7274,8.0,2026-08-16
2026-08-27,97,7700,8.0,2026-08-16
2026-08-28,97,6903,8.0,2026-08-16
2026-08-29,97,6680,8.0,2026-08-16
2026-08-30,97,6805,8.0,2026-08-16
2026-08-31,97,7252,8.0,2026-08-16
2026-09-01,97,7174,8.5,2026-08-16
2026-09-02,97,6641,8.5,2026-08-16
2026-09-03,97,6669,8.0,2026-08-16
2026-09-04,97,5935,8.0,2026-08-16
2026-09-05,97,5723,8.0,2026-08-16
2026-09-06,97,5810,8.0,2026-08-16
2026-09-07,97,6624,8.0,2026-08-16
2026-09-08,97,6764,8.0,2026-08-16
2026-09-09,97,6452,8.0,2026-08-16
2026-09-10,97,6615,8.0,2026-08-16
2026-09-11,97,6066,7.5,2026-08-16
2026-09-12,97,5910,7.5,2026-08-16
2026-09-13,97,5987,7.5,2026-08-16
2026-09-14,97,6837,7.5,2026-08-16
2026-09-15,97,6951,8.0,2026-08-16
2026-09-16,97,6629,8.0,2026-08-16
2026-09-17,97,6806,7.5,2026-08-16
2026-09-18,97,6237,7.5,2026-08-16
2026-09-19,97,6090,7.5,2026-08-16
2026-09-20,97,6184,7.5,2026-08-16
2026-09-21,97,6906,7.5,2026-08-16
2026-09-22,97,6963,8.0,2026-08-16
2026-09-23,97,6614,8.0,2026-08-16
2026-09-24,97,6768,8.0,2026-08-16
2026-09-25,97,6206,7.5,2026-08-16
2026-09-26,97,6123,7.5,2026-08-16
2026-09-27,97,6287,7.5,2026-08-16
2026-09-28,97,6982,7.5,2026-08-16
2026-09-29,97,7049,8.0,2026-08-16
2026-09-30,97,6695,8.0,2026-08-16
2026-10-01,97,6842,8.0,2026-08-16
2026-10-02,97,6196,7.5,2026-08-16
2026-10-03,97,5966,7.5,2026-08-16
2026-10-04,97,5959,7.5,2026-08-16
2026-10-05,97,6768,7.5,2026-08-16
2026-10-06,97,6800,8.0,2026-08-16
2026-10-07,97,6460,8.0,2026-08-16
2026-10-08,97,6625,8.0,2026-08-16
2026-10-09,97,6212,7.5,2026-08-16
2026-10-10,97,6100,7.5,2026-08-16
2026-10-11,97,6201,7.5,2026-08-16
2026-10-12,97,7116,7.5,2026-08-16
2026-07-15,98,6284,6.5,2026-08-16
2026-07-16,98,6394,6.5,2026-08-16
2026-07-17,98,6059,6.5,2026-08-16
2026-07-18,98,5779,6.5,2026-08-16
2026-07-19,98,4244,4.5,2026-08-16
2026-07-20,98,6238,6.5,2026-08-16
2026-07-21,98,6301,6.5,2026-08-16
2026-07-22,98,6067,6.5,2026-08-16
2026-07-23,98,6198,6.5,2026-08-16
2026-07-24,98,5852,6.5,2026-08-16
2026-07-25,98,5559,6.5,2026-08-16
2026-07-26,98,4068,4.5,2026-08-16
2026-07-27,98,6068,6.5,2026-08-16
2026-07-28,98,6145,6.5,2026-08-16
2026-07-29,98,5941,6.5,2026-08-16
2026-07-30,98,6069,6.5,2026-08-16
2026-07-31,98,5870,6.0,2026-08-16
2026-08-01,98,5985,7.0,2026-08-16
2026-08-02,98,4545,5.0,2026-08-16
2026-08-03,98,6626,6.5,2026-08-16
2026-08-04,98,6564,6.5,2026-08-16
2026-08-05,98,6314,6.5,2026-08-16
2026-08-06,98,6411,7.0,2026-08-16
2026-08-07,98,6065,6.5,2026-08-16
2026-08-08,98,5762,6.5,2026-08-16
2026-08-09,98,4246,4.5,2026-08-16
2026-08-10,98,6243,6.5,2026-08-16
2026-08-11,98,6264,6.5,2026-08-16
2026-08-12,98,6017,6.5,2026-08-16
2026-08-13,98,6167,6.5,2026-08-16
2026-08-14,98,5864,6.5,2026-08-16
2026-08-15,98,5553,6.0,2026-08-16
2026-08-16,98,4443,5.0,2026-08-16
2026-08-17,98,6605,6.5,2026-08-16
2026-08-18,98,6564,6.5,2026-08-16
2026-08-19,98,6301,6.5,2026-08-16
2026-08-20,98,6405,7.0,2026-08-16
2026-08-21,98,6181,6.0,2026-08-16
2026-08-22,98,6309,6.0,2026-08-16
2026-08-23,98,5128,5.5,2026-08-16
2026-08-24,98,7315,6.5,2026-08-16
2026-08-25,98,7115,7.0,2026-08-16
2026-08-26,98,6748,6.5,2026-08-16
2026-08-27,98,6677,6.0,2026-08-16
2026-08-28,98,6643,7.0,2026-08-16
2026-08-29,98,6426,7.0,2026-08-16
2026-08-30,98,4809,5.0,2026-08-16
2026-08-31,98,6954,6.5,2026-08-16
2026-09-01,98,6835,6.5,2026-08-16
2026-09-02,98,6494,6.5,2026-08-16
2026-09-03,98,6593,6.5,2026-08-16
2026-09-04,98,6226,6.5,2026-08-16
2026-09-05,98,5902,6.5,2026-08-16
2026-09-06,98,4284,4.5,2026-08-16
2026-09-07,98,6359,6.5,2026-08-16
2026-09-08,98,6352,6.5,2026-08-16
2026-09-09,98,6092,6.5,2026-08-16
2026-09-10,98,6217,6.5,2026-08-16
2026-09-11,98,5868,6.5,2026-08-16
2026-09-12,98,5548,6.5,2026-08-16
2026-09-13,98,4057,4.5,2026-08-16
2026-09-14,98,6042,6.5,2026-08-16
2026-09-15,98,6089,6.5,2026-08-16
2026-09-16,98,5857,6.5,2026-08-16
2026-09-17,98,6035,6.5,2026-08-16
2026-09-18,98,5705,6.5,2026-08-16
2026-09-19,98,5371,6.5,2026-08-16
2026-09-20,98,3915,4.5,2026-08-16
2026-09-21,98,5837,6.0,2026-08-16
2026-09-22,98,5928,6.5,2026-08-16
2026-09-23,98,5723,6.5,2026-08-16
2026-09-24,98,5854,6.5,2026-08-16
2026-09-25,98,5519,6.5,2026-08-16
2026-09-26,98,5239,6.5,2026-08-16
2026-09-27,98,3826,4.5,2026-08-16
2026-09-28,98,5739,6.0,2026-08-16
2026-09-29,98,5849,6.5,2026-08-16
2026-09-30,98,5668,6.5,2026-08-16
2026-10-01,98,5796,6.5,2026-08-16
2026-10-02,98,5459,6.5,2026-08-16
2026-10-03,98,5147,6.5,2026-08-16
2026-10-04,98,3740,4.5,2026-08-16
2026-10-05,98,5669,6.0,2026-08-16
2026-10-06,98,5804,6.5,2026-08-16
2026-10-07,98,5626,6.5,2026-08-16
2026-10-08,98,5769,6.5,2026-08-16
2026-10-09,98,5463,6.5,2026-08-16
2026-10-10,98,5181,6.5,2026-08-16
2026-10-11,98,3781,4.5,2026-08-16
2026-10-12,98,5782,6.0,2026-08-16
2026-07-15,99,73,1.0,2026-08-16
2026-07-16,99,60,1.0,2026-08-16
2026-07-17,99,55,1.0,2026-08-16
2026-07-18,99,59,1.0,2026-08-16
2026-07-19,99,96,1.0,2026-08-16
2026-07-20,99,128,1.0,2026-08-16
2026-07-21,99,113,1.0,2026-08-16
2026-07-22,99,98,1.0,2026-08-16
2026-07-23,99,65,1.0,2026-08-16
2026-07-24,99,59,1.0,2026-08-16
2026-07-25,99,93,1.0,2026-08-16
2026-07-26,99,186,1.0,2026-08-16
2026-07-27,99,217,1.0,2026-08-16
2026-07-28,99,191,1.0,2026-08-16
2026-07-29,99,165,1.0,2026-08-16
2026-07-30,99,121,1.0,2026-08-16
2026-07-31,99,172,1.0,2026-08-16
2026-08-01,99,209,1.0,2026-08-16
2026-08-02,99,279,1.0,2026-08-16
2026-08-03,99,286,1.0,2026-08-16
2026-08-04,99,241,1.0,2026-08-16
2026-08-05,99,209,1.0,2026-08-16
2026-08-06,99,161,1.0,2026-08-16
2026-08-07,99,146,1.0,2026-08-16
2026-08-08,99,198,1.0,2026-08-16
2026-08-09,99,307,1.0,2026-08-16
2026-08-10,99,349,1.0,2026-08-16
2026-08-11,99,326,1.0,2026-08-16
2026-08-12,99,305,1.0,2026-08-16
2026-08-13,99,269,1.0,2026-08-16
2026-08-14,99,257,1.0,2026-08-16
2026-08-15,99,366,1.0,2026-08-16
2026-08-16,99,483,1.0,2026-08-16
2026-08-17,99,514,1.0,2026-08-16
2026-08-18,99,474,1.0,2026-08-16
2026-08-19,99,438,1.0,2026-08-16
2026-08-20,99,388,1.0,2026-08-16
2026-08-21,99,446,1.0,2026-08-16
2026-08-22,99,524,1.0,2026-08-16
2026-08-23,99,578,1.0,2026-08-16
2026-08-24,99,546,1.0,2026-08-16
2026-08-25,99,446,1.0,2026-08-16
2026-08-26,99,356,1.0,2026-08-16
2026-08-27,99,363,1.0,2026-08-16
2026-08-28,99,298,1.0,2026-08-16
2026-08-29,99,287,1.0,2026-08-16
2026-08-30,99,334,1.0,2026-08-16
2026-08-31,99,321,1.0,2026-08-16
2026-09-01,99,249,1.0,2026-08-16
2026-09-02,99,184,1.0,2026-08-16
2026-09-03,99,130,1.0,2026-08-16
2026-09-04,99,93,1.0,2026-08-16
2026-09-05,99,92,1.0,2026-08-16
2026-09-06,99,124,1.0,2026-08-16
2026-09-07,99,118,1.0,2026-08-16
2026-09-08,99,81,1.0,2026-08-16
2026-09-09,99,41,1.0,2026-08-16
2026-09-10,99,38,1.0,2026-08-16
2026-09-11,99,32,1.0,2026-08-16
2026-09-12,99,30,1.0,2026-08-16
2026-09-13,99,30,1.0,2026-08-16
2026-09-14,99,30,1.0,2026-08-16
2026-09-15,99,30,1.0,2026-08-16
2026-09-16,99,28,1.0,2026-08-16
2026-09-17,99,26,1.0,2026-08-16
2026-09-18,99,23,1.0,2026-08-16
2026-09-19,99,22,1.0,2026-08-16
2026-09-20,99,23,1.0,2026-08-16
2026-09-21,99,24,1.0,2026-08-16
2026-09-22,99,25,1.0,2026-08-16
2026-09-23,99,24,1.0,2026-08-16
2026-09-24,99,22,1.0,2026-08-16
2026-09-25,99,20,1.0,2026-08-16
2026-09-26,99,21,1.0,2026-08-16
2026-09-27,99,22,1.0,2026-08-16
2026-09-28,99,24,1.0,2026-08-16
2026-09-29,99,25,1.0,2026-08-16
2026-09-30,99,25,1.0,2026-08-16
2026-10-01,99,23,1.0,2026-08-16
2026-10-02,99,21,1.0,2026-08-16
2026-10-03,99,21,1.0,2026-08-16
2026-10-04,99,22,1.0,2026-08-16
2026-10-05,99,23,1.0,2026-08-16
2026-10-06,99,23,1.0,2026-08-16
2026-10-07,99,22,1.0,2026-08-16
2026-10-08,99,20,1.0,2026-08-16
2026-10-09,99,18,1.0,2026-08-16
2026-10-10,99,18,1.0,2026-08-16
2026-10-11,99,19,1.0,2026-08-16
2026-10-12,99,20,1.0,2026-08-16
2026-07-15,AE,90,3.0,2026-08-16
2026-07-16,AE,91,3.0,2026-08-16
2026-07-17,AE,90,3.0,2026-08-16
2026-07-18,AE,91,3.0,2026-08-16
2026-07-19,AE,92,3.0,2026-08-16
2026-07-20,AE,94,3.0,2026-08-16
2026-07-21,AE,93,3.0,2026-08-16
2026-07-22,AE,93,3.0,2026-08-16
2026-07-23,AE,94,3.0,2026-08-16
2026-07-24,AE,95,3.0,2026-08-16
2026-07-25,AE,95,3.0,2026-08-16
2026-07-26,AE,97,3.0,2026-08-16
2026-07-27,AE,99,3.0,2026-08-16
2026-07-28,AE,98,3.0,2026-08-16
2026-07-29,AE,97,3.0,2026-08-16
2026-07-30,AE,98,3.0,2026-08-16
2026-07-31,AE,100,3.0,2026-08-16
2026-08-01,AE,101,3.0,2026-08-16
2026-08-02,AE,104,3.0,2026-08-16
2026-08-03,AE,105,3.0,2026-08-16
2026-08-04,AE,104,3.0,2026-08-16
2026-08-05,AE,103,3.0,2026-08-16
2026-08-06,AE,104,3.0,2026-08-16
2026-08-07,AE,105,3.0,2026-08-16
2026-08-08,AE,105,3.0,2026-08-16
2026-08-09,AE,107,3.0,2026-08-16
2026-08-10,AE,109,3.0,2026-08-16
2026-08-11,AE,108,3.0,2026-08-16
2026-08-12,AE,108,3.0,2026-08-16
2026-08-13,AE,109,3.0,2026-08-16
2026-08-14,AE,109,3.0,2026-08-16
2026-08-15,AE,110,3.0,2026-08-16
2026-08-16,AE,112,3.0,2026-08-16
2026-08-17,AE,113,3.0,2026-08-16
2026-08-18,AE,111,3.0,2026-08-16
2026-08-19,AE,110,3.0,2026-08-16
2026-08-20,AE,111,3.0,2026-08-16
2026-08-21,AE,112,3.0,2026-08-16
2026-08-22,AE,113,3.0,2026-08-16
2026-08-23,AE,115,3.0,2026-08-16
2026-08-24,AE,116,3.0,2026-08-16
2026-08-25,AE,115,3.0,2026-08-16
2026-08-26,AE,113,3.0,2026-08-16
2026-08-27,AE,115,3.0,2026-08-16
2026-08-28,AE,116,3.0,2026-08-16
2026-08-29,AE,117,3.0,2026-08-16
2026-08-30,AE,119,3.0,2026-08-16
2026-08-31,AE,121,3.0,2026-08-16
2026-09-01,AE,120,3.0,2026-08-16
2026-09-02,AE,120,3.0,2026-08-16
2026-09-03,AE,123,3.0,2026-08-16
2026-09-04,AE,125,3.0,2026-08-16
2026-09-05,AE,127,3.0,2026-08-16
2026-09-06,AE,130,3.0,2026-08-16
2026-09-07,AE,132,3.0,2026-08-16
2026-09-08,AE,132,3.0,2026-08-16
2026-09-09,AE,132,3.0,2026-08-16
2026-09-10,AE,134,3.0,2026-08-16
2026-09-11,AE,135,3.0,2026-08-16
2026-09-12,AE,137,3.0,2026-08-16
2026-09-13,AE,139,3.0,2026-08-16
2026-09-14,AE,141,3.0,2026-08-16
2026-09-15,AE,140,3.0,2026-08-16
2026-09-16,AE,139,3.0,2026-08-16
2026-09-17,AE,141,3.0,2026-08-16
2026-09-18,AE,142,3.0,2026-08-16
2026-09-19,AE,142,3.0,2026-08-16
2026-09-20,AE,144,3.0,2026-08-16
2026-09-21,AE,145,3.0,2026-08-16
2026-09-22,AE,144,3.0,2026-08-16
2026-09-23,AE,143,3.0,2026-08-16
2026-09-24,AE,145,3.0,2026-08-16
2026-09-25,AE,145,3.0,2026-08-16
2026-09-26,AE,146,3.0,2026-08-16
2026-09-27,AE,148,3.0,2026-08-16
2026-09-28,AE,148,3.0,2026-08-16
2026-09-29,AE,147,3.0,2026-08-16
2026-09-30,AE,145,3.0,2026-08-16
2026-10-01,AE,146,3.0,2026-08-16
2026-10-02,AE,147,3.0,2026-08-16
2026-10-03,AE,148,3.0,2026-08-16
2026-10-04,AE,151,3.0,2026-08-16
2026-10-05,AE,153,3.0,2026-08-16
2026-10-06,AE,153,3.0,2026-08-16
2026-10-07,AE,152,3.0,2026-08-16
2026-10-08,AE,155,3.0,2026-08-16
2026-10-09,AE,157,3.0,2026-08-16
2026-10-10,AE,159,3.0,2026-08-16
2026-10-11,AE,161,3.0,2026-08-16
2026-10-12,AE,163,3.0,2026-08-16
